Effect ID,Review ID,Screening ID,Master tier,Evidence domain,Outcome family,Review title,Population/fenotype,Intervention,Comparator,Outcome,Horizon,Unit,Studies/N,Effect measure,Estimate,95% CI,p value,I²/heterogeneity,Direction/interpretation,Exact PDF page,Validity caveat,Master AMSTAR 2,Master ROBIS,Final analysis disposition,Final source-verification status,Pooling restriction,review_screening,review_tier,review_title,formal_unit,review_amstar,review_robis,estimate_numeric,ci_lower,ci_upper,comparative_measure,forest_ready_direct,forest_missing_ci,ci_contains_estimate,phenotype_code,comparison_id,outcome_code,horizon_code,unit_code,measure_code,analysis_role,comparison_orientation,orientation_provenance,outcome_benefit_multiplier,evidence_cell_id,forest_panel_id,mapping_confidence,manual_review_flag,comparison_text_mismatch,phenotype_provenance,comparison_provenance,outcome_provenance,horizon_provenance,unit_provenance,measure_provenance,mapping_note,ci_lower_numeric,ci_upper_numeric,ratio_measure,continuous_measure,ci_parse_valid,log_effect,canonical_log_effect,benefit_axis_log_effect,comparison_authorized,canonical_outcome,forest_candidate,evidence_cell_id_rebuilt,forest_panel_id_rebuilt,use_status_source,correction_derived_source,master_audit_note_source,analysis_type_source,source_statement_source,calculated_derived_source,source_verification_source,manuscript_ready_source,source_verification,analysis_type,manuscript_ready,source_statement,use_status,master_audit_note,studies_n,exact_pdf_page,validity_caveat,inference_action,duplicate_of,intervention_analysis,comparator_analysis,anchor_eligible,corroborator_eligible,refinement_reason,ratio_positive_for_log,base_forest_criteria,forest_final_eligible,manuscript_analysis_eligible,effect_stage,phenotype_label,comparison_label,outcome_label,horizon_label,unit_label,measure_label,final_manual_review_flag,final_comparison_text_mismatch,final_source_adjudication_status,publication_qc_note,publication_population_note,source_estimate_numeric,source_ci_lower_numeric,source_ci_upper_numeric,display_intervention,display_comparator,display_estimate,display_ci_lower,display_ci_upper,canonical_effect_scale,canonical_ci_a,canonical_ci_b,benefit_axis_effect,benefit_ci_a,benefit_ci_b,benefit_ci_lower_final,benefit_ci_upper_final,publication_conclusion_class,publication_precision_class,canonical_effect_text,source_effect_text,display_orientation_changed
E0001,R003,MOY-0187,Tier 1 — Core formal synthesis,Angiography/hemodynamics/monitoring,Other,Ultrasonographic assessment of bypass capacity after revascularization surgery in moyamoya disease: a systematic review and single-arm meta-analysis,Post-revascularization MMD patients; mixed ages and direct/indirect/combined procedures.,Ultrasonographic surveillance of STA/bypass capacity after revascularization.,"Time points, high- versus low-capacity bypass, and/or angiographic reference standards.",High bypass capacity,postoperative follow-up,hemisphere,Studies: 8; patients: 264,proportion/count,180/301 hemispheres,NR,NR,NR,Descriptive; high-capacity bypass in 180 operated hemispheres,[MESCLADO 1 p. 25],"Cannot equate higher Doppler flow or patency with fewer strokes without validated linkage. Noninvasive repeatability versus heterogeneous thresholds, timing and reference standards.",Low,High,Core clinical-surgical evidence table,Previously curated in consolidated extraction; denominator audit retained,"Do not pool across age, MMD/MMS, presentation, early/late horizon or patient/hemisphere/procedure units unless explicitly harmonized.",MOY-0187,Tier 1 — Core formal synthesis,Ultrasonographic assessment of bypass capacity after revascularization surgery in moyamoya disease: a systematic review and single-arm meta-analysis,Yes,Low,High,,,,FALSE,FALSE,FALSE,,MIXED_UNSEP,C00,O11,T4,U02,EM_PROPORTION,SURROGATE_DESCRIPTIVE,0,not_orientable,1,MIXED_UNSEP|C00|O11|T4|U02,MIXED_UNSEP|C00|O11|T4|U02|EM_PROPORTION,Moderate,TRUE,FALSE,review_profile,no_authorized_comparison,keyword,mixed_or_unspecified_followup,exact,proportion,C00 and O99 are operational noninferential codes and do not create new SAP comparisons/outcomes.,,,FALSE,FALSE,FALSE,,,,FALSE,TRUE,FALSE,MIXED_UNSEP|C00|O11|T4|U02,MIXED_UNSEP|C00|O11|T4|U02|EM_PROPORTION,Curated extraction — eligible after final denominator check,No,,Single-arm meta-analysis,180 demonstrating high bypass capacity,No,Previously curated in consolidated extraction; denominator audit retained,Yes,Previously curated in consolidated extraction; denominator audit retained,Single-arm meta-analysis,Yes,180 demonstrating high bypass capacity,Curated extraction — eligible after final denominator check,,Studies: 8; patients: 264,[MESCLADO 1 p. 25],"Cannot equate higher Doppler flow or patency with fewer strokes without validated linkage. Noninvasive repeatability versus heterogeneous thresholds, timing and reference standards.",retain,,Ultrasonographic surveillance of STA/bypass capacity after revascularization.,"Time points, high- versus low-capacity bypass, and/or angiographic reference standards.",TRUE,TRUE,,TRUE,FALSE,FALSE,TRUE,Technical,Mixed/unseparated,No formal comparison,Bypass patency/capacity,Mixed/unspecified follow-up,Hemisphere,Proportion,TRUE,FALSE,NOT_REQUIRED_AFTER_INITIAL_HARMONIZATION,,,,,,Ultrasonographic surveillance of STA/bypass capacity after revascularization.,"Time points, high- versus low-capacity bypass, and/or angiographic reference standards.",,,,,,,,,,,,Direction not prespecified,Not orientable,NR,NR,FALSE
E0002,R003,MOY-0187,Tier 1 — Core formal synthesis,Angiography/hemodynamics/monitoring,Other,Ultrasonographic assessment of bypass capacity after revascularization surgery in moyamoya disease: a systematic review and single-arm meta-analysis,Post-revascularization MMD patients; mixed ages and direct/indirect/combined procedures.,Ultrasonographic surveillance of STA/bypass capacity after revascularization.,"Time points, high- versus low-capacity bypass, and/or angiographic reference standards.",Early postoperative STA peak systolic velocity,early,vessel/hemisphere,Studies: 8; patients: 264,mean difference,28.26,NR,<0.0001,NR,Higher early flow parameter after revascularization,[MESCLADO 1 p. 25],Cannot equate higher Doppler flow or patency with fewer strokes without validated linkage.,Low,High,Core clinical-surgical evidence table,Previously curated in consolidated extraction; denominator audit retained,"Do not pool across age, MMD/MMS, presentation, early/late horizon or patient/hemisphere/procedure units unless explicitly harmonized.",MOY-0187,Tier 1 — Core formal synthesis,Ultrasonographic assessment of bypass capacity after revascularization surgery in moyamoya disease: a systematic review and single-arm meta-analysis,Yes,Low,High,28.26,,,TRUE,FALSE,TRUE,,MIXED_UNSEP,C00,O12,T1,U07,EM_MD,SURROGATE_DESCRIPTIVE,0,not_orientable,0,MIXED_UNSEP|C00|O12|T1|U07,MIXED_UNSEP|C00|O12|T1|U07|EM_MD,Moderate,TRUE,FALSE,review_profile,no_authorized_comparison,keyword,early,mixed_or_unclear,exact,C00 and O99 are operational noninferential codes and do not create new SAP comparisons/outcomes.,,,FALSE,TRUE,FALSE,,,,FALSE,TRUE,FALSE,MIXED_UNSEP|C00|O12|T1|U07,MIXED_UNSEP|C00|O12|T1|U07|EM_MD,Curated extraction — eligible after final denominator check,No,,Time-point pooled comparison,"ispheres were included, with 180 dem- onstrating high bypass capacity. Within two weeks post-surgery, increased superficial temporal artery (STA) peak systolic velocity (PSV, MD = 28.26, p < 0.0001), mean flow velocity (MFV, MD = 22.97, p = 0.03), end-diastolic velocity (EDV, MD = 33.45, p < 0.0001), and decreased resistance index (RI, MD = –0.09, p = 0.006) were predictive. External carotid artery (ECA) EDV (MD = 13.92, p = 0.04) was also significant. At 3–6 months, elevated EDV in both STA (MD = 8.13, p = 0.006) and ECA (MD = 8.71, p = 0.0002) remained predictive. In the indirect subgroup, lower anterior cerebral artery (ACA) MFV within 0–3 months predicted favorable ou",No,Previously curated in consolidated extraction; denominator audit retained,Yes,Previously curated in consolidated extraction; denominator audit retained,Time-point pooled comparison,Yes,"ispheres were included, with 180 dem- onstrating high bypass capacity. Within two weeks post-surgery, increased superficial temporal artery (STA) peak systolic velocity (PSV, MD = 28.26, p < 0.0001), mean flow velocity (MFV, MD = 22.97, p = 0.03), end-diastolic velocity (EDV, MD = 33.45, p < 0.0001), and decreased resistance index (RI, MD = –0.09, p = 0.006) were predictive. External carotid artery (ECA) EDV (MD = 13.92, p = 0.04) was also significant. At 3–6 months, elevated EDV in both STA (MD = 8.13, p = 0.006) and ECA (MD = 8.71, p = 0.0002) remained predictive. In the indirect subgroup, lower anterior cerebral artery (ACA) MFV within 0–3 months predicted favorable ou",Curated extraction — eligible after final denominator check,,Studies: 8; patients: 264,[MESCLADO 1 p. 25],Cannot equate higher Doppler flow or patency with fewer strokes without validated linkage.,retain,,Ultrasonographic surveillance of STA/bypass capacity after revascularization.,"Time points, high- versus low-capacity bypass, and/or angiographic reference standards.",TRUE,TRUE,,TRUE,FALSE,FALSE,TRUE,Hemodynamic,Mixed/unseparated,No formal comparison,CBF/CVR/OEF/perfusion,Early/perioperative,Mixed/unclear,MD,TRUE,FALSE,NOT_REQUIRED_AFTER_INITIAL_HARMONIZATION,,,28.26,,,Ultrasonographic surveillance of STA/bypass capacity after revascularization.,"Time points, high- versus low-capacity bypass, and/or angiographic reference standards.",28.26,,,28.26,,,,,,,,Direction not prespecified,Not orientable,MD 28.26,MD 28.26,FALSE
E0003,R004,MOY-0057,Tier 1 — Core formal synthesis,Perioperative safety/risk,Hemorrhagic events,Complications associated with combined direct and indirect bypass in Moyamoya Disease: A meta-analysis,Adults and children undergoing combined direct-indirect revascularization for MMD.,Combined bypass.,Adult versus pediatric strata; largely single-arm rates rather than technique-randomized comparisons.,Hemorrhagic complications,early/perioperative,patient/procedure as reported,"Studies: 18; patients: 1,151",pooled proportion,0.04,0.03–0.06,NR,NR,Pooled complication rate after combined bypass,[MESCLADO 1 p. 39],"Cannot rank combined against direct or indirect from single-arm complication proportions. Immediate direct flow plus delayed collaterals versus technical complexity, ischemia, hemorrhage and hyperperfusion.",Critically low,Unclear,Core clinical-surgical evidence table,Previously curated in consolidated extraction; denominator audit retained,"Do not pool across age, MMD/MMS, presentation, early/late horizon or patient/hemisphere/procedure units unless explicitly harmonized.",MOY-0057,Tier 1 — Core formal synthesis,Complications associated with combined direct and indirect bypass in Moyamoya Disease: A meta-analysis,Yes,Critically low,Unclear,0.04,0.03,0.06,FALSE,FALSE,FALSE,,MIXED_UNSEP,C00,O04,T1,U07,EM_PROPORTION,DESCRIPTIVE,0,not_orientable,-1,MIXED_UNSEP|C00|O04|T1|U07,MIXED_UNSEP|C00|O04|T1|U07|EM_PROPORTION,Moderate,TRUE,FALSE,review_profile,no_authorized_comparison,keyword_horizon,early,mixed_or_unclear,proportion,C00 and O99 are operational noninferential codes and do not create new SAP comparisons/outcomes.,0.03,0.06,FALSE,FALSE,TRUE,,,,FALSE,TRUE,FALSE,MIXED_UNSEP|C00|O04|T1|U07,MIXED_UNSEP|C00|O04|T1|U07|EM_PROPORTION,Curated extraction — eligible after final denominator check,No,,Single-arm proportional meta-analysis,"ly. 18 final studies were included of 1580 procured. 1151 patients (per study range = 10—150, mean = 63.9) were analyzed. 9 (50.0%) studies included pediatric patients. There were 32 total hemorrhagic, 74 total ischemic and 16 total seizure complications, resulting in a rate of 0.04 (95% CI 0.03, 0.06), 0.7 (95% CI 0.04, 0.10) and 0.03 (95% CI 0.02, 0.05), respectively. The rate of hemorrhagic complications in the pediatric showed no significant difference from the adult subgroup (0.03 (95% CI 0.01—0.08) vs. 0.06 (95% CI 0.04—0.10, p = 0.19), such as the rate of ischemic complications (0.12 (95% CI 0.07—0.23) vs. 0.09 (95% CI 0.05—0.14, p = 0.40). Ischemia is the most com",No,Previously curated in consolidated extraction; denominator audit retained,Yes,Previously curated in consolidated extraction; denominator audit retained,Single-arm proportional meta-analysis,Yes,"ly. 18 final studies were included of 1580 procured. 1151 patients (per study range = 10—150, mean = 63.9) were analyzed. 9 (50.0%) studies included pediatric patients. There were 32 total hemorrhagic, 74 total ischemic and 16 total seizure complications, resulting in a rate of 0.04 (95% CI 0.03, 0.06), 0.7 (95% CI 0.04, 0.10) and 0.03 (95% CI 0.02, 0.05), respectively. The rate of hemorrhagic complications in the pediatric showed no significant difference from the adult subgroup (0.03 (95% CI 0.01—0.08) vs. 0.06 (95% CI 0.04—0.10, p = 0.19), such as the rate of ischemic complications (0.12 (95% CI 0.07—0.23) vs. 0.09 (95% CI 0.05—0.14, p = 0.40). Ischemia is the most com",Curated extraction — eligible after final denominator check,,"Studies: 18; patients: 1,151",[MESCLADO 1 p. 39],"Cannot rank combined against direct or indirect from single-arm complication proportions. Immediate direct flow plus delayed collaterals versus technical complexity, ischemia, hemorrhage and hyperperfusion.",retain,,Combined bypass.,Adult versus pediatric strata; largely single-arm rates rather than technique-randomized comparisons.,TRUE,TRUE,,TRUE,FALSE,FALSE,TRUE,Clinical events/safety,Mixed/unseparated,No formal comparison,Early intracranial hemorrhage,Early/perioperative,Mixed/unclear,Proportion,TRUE,FALSE,NOT_REQUIRED_AFTER_INITIAL_HARMONIZATION,,,0.04,0.03,0.06,Combined bypass.,Adult versus pediatric strata; largely single-arm rates rather than technique-randomized comparisons.,0.04,0.03,0.06,,,,,,,,,Direction not prespecified,Not orientable,Proportion 0.04 (0.03 to 0.06),Proportion 0.04 (0.03 to 0.06),FALSE
E0004,R004,MOY-0057,Tier 1 — Core formal synthesis,Perioperative safety/risk,Ischemic/stroke events,Complications associated with combined direct and indirect bypass in Moyamoya Disease: A meta-analysis,Adults and children undergoing combined direct-indirect revascularization for MMD.,Combined bypass.,Adult versus pediatric strata; largely single-arm rates rather than technique-randomized comparisons.,Ischemic complications,early/perioperative,patient/procedure as reported,"Studies: 18; patients: 1,151",pooled proportion,0.07,0.04–0.10,NR,NR,Pooled complication rate after combined bypass,[MESCLADO 1 p. 39],"Cannot rank combined against direct or indirect from single-arm complication proportions. Immediate direct flow plus delayed collaterals versus technical complexity, ischemia, hemorrhage and hyperperfusion.",Critically low,Unclear,Core clinical-surgical evidence table,Previously curated in consolidated extraction; denominator audit retained,"Do not pool across age, MMD/MMS, presentation, early/late horizon or patient/hemisphere/procedure units unless explicitly harmonized.",MOY-0057,Tier 1 — Core formal synthesis,Complications associated with combined direct and indirect bypass in Moyamoya Disease: A meta-analysis,Yes,Critically low,Unclear,0.07,0.04,0.1,FALSE,FALSE,FALSE,,MIXED_UNSEP,C00,O01,T1,U07,EM_PROPORTION,DESCRIPTIVE,0,not_orientable,-1,MIXED_UNSEP|C00|O01|T1|U07,MIXED_UNSEP|C00|O01|T1|U07|EM_PROPORTION,Moderate,TRUE,FALSE,review_profile,no_authorized_comparison,keyword_horizon,early,mixed_or_unclear,proportion,C00 and O99 are operational noninferential codes and do not create new SAP comparisons/outcomes.,0.04,0.1,FALSE,FALSE,TRUE,,,,FALSE,TRUE,FALSE,MIXED_UNSEP|C00|O01|T1|U07,MIXED_UNSEP|C00|O01|T1|U07|EM_PROPORTION,Curated extraction — eligible after final denominator check,Yes — obvious source typo corrected,"Source abstract prints 0.7, but 74/1,151 and CI 0.04–0.10 establish 0.07.",Single-arm proportional meta-analysis,"ere included of 1580 procured. 1151 patients (per study range = 10—150, mean = 63.9) were analyzed. 9 (50.0%) studies included pediatric patients. There were 32 total hemorrhagic, 74 total ischemic and 16 total seizure complications, resulting in a rate of 0.04 (95% CI 0.03, 0.06), 0.7 (95% CI 0.04, 0.10) and 0.03 (95% CI 0.02, 0.05), respectively. The rate of hemorrhagic complications in the pediatric showed no significant difference from the adult subgroup (0.03 (95% CI 0.01—0.08) vs. 0.06 (95% CI 0.04—0.10, p = 0.19), such as the rate of ischemic complications (0.12 (95% CI 0.07—0.23) vs. 0.09 (95% CI 0.05—0.14, p = 0.40). Ischemia is the most common complication in CB",No,Previously curated in consolidated extraction; denominator audit retained,Yes,Previously curated in consolidated extraction; denominator audit retained,Single-arm proportional meta-analysis,Yes,"ere included of 1580 procured. 1151 patients (per study range = 10—150, mean = 63.9) were analyzed. 9 (50.0%) studies included pediatric patients. There were 32 total hemorrhagic, 74 total ischemic and 16 total seizure complications, resulting in a rate of 0.04 (95% CI 0.03, 0.06), 0.7 (95% CI 0.04, 0.10) and 0.03 (95% CI 0.02, 0.05), respectively. The rate of hemorrhagic complications in the pediatric showed no significant difference from the adult subgroup (0.03 (95% CI 0.01—0.08) vs. 0.06 (95% CI 0.04—0.10, p = 0.19), such as the rate of ischemic complications (0.12 (95% CI 0.07—0.23) vs. 0.09 (95% CI 0.05—0.14, p = 0.40). Ischemia is the most common complication in CB",Curated extraction — eligible after final denominator check,"Source abstract prints 0.7, but 74/1,151 and CI 0.04–0.10 establish 0.07.","Studies: 18; patients: 1,151",[MESCLADO 1 p. 39],"Cannot rank combined against direct or indirect from single-arm complication proportions. Immediate direct flow plus delayed collaterals versus technical complexity, ischemia, hemorrhage and hyperperfusion.",retain,,Combined bypass.,Adult versus pediatric strata; largely single-arm rates rather than technique-randomized comparisons.,TRUE,TRUE,,TRUE,FALSE,FALSE,TRUE,Clinical events/safety,Mixed/unseparated,No formal comparison,Early ischemic stroke,Early/perioperative,Mixed/unclear,Proportion,TRUE,FALSE,NOT_REQUIRED_AFTER_INITIAL_HARMONIZATION,,,0.07,0.04,0.1,Combined bypass.,Adult versus pediatric strata; largely single-arm rates rather than technique-randomized comparisons.,0.07,0.04,0.1,,,,,,,,,Direction not prespecified,Not orientable,Proportion 0.07 (0.04 to 0.10),Proportion 0.07 (0.04 to 0.10),FALSE
E0005,R004,MOY-0057,Tier 1 — Core formal synthesis,Perioperative safety/risk,Seizure/epilepsy,Complications associated with combined direct and indirect bypass in Moyamoya Disease: A meta-analysis,Adults and children undergoing combined direct-indirect revascularization for MMD.,Combined bypass.,Adult versus pediatric strata; largely single-arm rates rather than technique-randomized comparisons.,Seizure complications,early/perioperative,patient/procedure as reported,"Studies: 18; patients: 1,151",pooled proportion,0.03,0.02–0.05,NR,NR,Pooled complication rate after combined bypass,[MESCLADO 1 p. 39],"Cannot rank combined against direct or indirect from single-arm complication proportions. Immediate direct flow plus delayed collaterals versus technical complexity, ischemia, hemorrhage and hyperperfusion.",Critically low,Unclear,Core clinical-surgical evidence table,Previously curated in consolidated extraction; denominator audit retained,"Do not pool across age, MMD/MMS, presentation, early/late horizon or patient/hemisphere/procedure units unless explicitly harmonized.",MOY-0057,Tier 1 — Core formal synthesis,Complications associated with combined direct and indirect bypass in Moyamoya Disease: A meta-analysis,Yes,Critically low,Unclear,0.03,0.02,0.05,FALSE,FALSE,FALSE,,MIXED_UNSEP,C00,O09,T1,U07,EM_PROPORTION,DESCRIPTIVE,0,not_orientable,-1,MIXED_UNSEP|C00|O09|T1|U07,MIXED_UNSEP|C00|O09|T1|U07|EM_PROPORTION,Moderate,TRUE,FALSE,review_profile,no_authorized_comparison,keyword,early,mixed_or_unclear,proportion,C00 and O99 are operational noninferential codes and do not create new SAP comparisons/outcomes.,0.02,0.05,FALSE,FALSE,TRUE,,,,FALSE,TRUE,FALSE,MIXED_UNSEP|C00|O09|T1|U07,MIXED_UNSEP|C00|O09|T1|U07|EM_PROPORTION,Curated extraction — eligible after final denominator check,No,,Single-arm proportional meta-analysis,"rocured. 1151 patients (per study range = 10—150, mean = 63.9) were analyzed. 9 (50.0%) studies included pediatric patients. There were 32 total hemorrhagic, 74 total ischemic and 16 total seizure complications, resulting in a rate of 0.04 (95% CI 0.03, 0.06), 0.7 (95% CI 0.04, 0.10) and 0.03 (95% CI 0.02, 0.05), respectively. The rate of hemorrhagic complications in the pediatric showed no significant difference from the adult subgroup (0.03 (95% CI 0.01—0.08) vs. 0.06 (95% CI 0.04—0.10, p = 0.19), such as the rate of ischemic complications (0.12 (95% CI 0.07—0.23) vs. 0.09 (95% CI 0.05—0.14, p = 0.40). Ischemia is the most common complication in CB for MMD. Pediatric pa",No,Previously curated in consolidated extraction; denominator audit retained,Yes,Previously curated in consolidated extraction; denominator audit retained,Single-arm proportional meta-analysis,Yes,"rocured. 1151 patients (per study range = 10—150, mean = 63.9) were analyzed. 9 (50.0%) studies included pediatric patients. There were 32 total hemorrhagic, 74 total ischemic and 16 total seizure complications, resulting in a rate of 0.04 (95% CI 0.03, 0.06), 0.7 (95% CI 0.04, 0.10) and 0.03 (95% CI 0.02, 0.05), respectively. The rate of hemorrhagic complications in the pediatric showed no significant difference from the adult subgroup (0.03 (95% CI 0.01—0.08) vs. 0.06 (95% CI 0.04—0.10, p = 0.19), such as the rate of ischemic complications (0.12 (95% CI 0.07—0.23) vs. 0.09 (95% CI 0.05—0.14, p = 0.40). Ischemia is the most common complication in CB for MMD. Pediatric pa",Curated extraction — eligible after final denominator check,,"Studies: 18; patients: 1,151",[MESCLADO 1 p. 39],"Cannot rank combined against direct or indirect from single-arm complication proportions. Immediate direct flow plus delayed collaterals versus technical complexity, ischemia, hemorrhage and hyperperfusion.",retain,,Combined bypass.,Adult versus pediatric strata; largely single-arm rates rather than technique-randomized comparisons.,TRUE,TRUE,,TRUE,FALSE,FALSE,TRUE,Clinical events/safety,Mixed/unseparated,No formal comparison,Postoperative seizure,Early/perioperative,Mixed/unclear,Proportion,TRUE,FALSE,NOT_REQUIRED_AFTER_INITIAL_HARMONIZATION,,,0.03,0.02,0.05,Combined bypass.,Adult versus pediatric strata; largely single-arm rates rather than technique-randomized comparisons.,0.03,0.02,0.05,,,,,,,,,Direction not prespecified,Not orientable,Proportion 0.03 (0.02 to 0.05),Proportion 0.03 (0.02 to 0.05),FALSE
E0006,R004,MOY-0057,Tier 1 — Core formal synthesis,Perioperative safety/risk,Hemorrhagic events,Complications associated with combined direct and indirect bypass in Moyamoya Disease: A meta-analysis,Adults and children undergoing combined direct-indirect revascularization for MMD.,Combined bypass.,Adult versus pediatric strata; largely single-arm rates rather than technique-randomized comparisons.,Hemorrhagic complications: pediatric vs adult,early/perioperative,patient/procedure as reported,"Studies: 18; patients: 1,151",pooled proportion comparison,0.03 vs 0.06,pediatric 0.01–0.08; adult 0.04–0.10,0.19,NR,No statistically significant age-group difference,[MESCLADO 1 p. 39],"Cannot rank combined against direct or indirect from single-arm complication proportions. Immediate direct flow plus delayed collaterals versus technical complexity, ischemia, hemorrhage and hyperperfusion.",Critically low,Unclear,Core clinical-surgical evidence table,Previously curated in consolidated extraction; denominator audit retained,"Do not pool across age, MMD/MMS, presentation, early/late horizon or patient/hemisphere/procedure units unless explicitly harmonized.",MOY-0057,Tier 1 — Core formal synthesis,Complications associated with combined direct and indirect bypass in Moyamoya Disease: A meta-analysis,Yes,Critically low,Unclear,,,,FALSE,FALSE,FALSE,,MIXED_UNSEP,C00,O04,T1,U07,EM_PROPORTION,DESCRIPTIVE,0,not_orientable,-1,MIXED_UNSEP|C00|O04|T1|U07,MIXED_UNSEP|C00|O04|T1|U07|EM_PROPORTION,Moderate,TRUE,FALSE,review_profile,no_authorized_comparison,keyword_horizon,early,mixed_or_unclear,proportion,C00 and O99 are operational noninferential codes and do not create new SAP comparisons/outcomes.,,,FALSE,FALSE,FALSE,,,,FALSE,TRUE,FALSE,MIXED_UNSEP|C00|O04|T1|U07,MIXED_UNSEP|C00|O04|T1|U07|EM_PROPORTION,Curated extraction — eligible after final denominator check,No,,Subgroup,"re complications, resulting in a rate of 0.04 (95% CI 0.03, 0.06), 0.7 (95% CI 0.04, 0.10) and 0.03 (95% CI 0.02, 0.05), respectively. The rate of hemorrhagic complications in the pediatric showed no significant difference from the adult subgroup (0.03 (95% CI 0.01—0.08) vs. 0.06 (95% CI 0.04—0.10, p = 0.19), such as the rate of ischemic complications (0.12 (95% CI 0.07—0.23) vs. 0.09 (95% CI 0.05—0.14, p = 0.40). Ischemia is the most common complication in CB for MMD. Pediatric patients had similar hemorrhagic and ischemic complication rates compared to adults. Keywords Moyamoya · Complications · Combined · Bypass · Systematic review · Meta-analysis Introduction Moyamoya",No,Previously curated in consolidated extraction; denominator audit retained,Yes,Previously curated in consolidated extraction; denominator audit retained,Subgroup,Yes,"re complications, resulting in a rate of 0.04 (95% CI 0.03, 0.06), 0.7 (95% CI 0.04, 0.10) and 0.03 (95% CI 0.02, 0.05), respectively. The rate of hemorrhagic complications in the pediatric showed no significant difference from the adult subgroup (0.03 (95% CI 0.01—0.08) vs. 0.06 (95% CI 0.04—0.10, p = 0.19), such as the rate of ischemic complications (0.12 (95% CI 0.07—0.23) vs. 0.09 (95% CI 0.05—0.14, p = 0.40). Ischemia is the most common complication in CB for MMD. Pediatric patients had similar hemorrhagic and ischemic complication rates compared to adults. Keywords Moyamoya · Complications · Combined · Bypass · Systematic review · Meta-analysis Introduction Moyamoya",Curated extraction — eligible after final denominator check,,"Studies: 18; patients: 1,151",[MESCLADO 1 p. 39],"Cannot rank combined against direct or indirect from single-arm complication proportions. Immediate direct flow plus delayed collaterals versus technical complexity, ischemia, hemorrhage and hyperperfusion.",retain,,Combined bypass.,Adult versus pediatric strata; largely single-arm rates rather than technique-randomized comparisons.,TRUE,TRUE,,TRUE,FALSE,FALSE,TRUE,Clinical events/safety,Mixed/unseparated,No formal comparison,Early intracranial hemorrhage,Early/perioperative,Mixed/unclear,Proportion,TRUE,FALSE,NOT_REQUIRED_AFTER_INITIAL_HARMONIZATION,,,,,,Combined bypass.,Adult versus pediatric strata; largely single-arm rates rather than technique-randomized comparisons.,,,,,,,,,,,,Direction not prespecified,Not orientable,NR,NR,FALSE
E0007,R006,MOY-0138,Tier 2 — Contextual formal synthesis/evidence map,Natural history/progression,Angiographic/technical success,Potential predictors for progression of moyamoya disease: A systematic review and meta-analysis,Asymptomatic/hemodynamically stable MMD or cohorts evaluated for disease progression.,Observation/monitoring; surgery may appear as subsequent treatment.,Risk-factor strata or baseline phenotypes.,Angiographic/clinical progression,follow-up,patient,Studies: 12; patients: 842,count/proportion,158/842 progressed,NR,NR,NR,Descriptive progression burden,[MESCLADO 1 p. 58],Cannot convert prognostic association into a causal indication for a specific technique. Avoiding unnecessary surgery versus risk of silent or clinical progression.,Critically low,Unclear,Contextual formal evidence table,Previously curated in consolidated extraction; denominator audit retained,"Do not pool across age, MMD/MMS, presentation, early/late horizon or patient/hemisphere/procedure units unless explicitly harmonized.",MOY-0138,Tier 2 — Contextual formal synthesis/evidence map,Potential predictors for progression of moyamoya disease: A systematic review and meta-analysis,Yes,Critically low,Unclear,,,,FALSE,FALSE,FALSE,,ASYM_STABLE,C00,O99,T4,U01,EM_PROPORTION,DESCRIPTIVE,0,not_orientable,0,ASYM_STABLE|C00|O99|T4|U01,ASYM_STABLE|C00|O99|T4|U01|EM_PROPORTION,Moderate,TRUE,FALSE,review_profile,no_authorized_comparison,other_or_composite,mixed_or_unspecified_followup,exact,proportion,C00 and O99 are operational noninferential codes and do not create new SAP comparisons/outcomes.,,,FALSE,FALSE,FALSE,,,,FALSE,FALSE,FALSE,ASYM_STABLE|C00|O99|T4|U01,ASYM_STABLE|C00|O99|T4|U01|EM_PROPORTION,Curated extraction — eligible after final denominator check,No,,Meta-analysis sample,"tudies were excluded because they were not original research, didn’t mention potential predictors or unable to extract data. Finally, 12 studies enrolling a total of 842 patients (158 patients with progression and 684 patients with non-progression) were included in the meta-analysis (2, 12, 14–16, 20–26). The ﬂowchart for studies screening was presented in Figure 1. The included studies had been published between 1994 and 2022. There were no randomized controlled trials. The mean incidence of MMD progression of the included studies was 18.8% (range 8.2–58.8%). Most of studies focused on the progression from unilateral to bilateral lesions. The detailed characteristics of",No,Previously curated in consolidated extraction; denominator audit retained,Yes,Previously curated in consolidated extraction; denominator audit retained,Meta-analysis sample,Yes,"tudies were excluded because they were not original research, didn’t mention potential predictors or unable to extract data. Finally, 12 studies enrolling a total of 842 patients (158 patients with progression and 684 patients with non-progression) were included in the meta-analysis (2, 12, 14–16, 20–26). The ﬂowchart for studies screening was presented in Figure 1. The included studies had been published between 1994 and 2022. There were no randomized controlled trials. The mean incidence of MMD progression of the included studies was 18.8% (range 8.2–58.8%). Most of studies focused on the progression from unilateral to bilateral lesions. The detailed characteristics of",Curated extraction — eligible after final denominator check,,Studies: 12; patients: 842,[MESCLADO 1 p. 58],Cannot convert prognostic association into a causal indication for a specific technique. Avoiding unnecessary surgery versus risk of silent or clinical progression.,retain,,Observation/monitoring; surgery may appear as subsequent treatment.,Risk-factor strata or baseline phenotypes.,TRUE,TRUE,,TRUE,FALSE,FALSE,TRUE,Other/composite,Asymptomatic/stable,No formal comparison,Other/composite,Mixed/unspecified follow-up,Patient,Proportion,TRUE,FALSE,NOT_REQUIRED_AFTER_INITIAL_HARMONIZATION,,,,,,Observation/monitoring; surgery may appear as subsequent treatment.,Risk-factor strata or baseline phenotypes.,,,,,,,,,,,,Direction not prespecified,Not orientable,NR,NR,FALSE
E0008,R007,MOY-0045,Tier 2 — Contextual formal synthesis/evidence map,Natural history/progression,Mortality,Clinical and radiological course of asymptomatic and hemodynamically stable moyamoya disease: a systematic review and meta-analysis,Asymptomatic/hemodynamically stable MMD or cohorts evaluated for disease progression.,Observation/monitoring; surgery may appear as subsequent treatment.,Risk-factor strata or baseline phenotypes.,Mortality in asymptomatic/hemodynamically stable MMD,2–5 years in most studies,patient,Studies: 7; patients: 393,pooled rate,NR,NR,NR,NR,Descriptive natural-history estimate,[MESCLADO 1 p. 65],Cannot convert prognostic association into a causal indication for a specific technique. Avoiding unnecessary surgery versus risk of silent or clinical progression.,Low,High,Contextual formal evidence table,Previously curated in consolidated extraction; denominator audit retained,"Do not pool across age, MMD/MMS, presentation, early/late horizon or patient/hemisphere/procedure units unless explicitly harmonized.",MOY-0045,Tier 2 — Contextual formal synthesis/evidence map,Clinical and radiological course of asymptomatic and hemodynamically stable moyamoya disease: a systematic review and meta-analysis,Yes,Low,High,,,,FALSE,FALSE,FALSE,,ASYM_STABLE,C08,O07,T3,U01,EM_RATE,DESCRIPTIVE_WITH_COMPARATOR,0,not_orientable,-1,ASYM_STABLE|C08|O07|T3|U01,ASYM_STABLE|C08|O07|T3|U01|EM_RATE,High,FALSE,FALSE,review_profile,review_profile,keyword,long_term,exact,rate,,,,FALSE,FALSE,FALSE,,,,TRUE,TRUE,FALSE,ASYM_STABLE|C08|O07|T3|U01,ASYM_STABLE|C08|O07|T3|U01|EM_RATE,Curated extraction — eligible after final denominator check,No,,Single-arm meta-analysis,"ess includes progression in the MMD stage or new anomalies on MRI, CT, or perfusion imaging. Given that the mean follow-up time for most included studies was within 2–5 years, the mortality rate of AMMD was extremely low between this time horizon, and almost all studies did not describe mortality, this systematic review did not include mortality as the primary outcome. 1 https://www.crd.york.ac.uk/prospero/display_record. php?RecordID=444432",No,Previously curated in consolidated extraction; denominator audit retained,Yes,Previously curated in consolidated extraction; denominator audit retained,Single-arm meta-analysis,Yes,"ess includes progression in the MMD stage or new anomalies on MRI, CT, or perfusion imaging. Given that the mean follow-up time for most included studies was within 2–5 years, the mortality rate of AMMD was extremely low between this time horizon, and almost all studies did not describe mortality, this systematic review did not include mortality as the primary outcome. 1 https://www.crd.york.ac.uk/prospero/display_record. php?RecordID=444432",Curated extraction — eligible after final denominator check,,Studies: 7; patients: 393,[MESCLADO 1 p. 65],Cannot convert prognostic association into a causal indication for a specific technique. Avoiding unnecessary surgery versus risk of silent or clinical progression.,retain,,Observation/monitoring; surgery may appear as subsequent treatment.,Risk-factor strata or baseline phenotypes.,TRUE,TRUE,,TRUE,FALSE,FALSE,TRUE,Clinical events/safety,Asymptomatic/stable,Asymptomatic: surgery vs surveillance,Mortality,Late/long-term,Patient,Rate,FALSE,FALSE,NOT_REQUIRED,,,,,,Observation/monitoring; surgery may appear as subsequent treatment.,Risk-factor strata or baseline phenotypes.,,,,,,,,,,,,Direction not prespecified,Not orientable,NR,NR,FALSE
E0009,R009,MOY-0180,Tier 1 — Core formal synthesis,Adult revascularization,Ischemic/stroke events,Meta-analysis of long-term prognosis in adult patients with symptomatic moyamoya disease undergoing bypass surgery,"Adults with symptomatic MMD, phenotype-specific where indicated",Bypass surgery,Conservative treatment,Long-term ischemic events,late (>12 months),patient,"Studies: 8; patients: 1,160",OR,0.53,0.33–0.85,0.008,NR,Favours bypass surgery,[MESCLADO 1 p. 102],Cannot claim equal benefit in ischemic-onset disease when subgroup estimates are imprecise/heterogeneous. Perioperative stroke/hemorrhage versus delayed reduction in recurrent events.,Critically low,Unclear,Core clinical-surgical evidence table,Previously curated in consolidated extraction; denominator audit retained,"Do not pool across age, MMD/MMS, presentation, early/late horizon or patient/hemisphere/procedure units unless explicitly harmonized.",MOY-0180,Tier 1 — Core formal synthesis,Meta-analysis of long-term prognosis in adult patients with symptomatic moyamoya disease undergoing bypass surgery,Yes,Critically low,Unclear,0.53,0.33,0.85,TRUE,TRUE,FALSE,TRUE,ADULT_MIX,C01,O02,T3,U01,EM_OR,COMPARATIVE,1,canonical,-1,ADULT_MIX|C01|O02|T3|U01,ADULT_MIX|C01|O02|T3|U01|EM_OR,High,FALSE,FALSE,review_profile,text_rule,keyword,long_term,exact,exact,,0.33,0.85,TRUE,FALSE,TRUE,-0.6348782724359695,-0.6348782724359695,0.6348782724359695,TRUE,TRUE,TRUE,ADULT_MIX|C01|O02|T3|U01,ADULT_MIX|C01|O02|T3|U01|EM_OR,Curated extraction — eligible after final denominator check,No,,Main surgery vs conservative,"ared with conservative treatment, bypass surgery can signiﬁcantly reduce the risk of long-term ischemic and hemorrhagic events in adult patients with symptomatic moyamoya disease (ischemic events: OR=0.53, 95% CI : 0.33~0.085, P =0.008; hemorrhagic events: OR=0.38, 95% CI : 0.23~0.64, P =0.0003). (2) In the subgroup analysis of adult symptomatic moyamoya disease, for patients with ischemic moyamoya disease, the long-term ischemic events showed signiﬁcant heterogeneity ( I² = 71%), making further analysis impossible. However , the long-term hemorrhage risk of bypass surgery was signiﬁcantly lower than that of conservative treatment (OR = 0.39, 95% CI : 0.18–0.87, P = 0.02)",No,Previously curated in consolidated extraction; denominator audit retained,Yes,Previously curated in consolidated extraction; denominator audit retained,Main surgery vs conservative,Yes,"ared with conservative treatment, bypass surgery can signiﬁcantly reduce the risk of long-term ischemic and hemorrhagic events in adult patients with symptomatic moyamoya disease (ischemic events: OR=0.53, 95% CI : 0.33~0.085, P =0.008; hemorrhagic events: OR=0.38, 95% CI : 0.23~0.64, P =0.0003). (2) In the subgroup analysis of adult symptomatic moyamoya disease, for patients with ischemic moyamoya disease, the long-term ischemic events showed signiﬁcant heterogeneity ( I² = 71%), making further analysis impossible. However , the long-term hemorrhage risk of bypass surgery was signiﬁcantly lower than that of conservative treatment (OR = 0.39, 95% CI : 0.18–0.87, P = 0.02)",Curated extraction — eligible after final denominator check,,"Studies: 8; patients: 1,160",[MESCLADO 1 p. 102],Cannot claim equal benefit in ischemic-onset disease when subgroup estimates are imprecise/heterogeneous. Perioperative stroke/hemorrhage versus delayed reduction in recurrent events.,retain,,Bypass surgery,Conservative treatment,TRUE,TRUE,,TRUE,TRUE,TRUE,TRUE,Clinical events/safety,Adult mixed,Surgery vs conservative,Late ischemic stroke,Late/long-term,Patient,OR,FALSE,FALSE,NOT_REQUIRED,,,0.53,0.33,0.85,Bypass surgery,Conservative treatment,0.53,0.33,0.85,-0.6348782724359695,-1.1086626245216111,-0.16251892949777494,0.6348782724359695,1.1086626245216111,0.16251892949777494,0.16251892949777494,1.1086626245216111,Precise benefit,CI excludes null,OR 0.53 (0.33 to 0.85),OR 0.53 (0.33 to 0.85),FALSE
E0010,R009,MOY-0180,Tier 1 — Core formal synthesis,Adult revascularization,Hemorrhagic events,Meta-analysis of long-term prognosis in adult patients with symptomatic moyamoya disease undergoing bypass surgery,"Adults with symptomatic MMD, phenotype-specific where indicated",Bypass surgery,Conservative treatment,Long-term hemorrhagic events,late (>12 months),patient,"Studies: 8; patients: 1,160",OR,0.38,0.23–0.64,0.0003,NR,Favours bypass surgery,[MESCLADO 1 p. 102],Cannot claim equal benefit in ischemic-onset disease when subgroup estimates are imprecise/heterogeneous. Perioperative stroke/hemorrhage versus delayed reduction in recurrent events.,Critically low,Unclear,Core clinical-surgical evidence table,Previously curated in consolidated extraction; denominator audit retained,"Do not pool across age, MMD/MMS, presentation, early/late horizon or patient/hemisphere/procedure units unless explicitly harmonized.",MOY-0180,Tier 1 — Core formal synthesis,Meta-analysis of long-term prognosis in adult patients with symptomatic moyamoya disease undergoing bypass surgery,Yes,Critically low,Unclear,0.38,0.23,0.64,TRUE,TRUE,FALSE,TRUE,ADULT_MIX,C01,O05,T3,U01,EM_OR,COMPARATIVE,1,canonical,-1,ADULT_MIX|C01|O05|T3|U01,ADULT_MIX|C01|O05|T3|U01|EM_OR,High,FALSE,FALSE,review_profile,text_rule,keyword,long_term,exact,exact,,0.23,0.64,TRUE,FALSE,TRUE,-0.9675840262617056,-0.9675840262617056,0.9675840262617056,TRUE,TRUE,TRUE,ADULT_MIX|C01|O05|T3|U01,ADULT_MIX|C01|O05|T3|U01|EM_OR,Curated extraction — eligible after final denominator check,No,,Main surgery vs conservative,"iﬁcantly reduce the risk of long-term ischemic and hemorrhagic events in adult patients with symptomatic moyamoya disease (ischemic events: OR=0.53, 95% CI : 0.33~0.085, P =0.008; hemorrhagic events: OR=0.38, 95% CI : 0.23~0.64, P =0.0003). (2) In the subgroup analysis of adult symptomatic moyamoya disease, for patients with ischemic moyamoya disease, the long-term ischemic events showed signiﬁcant heterogeneity ( I² = 71%), making further analysis impossible. However , the long-term hemorrhage risk of bypass surgery was signiﬁcantly lower than that of conservative treatment (OR = 0.39, 95% CI : 0.18–0.87, P = 0.02). For patients with hemorrhagic moyamoya disease, the lon",No,Previously curated in consolidated extraction; denominator audit retained,Yes,Previously curated in consolidated extraction; denominator audit retained,Main surgery vs conservative,Yes,"iﬁcantly reduce the risk of long-term ischemic and hemorrhagic events in adult patients with symptomatic moyamoya disease (ischemic events: OR=0.53, 95% CI : 0.33~0.085, P =0.008; hemorrhagic events: OR=0.38, 95% CI : 0.23~0.64, P =0.0003). (2) In the subgroup analysis of adult symptomatic moyamoya disease, for patients with ischemic moyamoya disease, the long-term ischemic events showed signiﬁcant heterogeneity ( I² = 71%), making further analysis impossible. However , the long-term hemorrhage risk of bypass surgery was signiﬁcantly lower than that of conservative treatment (OR = 0.39, 95% CI : 0.18–0.87, P = 0.02). For patients with hemorrhagic moyamoya disease, the lon",Curated extraction — eligible after final denominator check,,"Studies: 8; patients: 1,160",[MESCLADO 1 p. 102],Cannot claim equal benefit in ischemic-onset disease when subgroup estimates are imprecise/heterogeneous. Perioperative stroke/hemorrhage versus delayed reduction in recurrent events.,retain,,Bypass surgery,Conservative treatment,TRUE,TRUE,,TRUE,TRUE,TRUE,TRUE,Clinical events/safety,Adult mixed,Surgery vs conservative,Late hemorrhage/rebleeding,Late/long-term,Patient,OR,FALSE,FALSE,NOT_REQUIRED,,,0.38,0.23,0.64,Bypass surgery,Conservative treatment,0.38,0.23,0.64,-0.9675840262617056,-1.4696759700589417,-0.4462871026284195,0.9675840262617056,1.4696759700589417,0.4462871026284195,0.4462871026284195,1.4696759700589417,Precise benefit,CI excludes null,OR 0.38 (0.23 to 0.64),OR 0.38 (0.23 to 0.64),FALSE
E0011,R009,MOY-0180,Tier 1 — Core formal synthesis,Adult revascularization,Hemorrhagic events,Meta-analysis of long-term prognosis in adult patients with symptomatic moyamoya disease undergoing bypass surgery,"Adults with symptomatic MMD, phenotype-specific where indicated",Bypass surgery,Conservative treatment,Hemorrhage in ischemic-presentation subgroup,late,patient,"Studies: 8; patients: 1,160",OR,0.39,0.18–0.87,0.02,NR,Favours bypass surgery,[MESCLADO 1 p. 102],Cannot claim equal benefit in ischemic-onset disease when subgroup estimates are imprecise/heterogeneous. Perioperative stroke/hemorrhage versus delayed reduction in recurrent events.,Critically low,Unclear,Core clinical-surgical evidence table,Previously curated in consolidated extraction; denominator audit retained,"Do not pool across age, MMD/MMS, presentation, early/late horizon or patient/hemisphere/procedure units unless explicitly harmonized.",MOY-0180,Tier 1 — Core formal synthesis,Meta-analysis of long-term prognosis in adult patients with symptomatic moyamoya disease undergoing bypass surgery,Yes,Critically low,Unclear,0.39,0.18,0.87,TRUE,TRUE,FALSE,TRUE,ADULT_ISCH,C01,O05,T3,U01,EM_OR,COMPARATIVE,1,canonical,-1,ADULT_ISCH|C01|O05|T3|U01,ADULT_ISCH|C01|O05|T3|U01|EM_OR,High,FALSE,FALSE,subgroup_text,text_rule,keyword,long_term,exact,exact,,0.18,0.87,TRUE,FALSE,TRUE,-0.941608539858445,-0.941608539858445,0.941608539858445,TRUE,TRUE,TRUE,ADULT_ISCH|C01|O05|T3|U01,ADULT_ISCH|C01|O05|T3|U01|EM_OR,Curated extraction — eligible after final denominator check,No,,Subgroup,"eterogeneity ( I² = 71%), making further analysis impossible. However , the long-term hemorrhage risk of bypass surgery was signiﬁcantly lower than that of conservative treatment (OR = 0.39, 95% CI : 0.18–0.87, P = 0.02). For patients with hemorrhagic moyamoya disease, the long-term ischemic and hemorrhage risks of bypass surgery were both lower than those of conservative treatment (ischemic events: OR = 0.16, 95% CI : 0.06–0.43, P = 0.0004; hemorrhage events: OR = 0.39, 95% CI : 0.18–0.84, P = 0.02). The funnel plot of the six articles analyzed by patient number showed no signiﬁcant publication bias. Conclusion: Compared with conservative treatment, bypass surgery can re",No,Previously curated in consolidated extraction; denominator audit retained,Yes,Previously curated in consolidated extraction; denominator audit retained,Subgroup,Yes,"eterogeneity ( I² = 71%), making further analysis impossible. However , the long-term hemorrhage risk of bypass surgery was signiﬁcantly lower than that of conservative treatment (OR = 0.39, 95% CI : 0.18–0.87, P = 0.02). For patients with hemorrhagic moyamoya disease, the long-term ischemic and hemorrhage risks of bypass surgery were both lower than those of conservative treatment (ischemic events: OR = 0.16, 95% CI : 0.06–0.43, P = 0.0004; hemorrhage events: OR = 0.39, 95% CI : 0.18–0.84, P = 0.02). The funnel plot of the six articles analyzed by patient number showed no signiﬁcant publication bias. Conclusion: Compared with conservative treatment, bypass surgery can re",Curated extraction — eligible after final denominator check,,"Studies: 8; patients: 1,160",[MESCLADO 1 p. 102],Cannot claim equal benefit in ischemic-onset disease when subgroup estimates are imprecise/heterogeneous. Perioperative stroke/hemorrhage versus delayed reduction in recurrent events.,retain,,Bypass surgery,Conservative treatment,TRUE,TRUE,,TRUE,TRUE,TRUE,TRUE,Clinical events/safety,Adult ischemic,Surgery vs conservative,Late hemorrhage/rebleeding,Late/long-term,Patient,OR,FALSE,FALSE,NOT_REQUIRED,,,0.39,0.18,0.87,Bypass surgery,Conservative treatment,0.39,0.18,0.87,-0.941608539858445,-1.7147984280919266,-0.13926206733350766,0.941608539858445,1.7147984280919266,0.13926206733350766,0.13926206733350766,1.7147984280919266,Precise benefit,CI excludes null,OR 0.39 (0.18 to 0.87),OR 0.39 (0.18 to 0.87),FALSE
E0012,R009,MOY-0180,Tier 1 — Core formal synthesis,Adult revascularization,Hemorrhagic events,Meta-analysis of long-term prognosis in adult patients with symptomatic moyamoya disease undergoing bypass surgery,"Adults with symptomatic MMD, phenotype-specific where indicated",Bypass surgery,Conservative treatment,Ischemic events in hemorrhagic-presentation subgroup,late,patient,"Studies: 8; patients: 1,160",OR,0.16,0.06–0.43,0.0004,NR,Favours bypass surgery,[MESCLADO 1 p. 102],Cannot claim equal benefit in ischemic-onset disease when subgroup estimates are imprecise/heterogeneous. Perioperative stroke/hemorrhage versus delayed reduction in recurrent events.,Critically low,Unclear,Core clinical-surgical evidence table,Previously curated in consolidated extraction; denominator audit retained,"Do not pool across age, MMD/MMS, presentation, early/late horizon or patient/hemisphere/procedure units unless explicitly harmonized.",MOY-0180,Tier 1 — Core formal synthesis,Meta-analysis of long-term prognosis in adult patients with symptomatic moyamoya disease undergoing bypass surgery,Yes,Critically low,Unclear,0.16,0.06,0.43,TRUE,TRUE,FALSE,TRUE,ADULT_HEM,C06,O02,T3,U01,EM_OR,COMPARATIVE,1,canonical,-1,ADULT_HEM|C06|O02|T3|U01,ADULT_HEM|C06|O02|T3|U01|EM_OR,High,FALSE,FALSE,subgroup_text,text_rule,keyword,long_term,exact,exact,,0.06,0.43,TRUE,FALSE,TRUE,-1.8325814637483102,-1.8325814637483102,1.8325814637483102,TRUE,TRUE,TRUE,ADULT_HEM|C06|O02|T3|U01,ADULT_HEM|C06|O02|T3|U01|EM_OR,Curated extraction — eligible after final denominator check,No,,Subgroup,"or patients with hemorrhagic moyamoya disease, the long-term ischemic and hemorrhage risks of bypass surgery were both lower than those of conservative treatment (ischemic events: OR = 0.16, 95% CI : 0.06–0.43, P = 0.0004; hemorrhage events: OR = 0.39, 95% CI : 0.18–0.84, P = 0.02). The funnel plot of the six articles analyzed by patient number showed no signiﬁcant publication bias. Conclusion: Compared with conservative treatment, bypass surgery can reduce the risk of long-term ischemic and hemorrhage events in adult patients with symptomatic moyamoya disease. Due to diƯerences in race and special populations, the eƯectiveness of surgical treatment still needs to be furt",No,Previously curated in consolidated extraction; denominator audit retained,Yes,Previously curated in consolidated extraction; denominator audit retained,Subgroup,Yes,"or patients with hemorrhagic moyamoya disease, the long-term ischemic and hemorrhage risks of bypass surgery were both lower than those of conservative treatment (ischemic events: OR = 0.16, 95% CI : 0.06–0.43, P = 0.0004; hemorrhage events: OR = 0.39, 95% CI : 0.18–0.84, P = 0.02). The funnel plot of the six articles analyzed by patient number showed no signiﬁcant publication bias. Conclusion: Compared with conservative treatment, bypass surgery can reduce the risk of long-term ischemic and hemorrhage events in adult patients with symptomatic moyamoya disease. Due to diƯerences in race and special populations, the eƯectiveness of surgical treatment still needs to be furt",Curated extraction — eligible after final denominator check,,"Studies: 8; patients: 1,160",[MESCLADO 1 p. 102],Cannot claim equal benefit in ischemic-onset disease when subgroup estimates are imprecise/heterogeneous. Perioperative stroke/hemorrhage versus delayed reduction in recurrent events.,retain,,Bypass surgery,Conservative treatment,TRUE,TRUE,Outcome is ischemic events within a hemorrhagic-presentation subgroup.,TRUE,TRUE,TRUE,TRUE,Clinical events/safety,Adult hemorrhagic,Hemorrhagic MMD: revascularization comparison,Late ischemic stroke,Late/long-term,Patient,OR,FALSE,FALSE,NOT_REQUIRED,,,0.16,0.06,0.43,Bypass surgery,Conservative treatment,0.16,0.06,0.43,-1.8325814637483102,-2.8134107167600364,-0.843970070294529,1.8325814637483102,2.8134107167600364,0.843970070294529,0.843970070294529,2.8134107167600364,Precise benefit,CI excludes null,OR 0.16 (0.06 to 0.43),OR 0.16 (0.06 to 0.43),FALSE
E0013,R009,MOY-0180,Tier 1 — Core formal synthesis,Adult revascularization,Hemorrhagic events,Meta-analysis of long-term prognosis in adult patients with symptomatic moyamoya disease undergoing bypass surgery,"Adults with symptomatic MMD, phenotype-specific where indicated",Bypass surgery,Conservative treatment,Hemorrhagic events in hemorrhagic-presentation subgroup,late,patient,"Studies: 8; patients: 1,160",OR,0.39,0.18–0.84,0.02,NR,Favours bypass surgery,[MESCLADO 1 p. 102],Cannot claim equal benefit in ischemic-onset disease when subgroup estimates are imprecise/heterogeneous. Perioperative stroke/hemorrhage versus delayed reduction in recurrent events.,Critically low,Unclear,Core clinical-surgical evidence table,Previously curated in consolidated extraction; denominator audit retained,"Do not pool across age, MMD/MMS, presentation, early/late horizon or patient/hemisphere/procedure units unless explicitly harmonized.",MOY-0180,Tier 1 — Core formal synthesis,Meta-analysis of long-term prognosis in adult patients with symptomatic moyamoya disease undergoing bypass surgery,Yes,Critically low,Unclear,0.39,0.18,0.84,TRUE,TRUE,FALSE,TRUE,ADULT_HEM,C06,O05,T3,U01,EM_OR,COMPARATIVE,1,canonical,-1,ADULT_HEM|C06|O05|T3|U01,ADULT_HEM|C06|O05|T3|U01|EM_OR,High,FALSE,FALSE,subgroup_text,text_rule,keyword,long_term,exact,exact,,0.18,0.84,TRUE,FALSE,TRUE,-0.941608539858445,-0.941608539858445,0.941608539858445,TRUE,TRUE,TRUE,ADULT_HEM|C06|O05|T3|U01,ADULT_HEM|C06|O05|T3|U01|EM_OR,Curated extraction — eligible after final denominator check,No,,Subgroup,"ge risks of bypass surgery were both lower than those of conservative treatment (ischemic events: OR = 0.16, 95% CI : 0.06–0.43, P = 0.0004; hemorrhage events: OR = 0.39, 95% CI : 0.18–0.84, P = 0.02). The funnel plot of the six articles analyzed by patient number showed no signiﬁcant publication bias. Conclusion: Compared with conservative treatment, bypass surgery can reduce the risk of long-term ischemic and hemorrhage events in adult patients with symptomatic moyamoya disease. Due to diƯerences in race and special populations, the eƯectiveness of surgical treatment still needs to be further veriﬁed by prospective randomized controlled trials. Keywords: Moyamoya diseas",No,Previously curated in consolidated extraction; denominator audit retained,Yes,Previously curated in consolidated extraction; denominator audit retained,Subgroup,Yes,"ge risks of bypass surgery were both lower than those of conservative treatment (ischemic events: OR = 0.16, 95% CI : 0.06–0.43, P = 0.0004; hemorrhage events: OR = 0.39, 95% CI : 0.18–0.84, P = 0.02). The funnel plot of the six articles analyzed by patient number showed no signiﬁcant publication bias. Conclusion: Compared with conservative treatment, bypass surgery can reduce the risk of long-term ischemic and hemorrhage events in adult patients with symptomatic moyamoya disease. Due to diƯerences in race and special populations, the eƯectiveness of surgical treatment still needs to be further veriﬁed by prospective randomized controlled trials. Keywords: Moyamoya diseas",Curated extraction — eligible after final denominator check,,"Studies: 8; patients: 1,160",[MESCLADO 1 p. 102],Cannot claim equal benefit in ischemic-onset disease when subgroup estimates are imprecise/heterogeneous. Perioperative stroke/hemorrhage versus delayed reduction in recurrent events.,retain,,Bypass surgery,Conservative treatment,TRUE,TRUE,,TRUE,TRUE,TRUE,TRUE,Clinical events/safety,Adult hemorrhagic,Hemorrhagic MMD: revascularization comparison,Late hemorrhage/rebleeding,Late/long-term,Patient,OR,FALSE,FALSE,NOT_REQUIRED,,,0.39,0.18,0.84,Bypass surgery,Conservative treatment,0.39,0.18,0.84,-0.941608539858445,-1.7147984280919266,-0.1743533871447778,0.941608539858445,1.7147984280919266,0.1743533871447778,0.1743533871447778,1.7147984280919266,Precise benefit,CI excludes null,OR 0.39 (0.18 to 0.84),OR 0.39 (0.18 to 0.84),FALSE
E0014,R010,MOY-0073,Tier 1 — Core formal synthesis,Technique-specific/failure,Angiographic/technical success,Efficacy of double anastomosis STA-MCA bypass in adult Moyamoya disease and cerebral atherosclerosis disease: a systematic review and meta-analysis,Adults undergoing double-anastomosis STA–MCA bypass; MMD and cerebral atherosclerosis analyzed,Double-anastomosis STA–MCA bypass,MMD versus cerebral atherosclerosis and/or double versus single anastomosis,Overall postoperative bypass patency,follow-up,bypass/anastomosis,Studies: 15; patients: 417,pooled proportion/comparison,Comparable between MMD and atherosclerotic disease groups,NR,NR,NR,No clear disease-group difference in stroke/patency,[MESCLADO 1 p. 115],"Cannot infer superiority over single-barrel bypass from predominantly single-arm data. Greater flow/coverage versus longer, more complex surgery and potential hyperperfusion.",Critically low,Unclear,Core clinical-surgical evidence table,Previously curated in consolidated extraction; denominator audit retained,"Do not pool across age, MMD/MMS, presentation, early/late horizon or patient/hemisphere/procedure units unless explicitly harmonized.",MOY-0073,Tier 1 — Core formal synthesis,Efficacy of double anastomosis STA-MCA bypass in adult Moyamoya disease and cerebral atherosclerosis disease: a systematic review and meta-analysis,Yes,Critically low,Unclear,,,,FALSE,FALSE,FALSE,,ADULT_MIX,C13,O11,T4,U04,EM_PROPORTION,DESCRIPTIVE_WITH_COMPARATOR,1,canonical,1,ADULT_MIX|C13|O11|T4|U04,ADULT_MIX|C13|O11|T4|U04|EM_PROPORTION,High,FALSE,FALSE,review_profile,review_profile,keyword,mixed_or_unspecified_followup,exact,proportion,,,,FALSE,FALSE,FALSE,,,,TRUE,TRUE,FALSE,ADULT_MIX|C13|O11|T4|U04,ADULT_MIX|C13|O11|T4|U04|EM_PROPORTION,Curated extraction — eligible after final denominator check,No,,Single-arm and subgroup synthesis,"in CBF. Additionally, double anastomosis showed a higher CFI compared to single anastomosis (MD: 0.25; 95%CI: 0.12–0.38; p < 0.001). Double anastomosis STA-MCA bypass demonstrated comparable stroke and patency rates between groups. MMD patients had significantly higher CFI and MTT values, with double anastomosis yielding superior CFI compared to single anastomosis. Keywords Atherosclerosis · Cerebrovascular circulation · Cerebral revascularization · Moyamoya disease · Perfusion Received: 20 May 2025 / Revised: 25 May 2025 / Accepted: 3 August 2025 / Published online: 16 August 2025 © The Author(s), under exclusive licence to Springer-Verlag GmbH Germany, part of Springer",No,Previously curated in consolidated extraction; denominator audit retained,Yes,Previously curated in consolidated extraction; denominator audit retained,Single-arm and subgroup synthesis,Yes,"in CBF. Additionally, double anastomosis showed a higher CFI compared to single anastomosis (MD: 0.25; 95%CI: 0.12–0.38; p < 0.001). Double anastomosis STA-MCA bypass demonstrated comparable stroke and patency rates between groups. MMD patients had significantly higher CFI and MTT values, with double anastomosis yielding superior CFI compared to single anastomosis. Keywords Atherosclerosis · Cerebrovascular circulation · Cerebral revascularization · Moyamoya disease · Perfusion Received: 20 May 2025 / Revised: 25 May 2025 / Accepted: 3 August 2025 / Published online: 16 August 2025 © The Author(s), under exclusive licence to Springer-Verlag GmbH Germany, part of Springer",Curated extraction — eligible after final denominator check,,Studies: 15; patients: 417,[MESCLADO 1 p. 115],"Cannot infer superiority over single-barrel bypass from predominantly single-arm data. Greater flow/coverage versus longer, more complex surgery and potential hyperperfusion.",retain,,Double-anastomosis STA–MCA bypass,MMD versus cerebral atherosclerosis and/or double versus single anastomosis,TRUE,TRUE,,TRUE,FALSE,FALSE,TRUE,Technical,Adult mixed,Double-barrel vs benchmark,Bypass patency/capacity,Mixed/unspecified follow-up,Bypass/anastomosis,Proportion,FALSE,FALSE,NOT_REQUIRED,,,,,,Double-anastomosis STA–MCA bypass,MMD versus cerebral atherosclerosis and/or double versus single anastomosis,,,,,,,,,,,,Direction not prespecified,Not orientable,NR,NR,FALSE
E0015,R010,MOY-0073,Tier 1 — Core formal synthesis,Technique-specific/failure,Other,Efficacy of double anastomosis STA-MCA bypass in adult Moyamoya disease and cerebral atherosclerosis disease: a systematic review and meta-analysis,Patients undergoing double-barrel/double-anastomosis STA-MCA bypass; some reviews include non-MMD occlusive disease.,Double anastomosis,Single anastomosis,Cerebral flow index with double versus single anastomosis,postoperative,bypass,Studies: 15; patients: 417,pooled continuous comparison,Higher with double anastomosis,NR,NR,NR,Favours double anastomosis for flow surrogate,[MESCLADO 1 p. 115],Hemodynamic surrogate; cannot infer fewer clinical strokes from higher CFI.,Critically low,Unclear,Core clinical-surgical evidence table,Previously curated in consolidated extraction; denominator audit retained,"Do not pool across age, MMD/MMS, presentation, early/late horizon or patient/hemisphere/procedure units unless explicitly harmonized.",MOY-0073,Tier 1 — Core formal synthesis,Efficacy of double anastomosis STA-MCA bypass in adult Moyamoya disease and cerebral atherosclerosis disease: a systematic review and meta-analysis,Yes,Critically low,Unclear,,,,FALSE,FALSE,FALSE,,ADULT_MIX,C13,O12,T4,U04,EM_CONTINUOUS_OTHER,DESCRIPTIVE_WITH_COMPARATOR,1,canonical,0,ADULT_MIX|C13|O12|T4|U04,ADULT_MIX|C13|O12|T4|U04|EM_CONTINUOUS_OTHER,High,FALSE,FALSE,review_profile,review_profile,keyword,mixed_or_unspecified_followup,exact,continuous_other,,,,FALSE,FALSE,FALSE,,,,TRUE,TRUE,FALSE,ADULT_MIX|C13|O12|T4|U04,ADULT_MIX|C13|O12|T4|U04|EM_CONTINUOUS_OTHER,Curated extraction — eligible after final denominator check,No,,Subgroup,"stomosis STA-MCA bypass demonstrated comparable stroke and patency rates between groups. MMD patients had significantly higher CFI and MTT values, with double anastomosis yielding superior CFI compared to single anastomosis. Keywords Atherosclerosis · Cerebrovascular circulation · Cerebral revascularization · Moyamoya disease · Perfusion Received: 20 May 2025 / Revised: 25 May 2025 / Accepted: 3 August 2025 / Published online: 16 August 2025 © The Author(s), under exclusive licence to Springer-Verlag GmbH Germany, part of Springer Nature 2025 Efficacy of double anastomosis STA-MCA bypass in adult Moyamoya disease and cerebral atherosclerosis disease: a systematic review a",No,Previously curated in consolidated extraction; denominator audit retained,Yes,Previously curated in consolidated extraction; denominator audit retained,Subgroup,Yes,"stomosis STA-MCA bypass demonstrated comparable stroke and patency rates between groups. MMD patients had significantly higher CFI and MTT values, with double anastomosis yielding superior CFI compared to single anastomosis. Keywords Atherosclerosis · Cerebrovascular circulation · Cerebral revascularization · Moyamoya disease · Perfusion Received: 20 May 2025 / Revised: 25 May 2025 / Accepted: 3 August 2025 / Published online: 16 August 2025 © The Author(s), under exclusive licence to Springer-Verlag GmbH Germany, part of Springer Nature 2025 Efficacy of double anastomosis STA-MCA bypass in adult Moyamoya disease and cerebral atherosclerosis disease: a systematic review a",Curated extraction — eligible after final denominator check,,Studies: 15; patients: 417,[MESCLADO 1 p. 115],Hemodynamic surrogate; cannot infer fewer clinical strokes from higher CFI.,retain,,Double anastomosis,Single anastomosis,TRUE,TRUE,,TRUE,FALSE,FALSE,TRUE,Hemodynamic,Adult mixed,Double-barrel vs benchmark,CBF/CVR/OEF/perfusion,Mixed/unspecified follow-up,Bypass/anastomosis,Continuous,FALSE,FALSE,NOT_REQUIRED,,,,,,Double anastomosis,Single anastomosis,,,,,,,,,,,,Direction not prespecified,Not orientable,NR,NR,FALSE
E0016,R011,MOY-0155,Tier 1 — Core formal synthesis,General revascularization/technique comparison,Angiographic/technical success,"Risk of post-revascularization stroke in Moyamoya disease: A systematic review, meta-analysis, and meta-regression",Pediatric MMD,Revascularization surgery,Risk factor absent/reference,Post-revascularization stroke: age <3 years,postoperative,patient/procedure,Studies: 26; patients: NR,OR,7.60,NR,NR,NR,Higher postoperative stroke risk,[MESCLADO 1 p. 130],Association is prognostic and does not prove that a surgical technique is superior.,Critically low,High,Core clinical-surgical evidence table,Previously curated in consolidated extraction; denominator audit retained,"Do not pool across age, MMD/MMS, presentation, early/late horizon or patient/hemisphere/procedure units unless explicitly harmonized.",MOY-0155,Tier 1 — Core formal synthesis,"Risk of post-revascularization stroke in Moyamoya disease: A systematic review, meta-analysis, and meta-regression",Yes,Critically low,High,7.6,,,TRUE,FALSE,TRUE,,PED_MIX,C00,O02,T4,U07,EM_OR,PROGNOSTIC,0,not_orientable,-1,PED_MIX|C00|O02|T4|U07,PED_MIX|C00|O02|T4|U07|EM_OR,Moderate,TRUE,FALSE,age_subgroup_text,no_authorized_comparison,risk_review_target,mixed_or_unspecified_followup,mixed_or_unclear,exact,C00 and O99 are operational noninferential codes and do not create new SAP comparisons/outcomes.,,,TRUE,FALSE,FALSE,2.028148247292285,,,FALSE,TRUE,FALSE,PED_MIX|C00|O02|T4|U07,PED_MIX|C00|O02|T4|U07|EM_OR,Curated extraction — eligible after final denominator check,No,,Risk-factor meta-analysis,age < 3,No,Previously curated in consolidated extraction; denominator audit retained,Yes,Previously curated in consolidated extraction; denominator audit retained,Risk-factor meta-analysis,Yes,age < 3,Curated extraction — eligible after final denominator check,,Studies: 26; patients: NR,[MESCLADO 1 p. 130],Association is prognostic and does not prove that a surgical technique is superior.,retain,,Revascularization surgery,Risk factor absent/reference,TRUE,TRUE,,FALSE,FALSE,FALSE,TRUE,Clinical events/safety,Pediatric mixed MMD/MMS,No formal comparison,Late ischemic stroke,Mixed/unspecified follow-up,Mixed/unclear,OR,TRUE,FALSE,NOT_REQUIRED_AFTER_INITIAL_HARMONIZATION,,,7.6,,,Revascularization surgery,Risk factor absent/reference,7.6,,,2.028148247292285,,,-2.028148247292285,,,,,Imprecise harm direction,CI includes null,OR 7.60,OR 7.60,FALSE
E0017,R011,MOY-0155,Tier 1 — Core formal synthesis,General revascularization/technique comparison,Angiographic/technical success,"Risk of post-revascularization stroke in Moyamoya disease: A systematic review, meta-analysis, and meta-regression",Adult MMD,Revascularization surgery,Risk factor absent/reference,Post-revascularization stroke: diabetes mellitus,postoperative,patient/procedure,Studies: 26; patients: NR,OR,2.10,NR,NR,NR,Higher postoperative stroke risk,[MESCLADO 1 p. 130],Association is prognostic and does not prove that a surgical technique is superior.,Critically low,High,Core clinical-surgical evidence table,Previously curated in consolidated extraction; denominator audit retained,"Do not pool across age, MMD/MMS, presentation, early/late horizon or patient/hemisphere/procedure units unless explicitly harmonized.",MOY-0155,Tier 1 — Core formal synthesis,"Risk of post-revascularization stroke in Moyamoya disease: A systematic review, meta-analysis, and meta-regression",Yes,Critically low,High,2.1,,,TRUE,FALSE,TRUE,,MIXED_UNSEP,C00,O02,T4,U07,EM_OR,PROGNOSTIC,0,not_orientable,-1,MIXED_UNSEP|C00|O02|T4|U07,MIXED_UNSEP|C00|O02|T4|U07|EM_OR,Moderate,TRUE,FALSE,review_profile,no_authorized_comparison,risk_review_target,mixed_or_unspecified_followup,mixed_or_unclear,exact,C00 and O99 are operational noninferential codes and do not create new SAP comparisons/outcomes.,,,TRUE,FALSE,FALSE,0.7419373447293773,,,FALSE,TRUE,FALSE,MIXED_UNSEP|C00|O02|T4|U07,MIXED_UNSEP|C00|O02|T4|U07|EM_OR,Curated extraction — eligible after final denominator check,No,,Risk-factor meta-analysis,"vel moderators. Twenty-six studies involving 9,698 patients (mean age 40.16 ± 2.02 years; 63.57% female) met the inclusion criteria. Age (per year increase) (OR: 1.02; 1.02–1.03), diabetes mellitus (OR: 1.35; 1.15–1.58), hypertension (OR: 1.05; 1.00–1.10), smoking (OR: 1.84; 1.22–2.77), PCA involvement (OR: 2.22; 1.55–3.17), presenting ischemia (OR: 2.54; 1.54–4.16), and advanced Suzuki grade (OR: 1.20; 1.01–1.42) were associated with increased post- revascularization stroke risk. Surgical intervention reduced the risk of stroke (OR: 0.66; 0.45–0.97). In ischemic moy amoya disease, thyroid disorder, smoking, diabetes mellitus, PCA involvement, advanced Suzuki grade, and i",No,Previously curated in consolidated extraction; denominator audit retained,Yes,Previously curated in consolidated extraction; denominator audit retained,Risk-factor meta-analysis,Yes,"vel moderators. Twenty-six studies involving 9,698 patients (mean age 40.16 ± 2.02 years; 63.57% female) met the inclusion criteria. Age (per year increase) (OR: 1.02; 1.02–1.03), diabetes mellitus (OR: 1.35; 1.15–1.58), hypertension (OR: 1.05; 1.00–1.10), smoking (OR: 1.84; 1.22–2.77), PCA involvement (OR: 2.22; 1.55–3.17), presenting ischemia (OR: 2.54; 1.54–4.16), and advanced Suzuki grade (OR: 1.20; 1.01–1.42) were associated with increased post- revascularization stroke risk. Surgical intervention reduced the risk of stroke (OR: 0.66; 0.45–0.97). In ischemic moy amoya disease, thyroid disorder, smoking, diabetes mellitus, PCA involvement, advanced Suzuki grade, and i",Curated extraction — eligible after final denominator check,,Studies: 26; patients: NR,[MESCLADO 1 p. 130],Association is prognostic and does not prove that a surgical technique is superior.,retain,,Revascularization surgery,Risk factor absent/reference,TRUE,TRUE,,FALSE,FALSE,FALSE,TRUE,Clinical events/safety,Mixed/unseparated,No formal comparison,Late ischemic stroke,Mixed/unspecified follow-up,Mixed/unclear,OR,TRUE,FALSE,NOT_REQUIRED_AFTER_INITIAL_HARMONIZATION,,,2.1,,,Revascularization surgery,Risk factor absent/reference,2.1,,,0.7419373447293773,,,-0.7419373447293773,,,,,Imprecise harm direction,CI includes null,OR 2.10,OR 2.10,FALSE
E0018,R011,MOY-0155,Tier 1 — Core formal synthesis,General revascularization/technique comparison,Angiographic/technical success,"Risk of post-revascularization stroke in Moyamoya disease: A systematic review, meta-analysis, and meta-regression",Adult MMD,Revascularization surgery,Risk factor absent/reference,Post-revascularization stroke: Suzuki stage >3,postoperative,patient/procedure,Studies: 26; patients: NR,OR,1.74,NR,NR,NR,Higher postoperative stroke risk,[MESCLADO 1 p. 130],Association is prognostic and does not prove that a surgical technique is superior.,Critically low,High,Core clinical-surgical evidence table,Previously curated in consolidated extraction; denominator audit retained,"Do not pool across age, MMD/MMS, presentation, early/late horizon or patient/hemisphere/procedure units unless explicitly harmonized.",MOY-0155,Tier 1 — Core formal synthesis,"Risk of post-revascularization stroke in Moyamoya disease: A systematic review, meta-analysis, and meta-regression",Yes,Critically low,High,1.74,,,TRUE,FALSE,TRUE,,MIXED_UNSEP,C00,O02,T4,U07,EM_OR,PROGNOSTIC,0,not_orientable,-1,MIXED_UNSEP|C00|O02|T4|U07,MIXED_UNSEP|C00|O02|T4|U07|EM_OR,Moderate,TRUE,FALSE,review_profile,no_authorized_comparison,risk_review_target,mixed_or_unspecified_followup,mixed_or_unclear,exact,C00 and O99 are operational noninferential codes and do not create new SAP comparisons/outcomes.,,,TRUE,FALSE,FALSE,0.5538851132264376,,,FALSE,TRUE,FALSE,MIXED_UNSEP|C00|O02|T4|U07,MIXED_UNSEP|C00|O02|T4|U07|EM_OR,Curated extraction — eligible after final denominator check,No,,Risk-factor meta-analysis,"1.35; 1.15–1.58), hypertension (OR: 1.05; 1.00–1.10), smoking (OR: 1.84; 1.22–2.77), PCA involvement (OR: 2.22; 1.55–3.17), presenting ischemia (OR: 2.54; 1.54–4.16), and advanced Suzuki grade (OR: 1.20; 1.01–1.42) were associated with increased post- revascularization stroke risk. Surgical intervention reduced the risk of stroke (OR: 0.66; 0.45–0.97). In ischemic moy amoya disease, thyroid disorder, smoking, diabetes mellitus, PCA involvement, advanced Suzuki grade, and increasing age merged as the principal predictors of any post-revascularization stroke. In hemorrhagic moyamoya disease, the risk of post-revascularization stroke was more strongly associated with diabete",No,Previously curated in consolidated extraction; denominator audit retained,Yes,Previously curated in consolidated extraction; denominator audit retained,Risk-factor meta-analysis,Yes,"1.35; 1.15–1.58), hypertension (OR: 1.05; 1.00–1.10), smoking (OR: 1.84; 1.22–2.77), PCA involvement (OR: 2.22; 1.55–3.17), presenting ischemia (OR: 2.54; 1.54–4.16), and advanced Suzuki grade (OR: 1.20; 1.01–1.42) were associated with increased post- revascularization stroke risk. Surgical intervention reduced the risk of stroke (OR: 0.66; 0.45–0.97). In ischemic moy amoya disease, thyroid disorder, smoking, diabetes mellitus, PCA involvement, advanced Suzuki grade, and increasing age merged as the principal predictors of any post-revascularization stroke. In hemorrhagic moyamoya disease, the risk of post-revascularization stroke was more strongly associated with diabete",Curated extraction — eligible after final denominator check,,Studies: 26; patients: NR,[MESCLADO 1 p. 130],Association is prognostic and does not prove that a surgical technique is superior.,retain,,Revascularization surgery,Risk factor absent/reference,TRUE,TRUE,,FALSE,FALSE,FALSE,TRUE,Clinical events/safety,Mixed/unseparated,No formal comparison,Late ischemic stroke,Mixed/unspecified follow-up,Mixed/unclear,OR,TRUE,FALSE,NOT_REQUIRED_AFTER_INITIAL_HARMONIZATION,,,1.74,,,Revascularization surgery,Risk factor absent/reference,1.74,,,0.5538851132264376,,,-0.5538851132264376,,,,,Imprecise harm direction,CI includes null,OR 1.74,OR 1.74,FALSE
E0019,R011,MOY-0155,Tier 1 — Core formal synthesis,General revascularization/technique comparison,Angiographic/technical success,"Risk of post-revascularization stroke in Moyamoya disease: A systematic review, meta-analysis, and meta-regression",MMD,Revascularization surgery,Risk factor absent/reference,Post-revascularization stroke: PCA involvement,postoperative,patient/procedure,Studies: 26; patients: NR,OR,NR,NR,NR,NR,Higher postoperative stroke risk,[MESCLADO 1 p. 130],Association is prognostic and does not prove that a surgical technique is superior.,Critically low,High,Core clinical-surgical evidence table,Previously curated in consolidated extraction; denominator audit retained,"Do not pool across age, MMD/MMS, presentation, early/late horizon or patient/hemisphere/procedure units unless explicitly harmonized.",MOY-0155,Tier 1 — Core formal synthesis,"Risk of post-revascularization stroke in Moyamoya disease: A systematic review, meta-analysis, and meta-regression",Yes,Critically low,High,,,,TRUE,FALSE,FALSE,,MIXED_UNSEP,C00,O02,T4,U07,EM_OR,PROGNOSTIC,0,not_orientable,-1,MIXED_UNSEP|C00|O02|T4|U07,MIXED_UNSEP|C00|O02|T4|U07|EM_OR,Moderate,TRUE,FALSE,review_profile,no_authorized_comparison,risk_review_target,mixed_or_unspecified_followup,mixed_or_unclear,exact,C00 and O99 are operational noninferential codes and do not create new SAP comparisons/outcomes.,,,TRUE,FALSE,FALSE,,,,FALSE,TRUE,FALSE,MIXED_UNSEP|C00|O02|T4|U07,MIXED_UNSEP|C00|O02|T4|U07|EM_OR,Curated extraction — eligible after final denominator check,No,,Risk-factor meta-analysis,"ighest risk for stroke after revascularization is critical, yet previous studies have yielded inconsistent findings. Prior ischemic strokes, dia betes mellitus, and involvement of posterior circulation Abbreviations CVR Cerebrovascular reserve mRS Modified rankin scale PCA Posterior cerebral artery Tmax the time delay between the arrival of contrast in a large artery and the peak of tissue contrast enhancement Extended author information available on the last page of the article Abstract Moyamoya disease is a progressive cerebrovascular disorder in which cerebral revascularization is the primary treat ment, yet post-revascularization stroke remains a serious and incon",No,Previously curated in consolidated extraction; denominator audit retained,Yes,Previously curated in consolidated extraction; denominator audit retained,Risk-factor meta-analysis,Yes,"ighest risk for stroke after revascularization is critical, yet previous studies have yielded inconsistent findings. Prior ischemic strokes, dia betes mellitus, and involvement of posterior circulation Abbreviations CVR Cerebrovascular reserve mRS Modified rankin scale PCA Posterior cerebral artery Tmax the time delay between the arrival of contrast in a large artery and the peak of tissue contrast enhancement Extended author information available on the last page of the article Abstract Moyamoya disease is a progressive cerebrovascular disorder in which cerebral revascularization is the primary treat ment, yet post-revascularization stroke remains a serious and incon",Curated extraction — eligible after final denominator check,,Studies: 26; patients: NR,[MESCLADO 1 p. 130],Association is prognostic and does not prove that a surgical technique is superior.,retain,,Revascularization surgery,Risk factor absent/reference,TRUE,TRUE,,FALSE,FALSE,FALSE,TRUE,Clinical events/safety,Mixed/unseparated,No formal comparison,Late ischemic stroke,Mixed/unspecified follow-up,Mixed/unclear,OR,TRUE,FALSE,NOT_REQUIRED_AFTER_INITIAL_HARMONIZATION,,,,,,Revascularization surgery,Risk factor absent/reference,,,,,,,,,,,,Direction not prespecified,Not orientable,NR,NR,FALSE
E0020,R012,MOY-0094,Tier 1 — Core formal synthesis,Hemorrhagic phenotype,Hemorrhagic events,Hemorrhagic Moyamoya Disease Treatment: A Network Meta-Analysis,Hemorrhagic MMD,Surgical and conservative treatment strategies,Network of eligible strategies,Patients included in hemorrhagic MMD treatment network,follow-up,patient,"Studies: 9; patients: 1,050",count,"1,050",NR,NR,NR,Descriptive network sample,[MESCLADO 1 p. 145],Cannot treat network ranking as definitive because network assumptions and sparse nonrandomized comparisons are fragile. Immediate operative risk versus long-term rebleeding reduction.,Critically low,High,Core clinical-surgical evidence table,Previously curated in consolidated extraction; denominator audit retained,"Do not pool across age, MMD/MMS, presentation, early/late horizon or patient/hemisphere/procedure units unless explicitly harmonized.",MOY-0094,Tier 1 — Core formal synthesis,Hemorrhagic Moyamoya Disease Treatment: A Network Meta-Analysis,Yes,Critically low,High,1050,,,FALSE,FALSE,FALSE,,ADULT_HEM,C06,O05,T4,U01,EM_COUNT,DESCRIPTIVE_WITH_COMPARATOR,0,not_orientable,-1,ADULT_HEM|C06|O05|T4|U01,ADULT_HEM|C06|O05|T4|U01|EM_COUNT,High,FALSE,FALSE,review_profile,review_profile,keyword,mixed_or_unspecified_followup,exact,exact,,,,FALSE,FALSE,FALSE,,,,TRUE,TRUE,FALSE,ADULT_HEM|C06|O05|T4|U01,ADULT_HEM|C06|O05|T4|U01|EM_COUNT,Curated extraction — eligible after final denominator check,No,,Network meta-analysis,"cles and references from PubMed, Embase, and Cochrane database, and per- formed a network meta-analysis using R version 3.4.4 software. - RESULTS: A total of 9 articles (including 1050 patients) were included in our analysis. Of these 1050 patients, 557 underwent surgical revascularization (including direct and indirect bypass), and the remaining 493 patients were managed with a conservative treatment regimen. A pooled analysis revealed that surgical revascularization was superior to the conservative treatment regimen in decreasing the rate of recurrent stroke events (odds ratio [OR], 0.39; 95% confidence interval [CI], 0.24e0.65), including ischemic stroke recurrence (OR",No,Previously curated in consolidated extraction; denominator audit retained,Yes,Previously curated in consolidated extraction; denominator audit retained,Network meta-analysis,Yes,"cles and references from PubMed, Embase, and Cochrane database, and per- formed a network meta-analysis using R version 3.4.4 software. - RESULTS: A total of 9 articles (including 1050 patients) were included in our analysis. Of these 1050 patients, 557 underwent surgical revascularization (including direct and indirect bypass), and the remaining 493 patients were managed with a conservative treatment regimen. A pooled analysis revealed that surgical revascularization was superior to the conservative treatment regimen in decreasing the rate of recurrent stroke events (odds ratio [OR], 0.39; 95% confidence interval [CI], 0.24e0.65), including ischemic stroke recurrence (OR",Curated extraction — eligible after final denominator check,,"Studies: 9; patients: 1,050",[MESCLADO 1 p. 145],Cannot treat network ranking as definitive because network assumptions and sparse nonrandomized comparisons are fragile. Immediate operative risk versus long-term rebleeding reduction.,retain,,Surgical and conservative treatment strategies,Network of eligible strategies,TRUE,TRUE,,TRUE,FALSE,FALSE,TRUE,Clinical events/safety,Adult hemorrhagic,Hemorrhagic MMD: revascularization comparison,Late hemorrhage/rebleeding,Mixed/unspecified follow-up,Patient,Count,FALSE,FALSE,NOT_REQUIRED,,,1050,,,Surgical and conservative treatment strategies,Network of eligible strategies,1050,,,,,,,,,,,Direction not prespecified,Not orientable,Count 1050.00,Count 1050.00,FALSE
E0022,R015,MOY-1176,Tier 1 — Core formal synthesis,Pediatric revascularization,Other,Revascularisation surgery for paediatric moyamoya: a review of the literature,"Children with MMD/MMS undergoing direct, indirect or combined revascularization; selected reviews focus on epilepsy.","Indirect, direct or combined revascularization and subtécnicas.",Technique groups or pooled single-arm outcomes.,Pediatric/young-patient representation,follow-up,patient,"Studies: 57; patients: 1,448 (1,322 aged <21 years)",proportion,"1,322/1,448 (91%) under 21 years",NR,NR,NR,Descriptive,[MESCLADO 1 p. 170],"Cannot declare a universal best technique across ages, vessel size, MMS etiology and outcomes. Technical vessel limitations and perioperative risk versus delayed collateralization and possible late failure.",Critically low,High,Core clinical-surgical evidence table,Previously curated in consolidated extraction; denominator audit retained,"Do not pool across age, MMD/MMS, presentation, early/late horizon or patient/hemisphere/procedure units unless explicitly harmonized.",MOY-1176,Tier 1 — Core formal synthesis,Revascularisation surgery for paediatric moyamoya: a review of the literature,Yes,Critically low,High,,,,FALSE,FALSE,FALSE,,PED_MIX,C00,O99,T4,U01,EM_PROPORTION,DESCRIPTIVE,0,not_orientable,0,PED_MIX|C00|O99|T4|U01,PED_MIX|C00|O99|T4|U01|EM_PROPORTION,Moderate,TRUE,FALSE,review_profile,no_authorized_comparison,other_or_composite,mixed_or_unspecified_followup,exact,proportion,C00 and O99 are operational noninferential codes and do not create new SAP comparisons/outcomes.,,,FALSE,FALSE,FALSE,,,,FALSE,FALSE,FALSE,PED_MIX|C00|O99|T4|U01,PED_MIX|C00|O99|T4|U01|EM_PROPORTION,Curated extraction — eligible after final denominator check,No,,Systematic literature review,"ame patient database from two different centres. After excluding definitely overlapping studies, we analysed data from 57 studies, which included data from 1,448 patients, of whom 1,322 (91%) were under 21 years of age. All were retrospective case series. Forty-two (74%) of them came from Japanese institutions; 3 came from non-Japanese Asian countries, 7 from the USA, 3 from Canada and 1 each from Italy and the UK. Demographic features and clinical presentation The patients included in these studies had a wide age range at presentation, from 1 month to 59 years (mean 7.2 years). Twenty-two studies stated the ethnicity of the patients: 14 of them included 284 Japanese pati",No,Previously curated in consolidated extraction; denominator audit retained,Yes,Previously curated in consolidated extraction; denominator audit retained,Systematic literature review,Yes,"ame patient database from two different centres. After excluding definitely overlapping studies, we analysed data from 57 studies, which included data from 1,448 patients, of whom 1,322 (91%) were under 21 years of age. All were retrospective case series. Forty-two (74%) of them came from Japanese institutions; 3 came from non-Japanese Asian countries, 7 from the USA, 3 from Canada and 1 each from Italy and the UK. Demographic features and clinical presentation The patients included in these studies had a wide age range at presentation, from 1 month to 59 years (mean 7.2 years). Twenty-two studies stated the ethnicity of the patients: 14 of them included 284 Japanese pati",Curated extraction — eligible after final denominator check,,"Studies: 57; patients: 1,448 (1,322 aged <21 years)",[MESCLADO 1 p. 170],"Cannot declare a universal best technique across ages, vessel size, MMS etiology and outcomes. Technical vessel limitations and perioperative risk versus delayed collateralization and possible late failure.",retain,,"Indirect, direct or combined revascularization and subtécnicas.",Technique groups or pooled single-arm outcomes.,TRUE,TRUE,,TRUE,FALSE,FALSE,TRUE,Other/composite,Pediatric mixed MMD/MMS,No formal comparison,Other/composite,Mixed/unspecified follow-up,Patient,Proportion,TRUE,FALSE,NOT_REQUIRED_AFTER_INITIAL_HARMONIZATION,,,,,,"Indirect, direct or combined revascularization and subtécnicas.",Technique groups or pooled single-arm outcomes.,,,,,,,,,,,,Direction not prespecified,Not orientable,NR,NR,FALSE
E0023,R017,MOY-0072,Tier 1 — Core formal synthesis,Perioperative safety/risk,Other,Effects of intraoperative inhalational versus intravenous anesthesia on perioperative neurological outcomes and long-term prognosis in patients with moyamoya disease undergoing revascularization surgery: a systematic review and meta-analysis,"MMD patients undergoing revascularization; 1,673 patients/2,232 procedures",Inhalational anesthesia,Total intravenous anesthesia,Perioperative neurological outcomes by anesthetic technique,perioperative and long-term,patient/procedure,"Studies: 11 (6 core quantitative); patients: 1,673",pooled comparative effect,NR,NR,NR,NR,See outcome-specific pooled estimates in source,[MESCLADO 1 p. 185],Anesthetic comparisons are observational and center/protocol dependent.,Low,Unclear,Core clinical-surgical evidence table,Previously curated in consolidated extraction; denominator audit retained,"Do not pool across age, MMD/MMS, presentation, early/late horizon or patient/hemisphere/procedure units unless explicitly harmonized.",MOY-0072,Tier 1 — Core formal synthesis,Effects of intraoperative inhalational versus intravenous anesthesia on perioperative neurological outcomes and long-term prognosis in patients with moyamoya disease undergoing revascularization surgery: a systematic review and meta-analysis,Yes,Low,Unclear,,,,FALSE,FALSE,FALSE,,MIXED_UNSEP,C10,O99,T3,U07,EM_OTHER,DESCRIPTIVE_WITH_COMPARATOR,-1,reversed,0,MIXED_UNSEP|C10|O99|T3|U07,MIXED_UNSEP|C10|O99|T3|U07|EM_OTHER,Low,TRUE,FALSE,review_profile,review_profile,other_or_composite,long_term,mixed_or_unclear,other,C00 and O99 are operational noninferential codes and do not create new SAP comparisons/outcomes.,,,FALSE,FALSE,FALSE,,,,TRUE,FALSE,FALSE,MIXED_UNSEP|C10|O99|T3|U07,MIXED_UNSEP|C10|O99|T3|U07|EM_OTHER,Curated extraction — eligible after final denominator check,No,,Core quantitative analysis (6 studies),"nsient neurological events (TNEs), post-anesthesia care unit (PACU) delirium, and postoperative stroke. Evidence quality was graded using the GRADE system. Results Eleven studies (1673 patients, 2232 procedures) were included, with 6 studies constituting the core quantitative analysis set. Outcome coverage varied: 5 studies reported TNEs, 2 reported postoperative stroke, and only 1 single-center study reported PACU delirium. Pooled results showed no significant intergroup difference in TNEs (OR = 0.87, 95% CI: 0.55—1.38, P = 0.56, I² = 61%) or postoperative stroke (OR = 1.05, 95% CI: 0.50—2.17, P = 0.91, I² = 0%). Based on limited pediatric data, inhalational anesthesia m",No,Previously curated in consolidated extraction; denominator audit retained,Yes,Previously curated in consolidated extraction; denominator audit retained,Core quantitative analysis (6 studies),Yes,"nsient neurological events (TNEs), post-anesthesia care unit (PACU) delirium, and postoperative stroke. Evidence quality was graded using the GRADE system. Results Eleven studies (1673 patients, 2232 procedures) were included, with 6 studies constituting the core quantitative analysis set. Outcome coverage varied: 5 studies reported TNEs, 2 reported postoperative stroke, and only 1 single-center study reported PACU delirium. Pooled results showed no significant intergroup difference in TNEs (OR = 0.87, 95% CI: 0.55—1.38, P = 0.56, I² = 61%) or postoperative stroke (OR = 1.05, 95% CI: 0.50—2.17, P = 0.91, I² = 0%). Based on limited pediatric data, inhalational anesthesia m",Curated extraction — eligible after final denominator check,,"Studies: 11 (6 core quantitative); patients: 1,673",[MESCLADO 1 p. 185],Anesthetic comparisons are observational and center/protocol dependent.,retain,,Inhalational anesthesia,Total intravenous anesthesia,TRUE,TRUE,,TRUE,FALSE,FALSE,TRUE,Other/composite,Mixed/unseparated,Inhalational vs intravenous anesthesia,Other/composite,Late/long-term,Mixed/unclear,Other,TRUE,FALSE,NOT_REQUIRED_AFTER_INITIAL_HARMONIZATION,,,,,,Total intravenous anesthesia,Inhalational anesthesia,,,,,,,,,,,,Direction not prespecified,Not orientable,NR,NR,TRUE
E0024,R019,MOY-0114,Tier 1 — Core formal synthesis,Adult revascularization,Ischemic/stroke events,Meta-analysis of the surgical outcomes of symptomatic moyamoya disease in adults,Adults with symptomatic MMD,Revascularization,Conservative treatment,Future stroke: surgery versus conservative treatment,follow-up,patient,Studies: 11; patients: NR,OR,NR,NR,NR,NR,Review reports lower future stroke with surgery; exact outcome-specific estimates extracted in automatic rows where available,[MESCLADO 1 p. 210],"Cannot produce a universal ranking across mixed phenotypes and outcomes. Immediate flow and robust collaterals versus technical complexity, perioperative ischemia/hemorrhage and hyperperfusion.",Critically low,High,Core clinical-surgical evidence table,Previously curated in consolidated extraction; denominator audit retained,"Do not pool across age, MMD/MMS, presentation, early/late horizon or patient/hemisphere/procedure units unless explicitly harmonized.",MOY-0114,Tier 1 — Core formal synthesis,Meta-analysis of the surgical outcomes of symptomatic moyamoya disease in adults,Yes,Critically low,High,,,,TRUE,FALSE,FALSE,,ADULT_MIX,C01,O16,T4,U01,EM_OR,COMPARATIVE,1,canonical,-1,ADULT_MIX|C01|O16|T4|U01,ADULT_MIX|C01|O16|T4|U01|EM_OR,High,FALSE,FALSE,review_profile,text_rule,keyword,mixed_or_unspecified_followup,exact,exact,,,,TRUE,FALSE,FALSE,,,,TRUE,TRUE,FALSE,ADULT_MIX|C01|O16|T4|U01,ADULT_MIX|C01|O16|T4|U01|EM_OR,Curated extraction — eligible after final denominator check,No,,Comparative meta-analysis,"gram of the detailed search process. After record screening and determination of eligibility, 11 articles were included (Table 1 and Supple- mental Table 1). Among the 11 studies, 6 compared future stroke events in adult MMD patients between surgical and conservative treatment,6,11,19,23,27,29 and the remaining 5 investigated the difference in future stroke events be- tween adult MMD patients who underwent direct bypass surgery and those who underwent indirect bypass sur- gery.2,12,16,23,28 Efficacy of Bypass Surgery in Preventing Future Strokes in Adult MMD A total of 771 patients from 6 studies were included in this analysis (Fig. 2A). Among them, 531 patients un- derwe",No,Previously curated in consolidated extraction; denominator audit retained,Yes,Previously curated in consolidated extraction; denominator audit retained,Comparative meta-analysis,Yes,"gram of the detailed search process. After record screening and determination of eligibility, 11 articles were included (Table 1 and Supple- mental Table 1). Among the 11 studies, 6 compared future stroke events in adult MMD patients between surgical and conservative treatment,6,11,19,23,27,29 and the remaining 5 investigated the difference in future stroke events be- tween adult MMD patients who underwent direct bypass surgery and those who underwent indirect bypass sur- gery.2,12,16,23,28 Efficacy of Bypass Surgery in Preventing Future Strokes in Adult MMD A total of 771 patients from 6 studies were included in this analysis (Fig. 2A). Among them, 531 patients un- derwe",Curated extraction — eligible after final denominator check,,Studies: 11; patients: NR,[MESCLADO 1 p. 210],"Cannot produce a universal ranking across mixed phenotypes and outcomes. Immediate flow and robust collaterals versus technical complexity, perioperative ischemia/hemorrhage and hyperperfusion.",retain,,Revascularization,Conservative treatment,TRUE,TRUE,Reclassified as any/recurrent stroke or composite cerebrovascular event rather than ischemic or hemorrhagic stroke alone.,FALSE,FALSE,FALSE,TRUE,Clinical events/safety,Adult mixed,Surgery vs conservative,Any/recurrent stroke,Mixed/unspecified follow-up,Patient,OR,FALSE,FALSE,NOT_REQUIRED,,,,,,Revascularization,Conservative treatment,,,,,,,,,,,,Direction not prespecified,Not orientable,NR,NR,FALSE
E0025,R019,MOY-0114,Tier 1 — Core formal synthesis,Adult revascularization,Ischemic/stroke events,Meta-analysis of the surgical outcomes of symptomatic moyamoya disease in adults,Adults with symptomatic MMD,Direct bypass,Indirect bypass,Future stroke: direct versus indirect bypass,follow-up,patient/hemisphere,Studies: 11; patients: NR,OR,NR,NR,NR,NR,Technique comparison; interpret with observational confounding,[MESCLADO 1 p. 210],"Cannot produce a universal ranking across mixed phenotypes and outcomes. Immediate flow and robust collaterals versus technical complexity, perioperative ischemia/hemorrhage and hyperperfusion.",Critically low,High,Core clinical-surgical evidence table,Previously curated in consolidated extraction; denominator audit retained,"Do not pool across age, MMD/MMS, presentation, early/late horizon or patient/hemisphere/procedure units unless explicitly harmonized.",MOY-0114,Tier 1 — Core formal synthesis,Meta-analysis of the surgical outcomes of symptomatic moyamoya disease in adults,Yes,Critically low,High,,,,TRUE,FALSE,FALSE,,ADULT_MIX,C02,O16,T4,U07,EM_OR,COMPARATIVE,1,canonical,-1,ADULT_MIX|C02|O16|T4|U07,ADULT_MIX|C02|O16|T4|U07|EM_OR,High,FALSE,FALSE,review_profile,text_rule,keyword,mixed_or_unspecified_followup,mixed_or_unclear,exact,,,,TRUE,FALSE,FALSE,,,,TRUE,TRUE,FALSE,ADULT_MIX|C02|O16|T4|U07,ADULT_MIX|C02|O16|T4|U07|EM_OR,Curated extraction — eligible after final denominator check,No,,Comparative meta-analysis,"ble 1 and Supple- mental Table 1). Among the 11 studies, 6 compared future stroke events in adult MMD patients between surgical and conservative treatment,6,11,19,23,27,29 and the remaining 5 investigated the difference in future stroke events be- tween adult MMD patients who underwent direct bypass surgery and those who underwent indirect bypass sur- gery.2,12,16,23,28 Efficacy of Bypass Surgery in Preventing Future Strokes in Adult MMD A total of 771 patients from 6 studies were included in this analysis (Fig. 2A). Among them, 531 patients un- derwent 586 bypass procedures and 240 received con- servative treatment. Overall, bypass surgery significantly decreased the ris",No,Previously curated in consolidated extraction; denominator audit retained,Yes,Previously curated in consolidated extraction; denominator audit retained,Comparative meta-analysis,Yes,"ble 1 and Supple- mental Table 1). Among the 11 studies, 6 compared future stroke events in adult MMD patients between surgical and conservative treatment,6,11,19,23,27,29 and the remaining 5 investigated the difference in future stroke events be- tween adult MMD patients who underwent direct bypass surgery and those who underwent indirect bypass sur- gery.2,12,16,23,28 Efficacy of Bypass Surgery in Preventing Future Strokes in Adult MMD A total of 771 patients from 6 studies were included in this analysis (Fig. 2A). Among them, 531 patients un- derwent 586 bypass procedures and 240 received con- servative treatment. Overall, bypass surgery significantly decreased the ris",Curated extraction — eligible after final denominator check,,Studies: 11; patients: NR,[MESCLADO 1 p. 210],"Cannot produce a universal ranking across mixed phenotypes and outcomes. Immediate flow and robust collaterals versus technical complexity, perioperative ischemia/hemorrhage and hyperperfusion.",retain,,Direct bypass,Indirect bypass,TRUE,TRUE,Reclassified as any/recurrent stroke or composite cerebrovascular event rather than ischemic or hemorrhagic stroke alone.,FALSE,FALSE,FALSE,TRUE,Clinical events/safety,Adult mixed,Direct vs indirect,Any/recurrent stroke,Mixed/unspecified follow-up,Mixed/unclear,OR,FALSE,FALSE,NOT_REQUIRED,,,,,,Direct bypass,Indirect bypass,,,,,,,,,,,,Direction not prespecified,Not orientable,NR,NR,FALSE
E0026,R021,MOY-0178,Tier 1 — Core formal synthesis,Perioperative safety/risk,Ischemic/stroke events,The frequency of postoperative stroke in moyamoya disease following combined revascularization: a single-university series and systematic review,Institutional MMD cohort,Combined/direct plus indirect revascularization,NA,Institutional postoperative stroke,within 4 weeks,surgery,236 patients; 358 procedures,proportion,4.7% per surgery,2.8%–7.5%,NR,NR,Early postoperative stroke rate,[MESCLADO 2 p. 1],Cannot causally attribute postoperative stroke to technique from unadjusted observational pooling. More aggressive/complex revascularization may improve late protection but increase early vulnerability.,Critically low,High,Core clinical-surgical evidence table,Previously curated in consolidated extraction; denominator audit retained,"Do not pool across age, MMD/MMS, presentation, early/late horizon or patient/hemisphere/procedure units unless explicitly harmonized.",MOY-0178,Tier 1 — Core formal synthesis,The frequency of postoperative stroke in moyamoya disease following combined revascularization: a single-university series and systematic review,Yes,Critically low,High,,2.8,7.5,FALSE,FALSE,FALSE,,MIXED_UNSEP,C00,O01,T1,U03,EM_PROPORTION,DESCRIPTIVE,0,not_orientable,-1,MIXED_UNSEP|C00|O01|T1|U03,MIXED_UNSEP|C00|O01|T1|U03|EM_PROPORTION,Moderate,TRUE,FALSE,review_profile,no_authorized_comparison,keyword_horizon,early,exact,proportion,C00 and O99 are operational noninferential codes and do not create new SAP comparisons/outcomes.,2.8,7.5,FALSE,FALSE,FALSE,,,,FALSE,TRUE,FALSE,MIXED_UNSEP|C00|O01|T1|U03,MIXED_UNSEP|C00|O01|T1|U03|EM_PROPORTION,Curated extraction — eligible after final denominator check,No,,Institutional cohort component,"ical treatment to determine the incidence of postoperative complications in a larger population. Results. Seventeen instances of postoperative stroke were observed in 16 patients (4.7% per surgery, 95% CI 2.8%–7.5%). Postoperative stroke was more frequent (7.9% per surgery) in adults than in pediatric patients (1.7% per surgery, OR 4.07, 95% CI 1.12–14.7; p < 0.05). Acute progression of stenoocclusive changes were identified in the major cerebral arteries (anterior cerebral artery, n = 3; middle cerebral artery, n = 1; posterior cerebral artery, n = 2). The postoperative stroke rate was comparable with that (5.4%) determined from a literature search that included stud- ie",No,Previously curated in consolidated extraction; denominator audit retained,Yes,Previously curated in consolidated extraction; denominator audit retained,Institutional cohort component,Yes,"ical treatment to determine the incidence of postoperative complications in a larger population. Results. Seventeen instances of postoperative stroke were observed in 16 patients (4.7% per surgery, 95% CI 2.8%–7.5%). Postoperative stroke was more frequent (7.9% per surgery) in adults than in pediatric patients (1.7% per surgery, OR 4.07, 95% CI 1.12–14.7; p < 0.05). Acute progression of stenoocclusive changes were identified in the major cerebral arteries (anterior cerebral artery, n = 3; middle cerebral artery, n = 1; posterior cerebral artery, n = 2). The postoperative stroke rate was comparable with that (5.4%) determined from a literature search that included stud- ie",Curated extraction — eligible after final denominator check,,236 patients; 358 procedures,[MESCLADO 2 p. 1],Cannot causally attribute postoperative stroke to technique from unadjusted observational pooling. More aggressive/complex revascularization may improve late protection but increase early vulnerability.,retain,,Combined/direct plus indirect revascularization,NA,TRUE,TRUE,,TRUE,FALSE,FALSE,TRUE,Clinical events/safety,Mixed/unseparated,No formal comparison,Early ischemic stroke,Early/perioperative,Procedure,Proportion,TRUE,FALSE,NOT_REQUIRED_AFTER_INITIAL_HARMONIZATION,,,,2.8,7.5,Combined/direct plus indirect revascularization,NA,,2.8,7.5,,,,,,,,,Direction not prespecified,Not orientable,NR,NR,FALSE
E0027,R021,MOY-0178,Tier 1 — Core formal synthesis,Perioperative safety/risk,Ischemic/stroke events,The frequency of postoperative stroke in moyamoya disease following combined revascularization: a single-university series and systematic review,Institutional adult versus pediatric MMD,Combined revascularization,Adults versus pediatric patients,Institutional postoperative stroke: adults versus children,within 4 weeks,surgery,236 patients; 358 procedures,OR,7.9% vs 1.7%,OR 4.07; 1.12–14.7,<0.05,NR,Higher early stroke in adults,[MESCLADO 2 p. 1],Cannot causally attribute postoperative stroke to technique from unadjusted observational pooling. More aggressive/complex revascularization may improve late protection but increase early vulnerability.,Critically low,High,Core clinical-surgical evidence table,Previously curated in consolidated extraction; denominator audit retained,"Do not pool across age, MMD/MMS, presentation, early/late horizon or patient/hemisphere/procedure units unless explicitly harmonized.",MOY-0178,Tier 1 — Core formal synthesis,The frequency of postoperative stroke in moyamoya disease following combined revascularization: a single-university series and systematic review,Yes,Critically low,High,,,,TRUE,FALSE,FALSE,,MIXED_UNSEP,C00,O01,T1,U03,EM_OR,DESCRIPTIVE,0,not_orientable,-1,MIXED_UNSEP|C00|O01|T1|U03,MIXED_UNSEP|C00|O01|T1|U03|EM_OR,Moderate,TRUE,FALSE,review_profile,no_authorized_comparison,keyword_horizon,early,exact,exact,C00 and O99 are operational noninferential codes and do not create new SAP comparisons/outcomes.,,,TRUE,FALSE,FALSE,,,,FALSE,TRUE,FALSE,MIXED_UNSEP|C00|O01|T1|U03,MIXED_UNSEP|C00|O01|T1|U03|EM_OR,Curated extraction — eligible after final denominator check,No,,Institutional cohort subgroup,"ere observed in 16 patients (4.7% per surgery, 95% CI 2.8%–7.5%). Postoperative stroke was more frequent (7.9% per surgery) in adults than in pediatric patients (1.7% per surgery, OR 4.07, 95% CI 1.12–14.7; p < 0.05). Acute progression of stenoocclusive changes were identified in the major cerebral arteries (anterior cerebral artery, n = 3; middle cerebral artery, n = 1; posterior cerebral artery, n = 2). The postoperative stroke rate was comparable with that (5.4%) determined from a literature search that included stud- ies reporting more than 2000 direct/combined procedures. No differences in the stroke rates between the direct/com- bined and indirect procedures were fo",No,Previously curated in consolidated extraction; denominator audit retained,Yes,Previously curated in consolidated extraction; denominator audit retained,Institutional cohort subgroup,Yes,"ere observed in 16 patients (4.7% per surgery, 95% CI 2.8%–7.5%). Postoperative stroke was more frequent (7.9% per surgery) in adults than in pediatric patients (1.7% per surgery, OR 4.07, 95% CI 1.12–14.7; p < 0.05). Acute progression of stenoocclusive changes were identified in the major cerebral arteries (anterior cerebral artery, n = 3; middle cerebral artery, n = 1; posterior cerebral artery, n = 2). The postoperative stroke rate was comparable with that (5.4%) determined from a literature search that included stud- ies reporting more than 2000 direct/combined procedures. No differences in the stroke rates between the direct/com- bined and indirect procedures were fo",Curated extraction — eligible after final denominator check,,236 patients; 358 procedures,[MESCLADO 2 p. 1],Cannot causally attribute postoperative stroke to technique from unadjusted observational pooling. More aggressive/complex revascularization may improve late protection but increase early vulnerability.,retain,,Combined revascularization,Adults versus pediatric patients,TRUE,TRUE,,FALSE,FALSE,FALSE,TRUE,Clinical events/safety,Mixed/unseparated,No formal comparison,Early ischemic stroke,Early/perioperative,Procedure,OR,TRUE,FALSE,NOT_REQUIRED_AFTER_INITIAL_HARMONIZATION,,,,,,Combined revascularization,Adults versus pediatric patients,,,,,,,,,,,,Direction not prespecified,Not orientable,NR,NR,FALSE
E0028,R021,MOY-0178,Tier 1 — Core formal synthesis,Perioperative safety/risk,Ischemic/stroke events,The frequency of postoperative stroke in moyamoya disease following combined revascularization: a single-university series and systematic review,MMD literature cohort,Direct/combined bypass,Indirect bypass,Literature-review postoperative stroke,within 4 weeks/definitions varied,hemisphere/procedure,"35 studies; 3,946 patients; 6,203 hemispheres",pooled proportion,5.4%,NR,NR,NR,Comparable early stroke rate between direct/combined and indirect procedures,[MESCLADO 2 p. 1],Cannot causally attribute postoperative stroke to technique from unadjusted observational pooling. More aggressive/complex revascularization may improve late protection but increase early vulnerability.,Critically low,High,Core clinical-surgical evidence table,Previously curated in consolidated extraction; denominator audit retained,"Do not pool across age, MMD/MMS, presentation, early/late horizon or patient/hemisphere/procedure units unless explicitly harmonized.",MOY-0178,Tier 1 — Core formal synthesis,The frequency of postoperative stroke in moyamoya disease following combined revascularization: a single-university series and systematic review,Yes,Critically low,High,,,,FALSE,FALSE,FALSE,,MIXED_UNSEP,C03,O01,T1,U07,EM_PROPORTION,DESCRIPTIVE_WITH_COMPARATOR,1,canonical,-1,MIXED_UNSEP|C03|O01|T1|U07,MIXED_UNSEP|C03|O01|T1|U07|EM_PROPORTION,Moderate,TRUE,FALSE,review_profile,text_rule,keyword_horizon,early,mixed_or_unclear,proportion,,,,FALSE,FALSE,FALSE,,,,TRUE,TRUE,FALSE,MIXED_UNSEP|C03|O01|T1|U07,MIXED_UNSEP|C03|O01|T1|U07|EM_PROPORTION,Curated extraction — eligible after final denominator check,No,,Systematic review component,"major cerebral arteries (anterior cerebral artery, n = 3; middle cerebral artery, n = 1; posterior cerebral artery, n = 2). The postoperative stroke rate was comparable with that (5.4%) determined from a literature search that included stud- ies reporting more than 2000 direct/combined procedures. No differences in the stroke rates between the direct/com- bined and indirect procedures were found. In the literature review, direct/combined bypass was more often associated with excellent revascularization (angiographic opacification greater than two-thirds) than indirect bypass (p < 0.05). Conclusions. This experience of 358 consecutive procedures is one of the largest serie",No,Previously curated in consolidated extraction; denominator audit retained,Yes,Previously curated in consolidated extraction; denominator audit retained,Systematic review component,Yes,"major cerebral arteries (anterior cerebral artery, n = 3; middle cerebral artery, n = 1; posterior cerebral artery, n = 2). The postoperative stroke rate was comparable with that (5.4%) determined from a literature search that included stud- ies reporting more than 2000 direct/combined procedures. No differences in the stroke rates between the direct/com- bined and indirect procedures were found. In the literature review, direct/combined bypass was more often associated with excellent revascularization (angiographic opacification greater than two-thirds) than indirect bypass (p < 0.05). Conclusions. This experience of 358 consecutive procedures is one of the largest serie",Curated extraction — eligible after final denominator check,,"35 studies; 3,946 patients; 6,203 hemispheres",[MESCLADO 2 p. 1],Cannot causally attribute postoperative stroke to technique from unadjusted observational pooling. More aggressive/complex revascularization may improve late protection but increase early vulnerability.,retain,,Direct/combined bypass,Indirect bypass,TRUE,TRUE,,TRUE,FALSE,FALSE,TRUE,Clinical events/safety,Mixed/unseparated,Combined vs indirect,Early ischemic stroke,Early/perioperative,Mixed/unclear,Proportion,TRUE,FALSE,NOT_REQUIRED_AFTER_INITIAL_HARMONIZATION,,,,,,Direct/combined bypass,Indirect bypass,,,,,,,,,,,,Direction not prespecified,Not orientable,NR,NR,FALSE
E0029,R021,MOY-0178,Tier 1 — Core formal synthesis,Perioperative safety/risk,Angiographic/technical success,The frequency of postoperative stroke in moyamoya disease following combined revascularization: a single-university series and systematic review,MMD literature cohort,Direct/combined bypass,Indirect bypass,Excellent angiographic revascularization,follow-up,hemisphere,"Studies: 35 review studies; patients: Review: 3,946; institutional: 236",comparative proportion,Higher after direct/combined,NR,<0.05,NR,Favours direct/combined for angiographic collateralization,[MESCLADO 2 p. 1],Angiographic improvement is not automatically equivalent to fewer strokes.,Critically low,High,Core clinical-surgical evidence table,Previously curated in consolidated extraction; denominator audit retained,"Do not pool across age, MMD/MMS, presentation, early/late horizon or patient/hemisphere/procedure units unless explicitly harmonized.",MOY-0178,Tier 1 — Core formal synthesis,The frequency of postoperative stroke in moyamoya disease following combined revascularization: a single-university series and systematic review,Yes,Critically low,High,,,,FALSE,FALSE,FALSE,,MIXED_UNSEP,C03,O10,T4,U02,EM_PROPORTION,DESCRIPTIVE_WITH_COMPARATOR,1,canonical,1,MIXED_UNSEP|C03|O10|T4|U02,MIXED_UNSEP|C03|O10|T4|U02|EM_PROPORTION,High,FALSE,FALSE,review_profile,text_rule,keyword,mixed_or_unspecified_followup,exact,proportion,,,,FALSE,FALSE,FALSE,,,,TRUE,TRUE,FALSE,MIXED_UNSEP|C03|O10|T4|U02,MIXED_UNSEP|C03|O10|T4|U02|EM_PROPORTION,Curated extraction — eligible after final denominator check,No,,Systematic review component,"o differences in the stroke rates between the direct/com- bined and indirect procedures were found. In the literature review, direct/combined bypass was more often associated with excellent revascularization (angiographic opacification greater than two-thirds) than indirect bypass (p < 0.05). Conclusions. This experience of 358 consecutive procedures is one of the largest series for which the postopera- tive stoke rate for direct/combined bypass performed with a unified strategy has been reported. A systematic review confirmed that the postoperative stroke rate for the direct/combined procedure was comparable to that for the indirect procedure. (http://thejns.org/doi/abs/",No,Previously curated in consolidated extraction; denominator audit retained,Yes,Previously curated in consolidated extraction; denominator audit retained,Systematic review component,Yes,"o differences in the stroke rates between the direct/com- bined and indirect procedures were found. In the literature review, direct/combined bypass was more often associated with excellent revascularization (angiographic opacification greater than two-thirds) than indirect bypass (p < 0.05). Conclusions. This experience of 358 consecutive procedures is one of the largest series for which the postopera- tive stoke rate for direct/combined bypass performed with a unified strategy has been reported. A systematic review confirmed that the postoperative stroke rate for the direct/combined procedure was comparable to that for the indirect procedure. (http://thejns.org/doi/abs/",Curated extraction — eligible after final denominator check,,"Studies: 35 review studies; patients: Review: 3,946; institutional: 236",[MESCLADO 2 p. 1],Angiographic improvement is not automatically equivalent to fewer strokes.,retain,,Direct/combined bypass,Indirect bypass,TRUE,TRUE,,TRUE,FALSE,FALSE,TRUE,Angiographic,Mixed/unseparated,Combined vs indirect,Matsushima/collateralization,Mixed/unspecified follow-up,Hemisphere,Proportion,FALSE,FALSE,NOT_REQUIRED,,,,,,Direct/combined bypass,Indirect bypass,,,,,,,,,,,,Direction not prespecified,Not orientable,NR,NR,FALSE
E0030,R024,MOY-0066,Tier 1 — Core formal synthesis,Angiography/hemodynamics/monitoring,Angiographic/technical success,Direct Bypass Versus Indirect Bypass in Adult Moyamoya Angiopathy with Symptoms or Hemodynamic Instability: A Meta-analysis of Comparative Studies,Adults with symptomatic MMD or hemodynamic instability,Direct or combined bypass,Indirect bypass,Poor angiographic revascularization,late,hemisphere,Studies: 8; patients: 536,RR,0.35,0.15–0.84,0.02,NR,Favours direct/combined bypass,[MESCLADO 2 p. 34],No stronger conclusion than supported by the supplied text. NR.,Critically low,High,Core clinical-surgical evidence table,Previously curated in consolidated extraction; denominator audit retained,"Do not pool across age, MMD/MMS, presentation, early/late horizon or patient/hemisphere/procedure units unless explicitly harmonized.",MOY-0066,Tier 1 — Core formal synthesis,Direct Bypass Versus Indirect Bypass in Adult Moyamoya Angiopathy with Symptoms or Hemodynamic Instability: A Meta-analysis of Comparative Studies,Yes,Critically low,High,0.35,0.15,0.84,TRUE,TRUE,FALSE,TRUE,ADULT_ISCH,C15,O10,T3,U02,EM_RR,COMPARATIVE,1,not_orientable,-1,ADULT_ISCH|C15|O10|T3|U02,ADULT_ISCH|C15|O10|T3|U02|EM_RR,High,FALSE,FALSE,review_profile,review_profile,keyword,long_term,exact,exact,,0.15,0.84,TRUE,FALSE,TRUE,-1.0498221244986778,,,TRUE,TRUE,TRUE,ADULT_ISCH|C15|O10|T3|U02,ADULT_ISCH|C15|O10|T3|U02|EM_RR,Curated extraction — eligible after final denominator check,No,,Comparative meta-analysis,"ate at the end of the follow-up period. The direct bypass group, however, had a lower risk than the indirect bypass group for obtaining a poor angiographic revascularization rate (risk ratio, 0.35; 95% confidence in- terval, 0.15L0.84; P [ 0.02). - CONCLUSIONS: The current meta-analysis suggests that the direct or combined bypass surgical method is better for angiographic revascularization in adult moyamoya patients with symptoms or hemodynamic instability. Future studies may be necessary to confirm these findings. INTRODUCTION T he current goal in the surgical management of moyamoya angiopathy is to relieve hemodynamic stress that can cause stroke by augmenting blood ﬂow",No,Previously curated in consolidated extraction; denominator audit retained,Yes,Previously curated in consolidated extraction; denominator audit retained,Comparative meta-analysis,Yes,"ate at the end of the follow-up period. The direct bypass group, however, had a lower risk than the indirect bypass group for obtaining a poor angiographic revascularization rate (risk ratio, 0.35; 95% confidence in- terval, 0.15L0.84; P [ 0.02). - CONCLUSIONS: The current meta-analysis suggests that the direct or combined bypass surgical method is better for angiographic revascularization in adult moyamoya patients with symptoms or hemodynamic instability. Future studies may be necessary to confirm these findings. INTRODUCTION T he current goal in the surgical management of moyamoya angiopathy is to relieve hemodynamic stress that can cause stroke by augmenting blood ﬂow",Curated extraction — eligible after final denominator check,,Studies: 8; patients: 536,[MESCLADO 2 p. 34],No stronger conclusion than supported by the supplied text. NR.,retain,,Direct/combined bypass,Indirect bypass,TRUE,TRUE,Adult ischemic review combines direct and combined procedures against indirect bypass.,TRUE,TRUE,TRUE,TRUE,Angiographic,Adult ischemic,Adult direct/combined vs indirect,Matsushima/collateralization,Late/long-term,Hemisphere,RR,FALSE,FALSE,RESOLVED,"Adult review defines the direct group as direct or combined bypass. Outcome is poor angiographic revascularization, therefore lower RR is favorable.",,0.35,0.15,0.84,Direct/combined bypass,Indirect bypass,0.35,0.15,0.84,-1.0498221244986778,-1.8971199848858813,-0.1743533871447778,1.0498221244986778,1.8971199848858813,0.1743533871447778,0.1743533871447778,1.8971199848858813,Precise benefit,CI excludes null,RR 0.35 (0.15 to 0.84),RR 0.35 (0.15 to 0.84),FALSE
E0031,R024,MOY-0066,Tier 1 — Core formal synthesis,Angiography/hemodynamics/monitoring,Other,Direct Bypass Versus Indirect Bypass in Adult Moyamoya Angiopathy with Symptoms or Hemodynamic Instability: A Meta-analysis of Comparative Studies,Adults with symptomatic MMD or hemodynamic instability,Direct or combined bypass,Indirect bypass,Improved/normalized hemodynamic status,late,hemisphere,Studies: 8; patients: 536,RR,1.10,0.89–1.35,0.39,33%,No significant difference,[MESCLADO 2 p. 38],No stronger conclusion than supported by the supplied text. NR.,Critically low,High,Core clinical-surgical evidence table,Previously curated in consolidated extraction; denominator audit retained,"Do not pool across age, MMD/MMS, presentation, early/late horizon or patient/hemisphere/procedure units unless explicitly harmonized.",MOY-0066,Tier 1 — Core formal synthesis,Direct Bypass Versus Indirect Bypass in Adult Moyamoya Angiopathy with Symptoms or Hemodynamic Instability: A Meta-analysis of Comparative Studies,Yes,Critically low,High,1.1,0.89,1.35,TRUE,TRUE,FALSE,TRUE,ADULT_ISCH,C15,O12,T3,U02,EM_RR,COMPARATIVE,1,not_orientable,1,ADULT_ISCH|C15|O12|T3|U02,ADULT_ISCH|C15|O12|T3|U02|EM_RR,High,FALSE,FALSE,review_profile,review_profile,keyword,long_term,exact,exact,,0.89,1.35,TRUE,FALSE,TRUE,0.09531017980432493,,,TRUE,TRUE,TRUE,ADULT_ISCH|C15|O12|T3|U02,ADULT_ISCH|C15|O12|T3|U02|EM_RR,Curated extraction — eligible after final denominator check,No,,Comparative meta-analysis,"of the Q statistic and the Higgins I2 statistic for heterogeneity were 0.29 and 33%, respectively (Figure 4A). Therefore, a ﬁxed- effects model was used for the meta-analysis. The pooled RR of an improved or normalized hemodynamic status in adult moyamoya angiopathy patients from the direct bypass group compared with the indirect bypass group was 1.10 (95% CI, 0.89- 1.35; P ¼ 0.39). The funnel plot is not able to interpret publica- tion bias due to few included studies (Figure 4B). Perioperative Complication Rate A detailed summary is described in Table 3. Six studies were included for a meta-analysis of perioperative complications per hemisphere comparing between the dir",No,Previously curated in consolidated extraction; denominator audit retained,Yes,Previously curated in consolidated extraction; denominator audit retained,Comparative meta-analysis,Yes,"of the Q statistic and the Higgins I2 statistic for heterogeneity were 0.29 and 33%, respectively (Figure 4A). Therefore, a ﬁxed- effects model was used for the meta-analysis. The pooled RR of an improved or normalized hemodynamic status in adult moyamoya angiopathy patients from the direct bypass group compared with the indirect bypass group was 1.10 (95% CI, 0.89- 1.35; P ¼ 0.39). The funnel plot is not able to interpret publica- tion bias due to few included studies (Figure 4B). Perioperative Complication Rate A detailed summary is described in Table 3. Six studies were included for a meta-analysis of perioperative complications per hemisphere comparing between the dir",Curated extraction — eligible after final denominator check,,Studies: 8; patients: 536,[MESCLADO 2 p. 38],No stronger conclusion than supported by the supplied text. NR.,retain,,Direct/combined bypass,Indirect bypass,TRUE,TRUE,Adult ischemic review combines direct and combined procedures against indirect bypass.,TRUE,TRUE,TRUE,TRUE,Hemodynamic,Adult ischemic,Adult direct/combined vs indirect,CBF/CVR/OEF/perfusion,Late/long-term,Hemisphere,RR,FALSE,FALSE,RESOLVED,Adult review defines the direct group as direct or combined bypass. Improved/normalized hemodynamic status is beneficial.,,1.1,0.89,1.35,Direct/combined bypass,Indirect bypass,1.1,0.89,1.35,0.09531017980432493,-0.11653381625595151,0.30010459245033816,0.09531017980432493,-0.11653381625595151,0.30010459245033816,-0.11653381625595151,0.30010459245033816,Imprecise benefit direction,CI includes null,RR 1.10 (0.89 to 1.35),RR 1.10 (0.89 to 1.35),FALSE
E0032,R024,MOY-0066,Tier 1 — Core formal synthesis,Angiography/hemodynamics/monitoring,Other,Direct Bypass Versus Indirect Bypass in Adult Moyamoya Angiopathy with Symptoms or Hemodynamic Instability: A Meta-analysis of Comparative Studies,Adults with symptomatic MMD or hemodynamic instability,Direct or combined bypass,Indirect bypass,Perioperative complications,within 30 days,hemisphere,Studies: 8; patients: 536,RR,1.30,0.65–2.60,0.46,0%,No significant difference,[MESCLADO 2 p. 38],No stronger conclusion than supported by the supplied text. NR.,Critically low,High,Core clinical-surgical evidence table,Previously curated in consolidated extraction; denominator audit retained,"Do not pool across age, MMD/MMS, presentation, early/late horizon or patient/hemisphere/procedure units unless explicitly harmonized.",MOY-0066,Tier 1 — Core formal synthesis,Direct Bypass Versus Indirect Bypass in Adult Moyamoya Angiopathy with Symptoms or Hemodynamic Instability: A Meta-analysis of Comparative Studies,Yes,Critically low,High,1.3,0.65,2.6,TRUE,TRUE,FALSE,TRUE,ADULT_ISCH,C02,O99,T1,U02,EM_RR,COMPARATIVE,0,not_orientable,0,ADULT_ISCH|C02|O99|T1|U02,ADULT_ISCH|C02|O99|T1|U02|EM_RR,High,FALSE,FALSE,review_profile,review_profile,other_or_composite,early,exact,exact,C00 and O99 are operational noninferential codes and do not create new SAP comparisons/outcomes.,0.65,2.6,TRUE,FALSE,TRUE,0.26236426446749106,,,TRUE,FALSE,FALSE,ADULT_ISCH|C02|O99|T1|U02,ADULT_ISCH|C02|O99|T1|U02|EM_RR,Curated extraction — eligible after final denominator check,No,,Comparative meta-analysis,"P value of the Q statistic and the Higgins I2 statistic for heterogeneity were 0.71 and 0%, respectively (Figure 5A). A ﬁxed-effects model was cho- sen for the meta-analysis. The pooled RR of perioperative com- plications per hemisphere in adult MMD patients of the direct bypass group compared with the indirect bypass group was 1.30 (95% CI, 0.65-2.60; P ¼ 0.46) (Figure 5A). The funnel plot showed no publication bias in this meta-analysis (Figure 5B). DISCUSSION Although there were 2 recent systematic reviews regarding angio- graphic and clinical outcomes according to bypass methods in MMD,5,6 our studies showed the direct comparison results of outcomefordirectorcombined",No,Previously curated in consolidated extraction; denominator audit retained,Yes,Previously curated in consolidated extraction; denominator audit retained,Comparative meta-analysis,Yes,"P value of the Q statistic and the Higgins I2 statistic for heterogeneity were 0.71 and 0%, respectively (Figure 5A). A ﬁxed-effects model was cho- sen for the meta-analysis. The pooled RR of perioperative com- plications per hemisphere in adult MMD patients of the direct bypass group compared with the indirect bypass group was 1.30 (95% CI, 0.65-2.60; P ¼ 0.46) (Figure 5A). The funnel plot showed no publication bias in this meta-analysis (Figure 5B). DISCUSSION Although there were 2 recent systematic reviews regarding angio- graphic and clinical outcomes according to bypass methods in MMD,5,6 our studies showed the direct comparison results of outcomefordirectorcombined",Curated extraction — eligible after final denominator check,,Studies: 8; patients: 536,[MESCLADO 2 p. 38],No stronger conclusion than supported by the supplied text. NR.,retain,,Direct or combined bypass,Indirect bypass,TRUE,TRUE,,TRUE,FALSE,FALSE,TRUE,Other/composite,Adult ischemic,Direct vs indirect,Other/composite,Early/perioperative,Hemisphere,RR,FALSE,FALSE,NOT_REQUIRED,,,1.3,0.65,2.6,Direct or combined bypass,Indirect bypass,1.3,0.65,2.6,0.26236426446749106,-0.4307829160924542,0.9555114450274363,,,,,,Direction not prespecified,Not orientable,RR 1.30 (0.65 to 2.60),RR 1.30 (0.65 to 2.60),FALSE
E0033,R029,MOY-0112,Tier 1 — Core formal synthesis,General revascularization/technique comparison,Ischemic/stroke events,Meta-Analysis of Prognosis of Different Treatments for Symptomatic Moyamoya Disease,Symptomatic MMD; phenotype-specific where indicated,Revascularization surgery,Conservative treatment,Future stroke: surgery versus conservative,follow-up,patient/examination as reported,"Studies: 27; patients: At least 2,287 in surgery-versus-conservative comparison; denominators vary by outcome",OR,0.26,0.20–0.33,<0.001,NR,Favours surgery,[MESCLADO 2 p. 110],No stronger conclusion than supported by the supplied text. NR.,Critically low,High,Core clinical-surgical evidence table,Previously curated in consolidated extraction; denominator audit retained,"Do not pool across age, MMD/MMS, presentation, early/late horizon or patient/hemisphere/procedure units unless explicitly harmonized.",MOY-0112,Tier 1 — Core formal synthesis,Meta-Analysis of Prognosis of Different Treatments for Symptomatic Moyamoya Disease,Yes,Critically low,High,0.26,0.2,0.33,TRUE,TRUE,FALSE,TRUE,MIXED_UNSEP,C01,O16,T4,U07,EM_OR,COMPARATIVE,1,canonical,-1,MIXED_UNSEP|C01|O16|T4|U07,MIXED_UNSEP|C01|O16|T4|U07|EM_OR,Moderate,TRUE,FALSE,review_profile,text_rule,keyword,mixed_or_unspecified_followup,mixed_or_unclear,exact,,0.2,0.33,TRUE,FALSE,TRUE,-1.3470736479666092,-1.3470736479666092,1.3470736479666092,TRUE,TRUE,TRUE,MIXED_UNSEP|C01|O16|T4|U07,MIXED_UNSEP|C01|O16|T4|U07|EM_OR,Curated extraction — eligible after final denominator check,No,,Comparative meta-analysis,"762 underwent conservative treatment. Overall, the surgery group was more ad- vantageous in reducing the risk of future stroke events than conservative treatment in MMD patients (OR 0.26, 95% CI 0.20e0.33, P < 0.001) (Figure 2A). For patients with hemorrhagic presentation, a total of 762 patients were included (442 patients received surgery and 320 had conservative treatment) and bypass surgery signiﬁcantly increased the efﬁcacy of recurrent stroke prevention (OR 0.21, 95% CI 0.14e0.33, P < 0.001) (Figure 2B). However, for patients with ischemic MMD, bypass surgery has no signiﬁcant advantage over conservative treatment (OR 0.58, 95% CI, 0.16e2.05, P ¼ 0.396) (Figure 2C)",No,Previously curated in consolidated extraction; denominator audit retained,Yes,Previously curated in consolidated extraction; denominator audit retained,Comparative meta-analysis,Yes,"762 underwent conservative treatment. Overall, the surgery group was more ad- vantageous in reducing the risk of future stroke events than conservative treatment in MMD patients (OR 0.26, 95% CI 0.20e0.33, P < 0.001) (Figure 2A). For patients with hemorrhagic presentation, a total of 762 patients were included (442 patients received surgery and 320 had conservative treatment) and bypass surgery signiﬁcantly increased the efﬁcacy of recurrent stroke prevention (OR 0.21, 95% CI 0.14e0.33, P < 0.001) (Figure 2B). However, for patients with ischemic MMD, bypass surgery has no signiﬁcant advantage over conservative treatment (OR 0.58, 95% CI, 0.16e2.05, P ¼ 0.396) (Figure 2C)",Curated extraction — eligible after final denominator check,,"Studies: 27; patients: At least 2,287 in surgery-versus-conservative comparison; denominators vary by outcome",[MESCLADO 2 p. 110],No stronger conclusion than supported by the supplied text. NR.,retain,,Revascularization surgery,Conservative treatment,TRUE,TRUE,Reclassified as any/recurrent stroke or composite cerebrovascular event rather than ischemic or hemorrhagic stroke alone.,TRUE,TRUE,TRUE,TRUE,Clinical events/safety,Mixed/unseparated,Surgery vs conservative,Any/recurrent stroke,Mixed/unspecified follow-up,Mixed/unclear,OR,FALSE,FALSE,RESOLVED,"Exact manuscript-ready estimate, comparator context, and PDF locator rechecked; residual flags reflected evidence heterogeneity/units/horizon rather than unresolved extraction.",,0.26,0.2,0.33,Revascularization surgery,Conservative treatment,0.26,0.2,0.33,-1.3470736479666092,-1.6094379124341003,-1.1086626245216111,1.3470736479666092,1.6094379124341003,1.1086626245216111,1.1086626245216111,1.6094379124341003,Precise benefit,CI excludes null,OR 0.26 (0.20 to 0.33),OR 0.26 (0.20 to 0.33),FALSE
E0034,R029,MOY-0112,Tier 1 — Core formal synthesis,General revascularization/technique comparison,Hemorrhagic events,Meta-Analysis of Prognosis of Different Treatments for Symptomatic Moyamoya Disease,Symptomatic MMD; phenotype-specific where indicated,Revascularization surgery,Conservative treatment,Future stroke: hemorrhagic presentation,follow-up,patient/examination as reported,"Studies: 27; patients: At least 2,287 in surgery-versus-conservative comparison; denominators vary by outcome",OR,0.21,0.14–0.33,<0.001,NR,Favours surgery,[MESCLADO 2 p. 110],No stronger conclusion than supported by the supplied text. NR.,Critically low,High,Core clinical-surgical evidence table,Previously curated in consolidated extraction; denominator audit retained,"Do not pool across age, MMD/MMS, presentation, early/late horizon or patient/hemisphere/procedure units unless explicitly harmonized.",MOY-0112,Tier 1 — Core formal synthesis,Meta-Analysis of Prognosis of Different Treatments for Symptomatic Moyamoya Disease,Yes,Critically low,High,0.21,0.14,0.33,TRUE,TRUE,FALSE,TRUE,ADULT_HEM,C06,O16,T4,U07,EM_OR,COMPARATIVE,1,canonical,-1,ADULT_HEM|C06|O16|T4|U07,ADULT_HEM|C06|O16|T4|U07|EM_OR,High,FALSE,FALSE,subgroup_text,text_rule,keyword,mixed_or_unspecified_followup,mixed_or_unclear,exact,,0.14,0.33,TRUE,FALSE,TRUE,-1.5606477482646683,-1.5606477482646683,1.5606477482646683,TRUE,TRUE,TRUE,ADULT_HEM|C06|O16|T4|U07,ADULT_HEM|C06|O16|T4|U07|EM_OR,Curated extraction — eligible after final denominator check,No,,Comparative meta-analysis,"762 patients were included (442 patients received surgery and 320 had conservative treatment) and bypass surgery signiﬁcantly increased the efﬁcacy of recurrent stroke prevention (OR 0.21, 95% CI 0.14e0.33, P < 0.001) (Figure 2B). However, for patients with ischemic MMD, bypass surgery has no signiﬁcant advantage over conservative treatment (OR 0.58, 95% CI, 0.16e2.05, P ¼ 0.396) (Figure 2C). Comparison of Surgery and Conservative Treatment for Increased Cerebral Perfusion and Death Due to Rebleeding in Moyamoya Disease A total of 753 brain perfusion examina- tions from 6 studies were performed in this analysis. According to the inspection results, an improvement in cereb",No,Previously curated in consolidated extraction; denominator audit retained,Yes,Previously curated in consolidated extraction; denominator audit retained,Comparative meta-analysis,Yes,"762 patients were included (442 patients received surgery and 320 had conservative treatment) and bypass surgery signiﬁcantly increased the efﬁcacy of recurrent stroke prevention (OR 0.21, 95% CI 0.14e0.33, P < 0.001) (Figure 2B). However, for patients with ischemic MMD, bypass surgery has no signiﬁcant advantage over conservative treatment (OR 0.58, 95% CI, 0.16e2.05, P ¼ 0.396) (Figure 2C). Comparison of Surgery and Conservative Treatment for Increased Cerebral Perfusion and Death Due to Rebleeding in Moyamoya Disease A total of 753 brain perfusion examina- tions from 6 studies were performed in this analysis. According to the inspection results, an improvement in cereb",Curated extraction — eligible after final denominator check,,"Studies: 27; patients: At least 2,287 in surgery-versus-conservative comparison; denominators vary by outcome",[MESCLADO 2 p. 110],No stronger conclusion than supported by the supplied text. NR.,retain,,Revascularization surgery,Conservative treatment,TRUE,TRUE,Reclassified as any/recurrent stroke or composite cerebrovascular event rather than ischemic or hemorrhagic stroke alone.,TRUE,TRUE,TRUE,TRUE,Clinical events/safety,Adult hemorrhagic,Hemorrhagic MMD: revascularization comparison,Any/recurrent stroke,Mixed/unspecified follow-up,Mixed/unclear,OR,FALSE,FALSE,NOT_REQUIRED,,,0.21,0.14,0.33,Revascularization surgery,Conservative treatment,0.21,0.14,0.33,-1.5606477482646683,-1.9661128563728327,-1.1086626245216111,1.5606477482646683,1.9661128563728327,1.1086626245216111,1.1086626245216111,1.9661128563728327,Precise benefit,CI excludes null,OR 0.21 (0.14 to 0.33),OR 0.21 (0.14 to 0.33),FALSE
E0035,R029,MOY-0112,Tier 1 — Core formal synthesis,General revascularization/technique comparison,Ischemic/stroke events,Meta-Analysis of Prognosis of Different Treatments for Symptomatic Moyamoya Disease,Symptomatic MMD; phenotype-specific where indicated,Revascularization surgery,Conservative treatment,Future stroke: ischemic presentation,follow-up,patient/examination as reported,"Studies: 27; patients: At least 2,287 in surgery-versus-conservative comparison; denominators vary by outcome",OR,0.58,0.16–2.05,0.396,NR,No significant advantage,[MESCLADO 2 p. 110],No stronger conclusion than supported by the supplied text. NR.,Critically low,High,Core clinical-surgical evidence table,Previously curated in consolidated extraction; denominator audit retained,"Do not pool across age, MMD/MMS, presentation, early/late horizon or patient/hemisphere/procedure units unless explicitly harmonized.",MOY-0112,Tier 1 — Core formal synthesis,Meta-Analysis of Prognosis of Different Treatments for Symptomatic Moyamoya Disease,Yes,Critically low,High,0.58,0.16,2.05,TRUE,TRUE,FALSE,TRUE,ADULT_ISCH,C01,O16,T4,U07,EM_OR,COMPARATIVE,1,canonical,-1,ADULT_ISCH|C01|O16|T4|U07,ADULT_ISCH|C01|O16|T4|U07|EM_OR,High,FALSE,FALSE,subgroup_text,text_rule,keyword,mixed_or_unspecified_followup,mixed_or_unclear,exact,,0.16,2.05,TRUE,FALSE,TRUE,-0.5447271754416722,-0.5447271754416722,0.5447271754416722,TRUE,TRUE,TRUE,ADULT_ISCH|C01|O16|T4|U07,ADULT_ISCH|C01|O16|T4|U07|EM_OR,Curated extraction — eligible after final denominator check,No,,Comparative meta-analysis,"oke prevention (OR 0.21, 95% CI 0.14e0.33, P < 0.001) (Figure 2B). However, for patients with ischemic MMD, bypass surgery has no signiﬁcant advantage over conservative treatment (OR 0.58, 95% CI, 0.16e2.05, P ¼ 0.396) (Figure 2C). Comparison of Surgery and Conservative Treatment for Increased Cerebral Perfusion and Death Due to Rebleeding in Moyamoya Disease A total of 753 brain perfusion examina- tions from 6 studies were performed in this analysis. According to the inspection results, an improvement in cerebral perfusion was found in 357 of 520 surgi- cally treated patients and 61 of 233 conservatively treated patients (OR 7.16, 95% CI 3.28e15.64, P < 0.001) (Figure 3)",No,Previously curated in consolidated extraction; denominator audit retained,Yes,Previously curated in consolidated extraction; denominator audit retained,Comparative meta-analysis,Yes,"oke prevention (OR 0.21, 95% CI 0.14e0.33, P < 0.001) (Figure 2B). However, for patients with ischemic MMD, bypass surgery has no signiﬁcant advantage over conservative treatment (OR 0.58, 95% CI, 0.16e2.05, P ¼ 0.396) (Figure 2C). Comparison of Surgery and Conservative Treatment for Increased Cerebral Perfusion and Death Due to Rebleeding in Moyamoya Disease A total of 753 brain perfusion examina- tions from 6 studies were performed in this analysis. According to the inspection results, an improvement in cerebral perfusion was found in 357 of 520 surgi- cally treated patients and 61 of 233 conservatively treated patients (OR 7.16, 95% CI 3.28e15.64, P < 0.001) (Figure 3)",Curated extraction — eligible after final denominator check,,"Studies: 27; patients: At least 2,287 in surgery-versus-conservative comparison; denominators vary by outcome",[MESCLADO 2 p. 110],No stronger conclusion than supported by the supplied text. NR.,retain,,Revascularization surgery,Conservative treatment,TRUE,TRUE,Reclassified as any/recurrent stroke or composite cerebrovascular event rather than ischemic or hemorrhagic stroke alone.,TRUE,TRUE,TRUE,TRUE,Clinical events/safety,Adult ischemic,Surgery vs conservative,Any/recurrent stroke,Mixed/unspecified follow-up,Mixed/unclear,OR,FALSE,FALSE,NOT_REQUIRED,,,0.58,0.16,2.05,Revascularization surgery,Conservative treatment,0.58,0.16,2.05,-0.5447271754416722,-1.8325814637483102,0.7178397931503168,0.5447271754416722,1.8325814637483102,-0.7178397931503168,-0.7178397931503168,1.8325814637483102,Imprecise benefit direction,CI includes null,OR 0.58 (0.16 to 2.05),OR 0.58 (0.16 to 2.05),FALSE
E0036,R029,MOY-0112,Tier 1 — Core formal synthesis,General revascularization/technique comparison,Hemodynamic/perfusion,Meta-Analysis of Prognosis of Different Treatments for Symptomatic Moyamoya Disease,Symptomatic MMD; phenotype-specific where indicated,Revascularization surgery,Conservative treatment,Improved cerebral perfusion,follow-up,patient/examination as reported,"Studies: 27; patients: At least 2,287 in surgery-versus-conservative comparison; denominators vary by outcome",OR,7.16,3.28–15.64,<0.001,NR,Favours surgery,[MESCLADO 2 p. 109],No stronger conclusion than supported by the supplied text. NR.,Critically low,High,Core clinical-surgical evidence table,Previously curated in consolidated extraction; denominator audit retained,"Do not pool across age, MMD/MMS, presentation, early/late horizon or patient/hemisphere/procedure units unless explicitly harmonized.",MOY-0112,Tier 1 — Core formal synthesis,Meta-Analysis of Prognosis of Different Treatments for Symptomatic Moyamoya Disease,Yes,Critically low,High,7.16,3.28,15.64,TRUE,TRUE,FALSE,TRUE,MIXED_UNSEP,C01,O12,T4,U07,EM_OR,COMPARATIVE,1,canonical,1,MIXED_UNSEP|C01|O12|T4|U07,MIXED_UNSEP|C01|O12|T4|U07|EM_OR,Moderate,TRUE,FALSE,review_profile,text_rule,keyword,mixed_or_unspecified_followup,mixed_or_unclear,exact,,3.28,15.64,TRUE,FALSE,TRUE,1.9685099809725544,1.9685099809725544,,TRUE,TRUE,TRUE,MIXED_UNSEP|C01|O12|T4|U07,MIXED_UNSEP|C01|O12|T4|U07|EM_OR,Curated extraction — eligible after final denominator check,No,,Comparative meta-analysis,"tients (odds ratio [OR] 0.26, 95% confi- dence interval [CI] 0.20e0.33, P < 0.001). In addition, the surgical group also had an advantage in terms of increased cerebral perfusion (OR 7.16, 95% CI 3.28e 15.64, P < 0.001) and death due to rebleeding (OR 0.27, 95% CI 0.10e0.72, P < 0.01). Direct surgery showed a significant efficacy over indirect surgery (OR 2.03, 95% CI 1.32e3.13, P < 0.01). No obvious difference was found between the direct and indirect bypass subset (OR 0.76, 95% CI 0.51e1.14, P [ 0.185). Angiographic results in patients undergoing direct bypass surgery are more pronounced (OR 0.20, 95% CI 0.06e0.67, P < 0.01). - CONCLUSIONS: In patients with symptomatic",No,Previously curated in consolidated extraction; denominator audit retained,Yes,Previously curated in consolidated extraction; denominator audit retained,Comparative meta-analysis,Yes,"tients (odds ratio [OR] 0.26, 95% confi- dence interval [CI] 0.20e0.33, P < 0.001). In addition, the surgical group also had an advantage in terms of increased cerebral perfusion (OR 7.16, 95% CI 3.28e 15.64, P < 0.001) and death due to rebleeding (OR 0.27, 95% CI 0.10e0.72, P < 0.01). Direct surgery showed a significant efficacy over indirect surgery (OR 2.03, 95% CI 1.32e3.13, P < 0.01). No obvious difference was found between the direct and indirect bypass subset (OR 0.76, 95% CI 0.51e1.14, P [ 0.185). Angiographic results in patients undergoing direct bypass surgery are more pronounced (OR 0.20, 95% CI 0.06e0.67, P < 0.01). - CONCLUSIONS: In patients with symptomatic",Curated extraction — eligible after final denominator check,,"Studies: 27; patients: At least 2,287 in surgery-versus-conservative comparison; denominators vary by outcome",[MESCLADO 2 p. 109],No stronger conclusion than supported by the supplied text. NR.,retain,,Surgery,Conservative management,TRUE,TRUE,,TRUE,TRUE,TRUE,TRUE,Hemodynamic,Mixed/unseparated,Surgery vs conservative,CBF/CVR/OEF/perfusion,Mixed/unspecified follow-up,Mixed/unclear,OR,FALSE,FALSE,RESOLVED,Improved cerebral perfusion is a beneficial surrogate in a surgery-versus-conservative comparison.,,7.16,3.28,15.64,Surgery,Conservative management,7.16,3.28,15.64,1.9685099809725544,1.1878434223960523,2.7498317351171653,1.9685099809725544,1.1878434223960523,2.7498317351171653,1.1878434223960523,2.7498317351171653,Precise benefit,CI excludes null,OR 7.16 (3.28 to 15.64),OR 7.16 (3.28 to 15.64),FALSE
E0037,R029,MOY-0112,Tier 1 — Core formal synthesis,General revascularization/technique comparison,Hemorrhagic events,Meta-Analysis of Prognosis of Different Treatments for Symptomatic Moyamoya Disease,Symptomatic MMD; phenotype-specific where indicated,Revascularization surgery,Conservative treatment,Death due to rebleeding,follow-up,patient/examination as reported,"Studies: 27; patients: At least 2,287 in surgery-versus-conservative comparison; denominators vary by outcome",OR,0.27,0.10–0.72,<0.01,NR,Favours surgery,[MESCLADO 2 p. 109],No stronger conclusion than supported by the supplied text. NR.,Critically low,High,Core clinical-surgical evidence table,Previously curated in consolidated extraction; denominator audit retained,"Do not pool across age, MMD/MMS, presentation, early/late horizon or patient/hemisphere/procedure units unless explicitly harmonized.",MOY-0112,Tier 1 — Core formal synthesis,Meta-Analysis of Prognosis of Different Treatments for Symptomatic Moyamoya Disease,Yes,Critically low,High,0.27,0.1,0.72,TRUE,TRUE,FALSE,TRUE,ADULT_HEM,C06,O07,T4,U07,EM_OR,COMPARATIVE,1,canonical,-1,ADULT_HEM|C06|O07|T4|U07,ADULT_HEM|C06|O07|T4|U07|EM_OR,High,FALSE,FALSE,subgroup_text,text_rule,keyword,mixed_or_unspecified_followup,mixed_or_unclear,exact,,0.1,0.72,TRUE,FALSE,TRUE,-1.3093333199837622,-1.3093333199837622,1.3093333199837622,TRUE,TRUE,TRUE,ADULT_HEM|C06|O07|T4|U07,ADULT_HEM|C06|O07|T4|U07|EM_OR,Curated extraction — eligible after final denominator check,No,,Comparative meta-analysis,"3, P < 0.001). In addition, the surgical group also had an advantage in terms of increased cerebral perfusion (OR 7.16, 95% CI 3.28e 15.64, P < 0.001) and death due to rebleeding (OR 0.27, 95% CI 0.10e0.72, P < 0.01). Direct surgery showed a significant efficacy over indirect surgery (OR 2.03, 95% CI 1.32e3.13, P < 0.01). No obvious difference was found between the direct and indirect bypass subset (OR 0.76, 95% CI 0.51e1.14, P [ 0.185). Angiographic results in patients undergoing direct bypass surgery are more pronounced (OR 0.20, 95% CI 0.06e0.67, P < 0.01). - CONCLUSIONS: In patients with symptomatic moyamoya disease, bypass surgery is more effective than conservative",No,Previously curated in consolidated extraction; denominator audit retained,Yes,Previously curated in consolidated extraction; denominator audit retained,Comparative meta-analysis,Yes,"3, P < 0.001). In addition, the surgical group also had an advantage in terms of increased cerebral perfusion (OR 7.16, 95% CI 3.28e 15.64, P < 0.001) and death due to rebleeding (OR 0.27, 95% CI 0.10e0.72, P < 0.01). Direct surgery showed a significant efficacy over indirect surgery (OR 2.03, 95% CI 1.32e3.13, P < 0.01). No obvious difference was found between the direct and indirect bypass subset (OR 0.76, 95% CI 0.51e1.14, P [ 0.185). Angiographic results in patients undergoing direct bypass surgery are more pronounced (OR 0.20, 95% CI 0.06e0.67, P < 0.01). - CONCLUSIONS: In patients with symptomatic moyamoya disease, bypass surgery is more effective than conservative",Curated extraction — eligible after final denominator check,,"Studies: 27; patients: At least 2,287 in surgery-versus-conservative comparison; denominators vary by outcome",[MESCLADO 2 p. 109],No stronger conclusion than supported by the supplied text. NR.,retain,,Revascularization surgery,Conservative treatment,TRUE,TRUE,,TRUE,TRUE,TRUE,TRUE,Clinical events/safety,Adult hemorrhagic,Hemorrhagic MMD: revascularization comparison,Mortality,Mixed/unspecified follow-up,Mixed/unclear,OR,FALSE,FALSE,NOT_REQUIRED,,,0.27,0.1,0.72,Revascularization surgery,Conservative treatment,0.27,0.1,0.72,-1.3093333199837622,-2.3025850929940455,-0.3285040669720361,1.3093333199837622,2.3025850929940455,0.3285040669720361,0.3285040669720361,2.3025850929940455,Precise benefit,CI excludes null,OR 0.27 (0.10 to 0.72),OR 0.27 (0.10 to 0.72),FALSE
E0038,R029,MOY-0112,Tier 1 — Core formal synthesis,General revascularization/technique comparison,Ischemic/stroke events,Meta-Analysis of Prognosis of Different Treatments for Symptomatic Moyamoya Disease,Surgically treated MMD,Direct bypass,Indirect bypass,Future stroke: direct versus indirect bypass,follow-up,patient,"Studies: 27; patients: At least 2,287 in surgery-versus-conservative comparison; denominators vary by outcome",OR,2.03,1.32–3.13,<0.01,NR,Reported as greater efficacy of direct bypass; effect coding must be checked,[MESCLADO 2 p. 109],Direction depends on event/non-event coding; preserve the authors’ interpretation.,Critically low,High,Core clinical-surgical evidence table,Previously curated in consolidated extraction; denominator audit retained,"Do not pool across age, MMD/MMS, presentation, early/late horizon or patient/hemisphere/procedure units unless explicitly harmonized.",MOY-0112,Tier 1 — Core formal synthesis,Meta-Analysis of Prognosis of Different Treatments for Symptomatic Moyamoya Disease,Yes,Critically low,High,2.03,1.32,3.13,TRUE,TRUE,FALSE,TRUE,MIXED_UNSEP,C15,O16,T4,U01,EM_OR,COMPARATIVE,-1,canonical,-1,MIXED_UNSEP|C15|O16|T4|U01,MIXED_UNSEP|C15|O16|T4|U01|EM_OR,High,FALSE,FALSE,review_profile,text_rule,keyword,mixed_or_unspecified_followup,exact,exact,,1.32,3.13,TRUE,FALSE,TRUE,0.7080357930536959,0.7080357930536959,-0.7080357930536959,TRUE,TRUE,TRUE,MIXED_UNSEP|C02|O16|T4|U01,MIXED_UNSEP|C02|O16|T4|U01|EM_OR,Curated extraction — eligible after final denominator check,No,,Technique meta-analysis,"ion (OR 7.16, 95% CI 3.28e 15.64, P < 0.001) and death due to rebleeding (OR 0.27, 95% CI 0.10e0.72, P < 0.01). Direct surgery showed a significant efficacy over indirect surgery (OR 2.03, 95% CI 1.32e3.13, P < 0.01). No obvious difference was found between the direct and indirect bypass subset (OR 0.76, 95% CI 0.51e1.14, P [ 0.185). Angiographic results in patients undergoing direct bypass surgery are more pronounced (OR 0.20, 95% CI 0.06e0.67, P < 0.01). - CONCLUSIONS: In patients with symptomatic moyamoya disease, bypass surgery is more effective than conservative treatment to prevent future strokes. In surgical patients, direct bypass seems to reduce the risk of strok",No,Previously curated in consolidated extraction; denominator audit retained,Yes,Previously curated in consolidated extraction; denominator audit retained,Technique meta-analysis,Yes,"ion (OR 7.16, 95% CI 3.28e 15.64, P < 0.001) and death due to rebleeding (OR 0.27, 95% CI 0.10e0.72, P < 0.01). Direct surgery showed a significant efficacy over indirect surgery (OR 2.03, 95% CI 1.32e3.13, P < 0.01). No obvious difference was found between the direct and indirect bypass subset (OR 0.76, 95% CI 0.51e1.14, P [ 0.185). Angiographic results in patients undergoing direct bypass surgery are more pronounced (OR 0.20, 95% CI 0.06e0.67, P < 0.01). - CONCLUSIONS: In patients with symptomatic moyamoya disease, bypass surgery is more effective than conservative treatment to prevent future strokes. In surgical patients, direct bypass seems to reduce the risk of strok",Curated extraction — eligible after final denominator check,,"Studies: 27; patients: At least 2,287 in surgery-versus-conservative comparison; denominators vary by outcome",[MESCLADO 2 p. 109],Direction depends on event/non-event coding; preserve the authors’ interpretation.,retain,,Indirect bypass,Direct/combined bypass,TRUE,TRUE,Reclassified as any/recurrent stroke or composite cerebrovascular event rather than ischemic or hemorrhagic stroke alone.,TRUE,TRUE,TRUE,TRUE,Clinical events/safety,Mixed/unseparated,Adult direct/combined vs indirect,Any/recurrent stroke,Mixed/unspecified follow-up,Patient,OR,FALSE,FALSE,RESOLVED,Source discussion states higher recurrent/secondary stroke with indirect surgery; OR 2.03 is indirect versus direct/direct+combined and is reciprocated for canonical display.,,2.03,1.32,3.13,Direct/combined bypass,Indirect bypass,0.4926108374384237,0.3194888178913738,0.7575757575757576,-0.7080357930536958,-1.1410330045520618,-0.2776317365982795,0.7080357930536958,1.1410330045520618,0.2776317365982795,0.2776317365982795,1.1410330045520618,Precise benefit,CI excludes null,OR 0.49 (0.32 to 0.76),OR 2.03 (1.32 to 3.13),TRUE
E0039,R029,MOY-0112,Tier 1 — Core formal synthesis,General revascularization/technique comparison,Other,Meta-Analysis of Prognosis of Different Treatments for Symptomatic Moyamoya Disease,As described in the publication.,Direct bypass,Indirect bypass,Surgical complications: direct versus indirect,perioperative,patient,"Studies: 27; patients: At least 2,287 in surgery-versus-conservative comparison; denominators vary by outcome",OR,0.76,0.51–1.14,0.185,NR,No significant difference,[MESCLADO 2 p. 109],No stronger conclusion than supported by the supplied text. NR.,Critically low,High,Core clinical-surgical evidence table,Previously curated in consolidated extraction; denominator audit retained,"Do not pool across age, MMD/MMS, presentation, early/late horizon or patient/hemisphere/procedure units unless explicitly harmonized.",MOY-0112,Tier 1 — Core formal synthesis,Meta-Analysis of Prognosis of Different Treatments for Symptomatic Moyamoya Disease,Yes,Critically low,High,0.76,0.51,1.14,TRUE,TRUE,FALSE,TRUE,MIXED_UNSEP,C02,O99,T1,U01,EM_OR,COMPARATIVE,1,canonical,0,MIXED_UNSEP|C02|O99|T1|U01,MIXED_UNSEP|C02|O99|T1|U01|EM_OR,Moderate,TRUE,FALSE,review_profile,text_rule,other_or_composite,early,exact,exact,C00 and O99 are operational noninferential codes and do not create new SAP comparisons/outcomes.,0.51,1.14,TRUE,FALSE,TRUE,-0.2744368457017603,-0.2744368457017603,,TRUE,FALSE,FALSE,MIXED_UNSEP|C02|O99|T1|U01,MIXED_UNSEP|C02|O99|T1|U01|EM_OR,Curated extraction — eligible after final denominator check,No,,Technique meta-analysis,"t surgery showed a significant efficacy over indirect surgery (OR 2.03, 95% CI 1.32e3.13, P < 0.01). No obvious difference was found between the direct and indirect bypass subset (OR 0.76, 95% CI 0.51e1.14, P [ 0.185). Angiographic results in patients undergoing direct bypass surgery are more pronounced (OR 0.20, 95% CI 0.06e0.67, P < 0.01). - CONCLUSIONS: In patients with symptomatic moyamoya disease, bypass surgery is more effective than conservative treatment to prevent future strokes. In surgical patients, direct bypass seems to reduce the risk of stroke more than an indirect bypass. Key words - Conservative treatment - Moyamoya disease - Stroke - Surgical treatment A",No,Previously curated in consolidated extraction; denominator audit retained,Yes,Previously curated in consolidated extraction; denominator audit retained,Technique meta-analysis,Yes,"t surgery showed a significant efficacy over indirect surgery (OR 2.03, 95% CI 1.32e3.13, P < 0.01). No obvious difference was found between the direct and indirect bypass subset (OR 0.76, 95% CI 0.51e1.14, P [ 0.185). Angiographic results in patients undergoing direct bypass surgery are more pronounced (OR 0.20, 95% CI 0.06e0.67, P < 0.01). - CONCLUSIONS: In patients with symptomatic moyamoya disease, bypass surgery is more effective than conservative treatment to prevent future strokes. In surgical patients, direct bypass seems to reduce the risk of stroke more than an indirect bypass. Key words - Conservative treatment - Moyamoya disease - Stroke - Surgical treatment A",Curated extraction — eligible after final denominator check,,"Studies: 27; patients: At least 2,287 in surgery-versus-conservative comparison; denominators vary by outcome",[MESCLADO 2 p. 109],No stronger conclusion than supported by the supplied text. NR.,retain,,Direct bypass,Indirect bypass,TRUE,TRUE,,TRUE,FALSE,FALSE,TRUE,Other/composite,Mixed/unseparated,Direct vs indirect,Other/composite,Early/perioperative,Patient,OR,TRUE,FALSE,NOT_REQUIRED_AFTER_INITIAL_HARMONIZATION,,,0.76,0.51,1.14,Direct bypass,Indirect bypass,0.76,0.51,1.14,-0.2744368457017603,-0.6733445532637656,0.131028262406404,,,,,,Direction not prespecified,Not orientable,OR 0.76 (0.51 to 1.14),OR 0.76 (0.51 to 1.14),FALSE
E0040,R030,MOY-0011,Tier 1 — Core formal synthesis,General revascularization/technique comparison,Ischemic/stroke events,A meta-analysis of comparisons of various surgical treatments for moyamoya diseases,"Patients with MMD undergoing direct, indirect or combined surgery",Direct/combined bypass,Indirect bypass and other technique contrasts,Technique-related ischemic outcomes,perioperative and follow-up,patient/hemisphere,Studies: NR; patients: NR,OR/RR,NR,NR,NR,NR,Technique-specific pooled comparisons reported,[MESCLADO 2 p. 117],Comparisons are nonrandomized and may mix age/phenotype and units.,Critically low,High,Core clinical-surgical evidence table,Previously curated in consolidated extraction; denominator audit retained,"Do not pool across age, MMD/MMS, presentation, early/late horizon or patient/hemisphere/procedure units unless explicitly harmonized.",MOY-0011,Tier 1 — Core formal synthesis,A meta-analysis of comparisons of various surgical treatments for moyamoya diseases,Yes,Critically low,High,,,,FALSE,FALSE,FALSE,,MIXED_UNSEP,C03,O01,T4,U07,EM_MIXED_RATIO,DESCRIPTIVE_WITH_COMPARATOR,1,canonical,-1,MIXED_UNSEP|C03|O01|T4|U07,MIXED_UNSEP|C03|O01|T4|U07|EM_MIXED_RATIO,Moderate,TRUE,FALSE,review_profile,text_rule,keyword_horizon,mixed_or_unspecified_followup,mixed_or_unclear,mixed,,,,FALSE,FALSE,FALSE,,,,TRUE,TRUE,FALSE,MIXED_UNSEP|C03|O01|T4|U07,MIXED_UNSEP|C03|O01|T4|U07|EM_MIXED_RATIO,Curated extraction — eligible after final denominator check,No,,Meta-analysis,"ndong 252000,P.R.China. Email:linkaidr@126.com Abstract Purpose: Ischemia is one of the most familiar complications in the different procedures for moyamoya disease (MMD), but the optimal surgical approaches for MMD remain unknown. We aimed to evaluate the efficiency of various surgical treatments. Methods: A literature search word was performed through four databases such as Cochrane Library, Web of Science, PubMed, and EMBASE for the literature published until May 2021. The I2 statistic was used to assess heterogeneity. A random/fixed- effects model was used to pool. Results: There are a total of 18 studies including three surgical treatments such as including indirect,",No,Previously curated in consolidated extraction; denominator audit retained,Yes,Previously curated in consolidated extraction; denominator audit retained,Meta-analysis,Yes,"ndong 252000,P.R.China. Email:linkaidr@126.com Abstract Purpose: Ischemia is one of the most familiar complications in the different procedures for moyamoya disease (MMD), but the optimal surgical approaches for MMD remain unknown. We aimed to evaluate the efficiency of various surgical treatments. Methods: A literature search word was performed through four databases such as Cochrane Library, Web of Science, PubMed, and EMBASE for the literature published until May 2021. The I2 statistic was used to assess heterogeneity. A random/fixed- effects model was used to pool. Results: There are a total of 18 studies including three surgical treatments such as including indirect,",Curated extraction — eligible after final denominator check,,Studies: NR; patients: NR,[MESCLADO 2 p. 117],Comparisons are nonrandomized and may mix age/phenotype and units.,retain,,Direct/combined bypass,Indirect bypass and other technique contrasts,TRUE,TRUE,,TRUE,FALSE,FALSE,TRUE,Clinical events/safety,Mixed/unseparated,Combined vs indirect,Early ischemic stroke,Mixed/unspecified follow-up,Mixed/unclear,Mixed ratio,TRUE,FALSE,NOT_REQUIRED_AFTER_INITIAL_HARMONIZATION,,,,,,Direct/combined bypass,Indirect bypass and other technique contrasts,,,,,,,,,,,,Direction not prespecified,Not orientable,NR,NR,FALSE
E0041,R032,MOY-0136,Tier 1 — Core formal synthesis,Perioperative safety/risk,Seizure/epilepsy,Postoperative incidence of seizure and cerebral infarction in pediatric patients with epileptic type moyamoya disease: a meta-analysis of single rate,Pediatric epileptic-type MMD,Revascularization surgery,NA,Postoperative seizure incidence,postoperative follow-up,patient,Studies: NR; patients: NR pediatric epileptic-type MMD,pooled proportion,NR,NR,NR,NR,Single-arm incidence estimate,[MESCLADO 2 p. 130],"Cannot declare a universal best technique across ages, vessel size, MMS etiology and outcomes. Technical vessel limitations and perioperative risk versus delayed collateralization and possible late failure.",Critically low,High,Core clinical-surgical evidence table,Previously curated in consolidated extraction; denominator audit retained,"Do not pool across age, MMD/MMS, presentation, early/late horizon or patient/hemisphere/procedure units unless explicitly harmonized.",MOY-0136,Tier 1 — Core formal synthesis,Postoperative incidence of seizure and cerebral infarction in pediatric patients with epileptic type moyamoya disease: a meta-analysis of single rate,Yes,Critically low,High,,,,FALSE,FALSE,FALSE,,PED_MIX,C00,O09,T4,U01,EM_PROPORTION,DESCRIPTIVE,0,not_orientable,-1,PED_MIX|C00|O09|T4|U01,PED_MIX|C00|O09|T4|U01|EM_PROPORTION,High,FALSE,FALSE,review_profile,review_profile,keyword,mixed_or_unspecified_followup,exact,proportion,C00 and O99 are operational noninferential codes and do not create new SAP comparisons/outcomes.,,,FALSE,FALSE,FALSE,,,,FALSE,TRUE,FALSE,PED_MIX|C00|O09|T4|U01,PED_MIX|C00|O09|T4|U01|EM_PROPORTION,Curated extraction — eligible after final denominator check,No,,Single-rate meta-analysis,"r moyamoya disease (MMD). However, whether surgery is also an effective therapy for epileptic type MMD has seldom been investigated systematically. The study aims to summarize the pooled postoperative incidence of seizure and cerebral infarction in pediatric patients with epileptic type moyamoya disease. Method: The study was a systematic review and critical appraisal with a meta-analysis of cohort studies, both prospective and retrospective. Studies were identified by a computerized search of PubMed, Embase, Web of Science, Wanfang, and CNKI databases. In a literature search, a total of 7 cohort studies were identified. The I2statistic was used to quantify heterogeneity.",No,Previously curated in consolidated extraction; denominator audit retained,Yes,Previously curated in consolidated extraction; denominator audit retained,Single-rate meta-analysis,Yes,"r moyamoya disease (MMD). However, whether surgery is also an effective therapy for epileptic type MMD has seldom been investigated systematically. The study aims to summarize the pooled postoperative incidence of seizure and cerebral infarction in pediatric patients with epileptic type moyamoya disease. Method: The study was a systematic review and critical appraisal with a meta-analysis of cohort studies, both prospective and retrospective. Studies were identified by a computerized search of PubMed, Embase, Web of Science, Wanfang, and CNKI databases. In a literature search, a total of 7 cohort studies were identified. The I2statistic was used to quantify heterogeneity.",Curated extraction — eligible after final denominator check,,Studies: NR; patients: NR pediatric epileptic-type MMD,[MESCLADO 2 p. 130],"Cannot declare a universal best technique across ages, vessel size, MMS etiology and outcomes. Technical vessel limitations and perioperative risk versus delayed collateralization and possible late failure.",retain,,Revascularization surgery,NA,TRUE,TRUE,,TRUE,FALSE,FALSE,TRUE,Clinical events/safety,Pediatric mixed MMD/MMS,No formal comparison,Postoperative seizure,Mixed/unspecified follow-up,Patient,Proportion,FALSE,FALSE,NOT_REQUIRED,,,,,,Revascularization surgery,NA,,,,,,,,,,,,Direction not prespecified,Not orientable,NR,NR,FALSE
E0042,R032,MOY-0136,Tier 1 — Core formal synthesis,Perioperative safety/risk,Other,Postoperative incidence of seizure and cerebral infarction in pediatric patients with epileptic type moyamoya disease: a meta-analysis of single rate,Pediatric epileptic-type MMD,Revascularization surgery,NA,Postoperative cerebral infarction incidence,postoperative follow-up,patient,Studies: NR; patients: NR pediatric epileptic-type MMD,pooled proportion,NR,NR,NR,NR,Single-arm incidence estimate,[MESCLADO 2 p. 130],"Cannot declare a universal best technique across ages, vessel size, MMS etiology and outcomes. Technical vessel limitations and perioperative risk versus delayed collateralization and possible late failure.",Critically low,High,Core clinical-surgical evidence table,Previously curated in consolidated extraction; denominator audit retained,"Do not pool across age, MMD/MMS, presentation, early/late horizon or patient/hemisphere/procedure units unless explicitly harmonized.",MOY-0136,Tier 1 — Core formal synthesis,Postoperative incidence of seizure and cerebral infarction in pediatric patients with epileptic type moyamoya disease: a meta-analysis of single rate,Yes,Critically low,High,,,,FALSE,FALSE,FALSE,,PED_MIX,C00,O01,T4,U01,EM_PROPORTION,DESCRIPTIVE,0,not_orientable,-1,PED_MIX|C00|O01|T4|U01,PED_MIX|C00|O01|T4|U01|EM_PROPORTION,High,FALSE,FALSE,review_profile,review_profile,keyword_horizon,mixed_or_unspecified_followup,exact,proportion,C00 and O99 are operational noninferential codes and do not create new SAP comparisons/outcomes.,,,FALSE,FALSE,FALSE,,,,FALSE,TRUE,FALSE,PED_MIX|C00|O01|T4|U01,PED_MIX|C00|O01|T4|U01|EM_PROPORTION,Curated extraction — eligible after final denominator check,No,,Single-rate meta-analysis,"RESEARCH Open Access Postoperative incidence of seizure and cerebral infarction in pediatric patients with epileptic type moyamoya disease: a meta- analysis of single rate Jingjing Liu1,2, Qinlan Xu1, Hongchuan Niu3, Rong Wang3,4, Xun Ye3,4* and Xianzeng Liu1* Abstract Background: Surgery is a conventional mature treatment for moyamoya disease (MMD). However, whether surgery is also an effective therapy for epileptic type MMD has seldom been investigated systematically. The study aims to summarize the pooled postoperative incidence of seizure and cerebra",No,Previously curated in consolidated extraction; denominator audit retained,Yes,Previously curated in consolidated extraction; denominator audit retained,Single-rate meta-analysis,Yes,"RESEARCH Open Access Postoperative incidence of seizure and cerebral infarction in pediatric patients with epileptic type moyamoya disease: a meta- analysis of single rate Jingjing Liu1,2, Qinlan Xu1, Hongchuan Niu3, Rong Wang3,4, Xun Ye3,4* and Xianzeng Liu1* Abstract Background: Surgery is a conventional mature treatment for moyamoya disease (MMD). However, whether surgery is also an effective therapy for epileptic type MMD has seldom been investigated systematically. The study aims to summarize the pooled postoperative incidence of seizure and cerebra",Curated extraction — eligible after final denominator check,,Studies: NR; patients: NR pediatric epileptic-type MMD,[MESCLADO 2 p. 130],"Cannot declare a universal best technique across ages, vessel size, MMS etiology and outcomes. Technical vessel limitations and perioperative risk versus delayed collateralization and possible late failure.",retain,,Revascularization surgery,NA,TRUE,TRUE,,TRUE,FALSE,FALSE,TRUE,Clinical events/safety,Pediatric mixed MMD/MMS,No formal comparison,Early ischemic stroke,Mixed/unspecified follow-up,Patient,Proportion,FALSE,FALSE,NOT_REQUIRED,,,,,,Revascularization surgery,NA,,,,,,,,,,,,Direction not prespecified,Not orientable,NR,NR,FALSE
E0043,R033,MOY-0035,Tier 1 — Core formal synthesis,Medical/perioperative adjunct,Mortality,Benefits and risks of antiplatelet therapy for moyamoya disease: a systematic review and meta-analysis,"MMD patients; 16,186 across 9 cohorts",Antiplatelet therapy,No antiplatelet/alternative therapy,Mortality with antiplatelet therapy,follow-up,patient,"Studies: 9; patients: 16,186",HR/OR (study-dependent),NR,NR,NR,NR,Review reports potential mortality benefit; outcome-specific estimate varies,[MESCLADO 2 p. 138],Cannot replace revascularization or prove stroke-prevention efficacy from observational data. Potential thromboembolic protection versus hemorrhagic concern and confounding by indication.,Low,Unclear,Core clinical-surgical evidence table,Previously curated in consolidated extraction; denominator audit retained,"Do not pool across age, MMD/MMS, presentation, early/late horizon or patient/hemisphere/procedure units unless explicitly harmonized.",MOY-0035,Tier 1 — Core formal synthesis,Benefits and risks of antiplatelet therapy for moyamoya disease: a systematic review and meta-analysis,Yes,Low,Unclear,,,,FALSE,FALSE,FALSE,,MIXED_UNSEP,C09,O07,T4,U01,EM_MIXED_RATIO,DESCRIPTIVE_WITH_COMPARATOR,1,canonical,-1,MIXED_UNSEP|C09|O07|T4|U01,MIXED_UNSEP|C09|O07|T4|U01|EM_MIXED_RATIO,Moderate,TRUE,FALSE,review_profile,review_profile,keyword,mixed_or_unspecified_followup,exact,mixed,,,,FALSE,FALSE,FALSE,,,,TRUE,TRUE,FALSE,MIXED_UNSEP|C09|O07|T4|U01,MIXED_UNSEP|C09|O07|T4|U01|EM_MIXED_RATIO,Curated extraction — eligible after final denominator check,No,,Systematic review/meta-analysis,"ctronic databases from their inception to 30 June 2022 and conducted a systematic review. All-cause mortality was taken as the primary outcome. Results: Nine studies that enrolled 16,186 patients with MMD were included. The results from a single study showed that APT was associated with lower mortality [hazard ratio (HR) = 0.60; 95% conﬁdence interval (CI) (0.50–0.71); p < 0.01] and improved bypass patency after surgical revascularization [HR = 1.57; 95% CI (1.106–2.235); p < 0.05]. The results of the meta-analysis showed that APT reduced the risk of hemorrhagic stroke [HR = 0.47; 95% CI (0.24–0.94); p < 0.05] but neither reduced the risk of ischemic stroke [HR = 0.80; 95",No,Previously curated in consolidated extraction; denominator audit retained,Yes,Previously curated in consolidated extraction; denominator audit retained,Systematic review/meta-analysis,Yes,"ctronic databases from their inception to 30 June 2022 and conducted a systematic review. All-cause mortality was taken as the primary outcome. Results: Nine studies that enrolled 16,186 patients with MMD were included. The results from a single study showed that APT was associated with lower mortality [hazard ratio (HR) = 0.60; 95% conﬁdence interval (CI) (0.50–0.71); p < 0.01] and improved bypass patency after surgical revascularization [HR = 1.57; 95% CI (1.106–2.235); p < 0.05]. The results of the meta-analysis showed that APT reduced the risk of hemorrhagic stroke [HR = 0.47; 95% CI (0.24–0.94); p < 0.05] but neither reduced the risk of ischemic stroke [HR = 0.80; 95",Curated extraction — eligible after final denominator check,,"Studies: 9; patients: 16,186",[MESCLADO 2 p. 138],Cannot replace revascularization or prove stroke-prevention efficacy from observational data. Potential thromboembolic protection versus hemorrhagic concern and confounding by indication.,retain,,Antiplatelet therapy,No antiplatelet/alternative therapy,TRUE,TRUE,,TRUE,FALSE,FALSE,TRUE,Clinical events/safety,Mixed/unseparated,Antiplatelet vs none/alternative,Mortality,Mixed/unspecified follow-up,Patient,Mixed ratio,TRUE,FALSE,NOT_REQUIRED_AFTER_INITIAL_HARMONIZATION,,,,,,Antiplatelet therapy,No antiplatelet/alternative therapy,,,,,,,,,,,,Direction not prespecified,Not orientable,NR,NR,FALSE
E0044,R034,MOY-0137,Tier 1 — Core formal synthesis,Perioperative safety/risk,Seizure/epilepsy,"Postoperative seizure, stroke, hemorrhage, and cerebral hyperperfusion syndrome rates in adult patients with moyamoya disease undergoing revascularization: a systematic review and proportional meta-analysis",Adults with MMD undergoing revascularization,"Direct, indirect or combined bypass",Technique subgroups/single-arm,Postoperative seizure,postoperative,patient/procedure,Studies: NR; patients: NR,pooled proportion,NR,NR,NR,NR,Pooled postoperative incidence,[MESCLADO 2 p. 148],Cannot infer causal superiority of a preventive regimen from between-study pooled proportions. Avoiding hyperperfusion/hemorrhage without provoking hypoperfusion/ischemia.,Low,Unclear,Core clinical-surgical evidence table,Previously curated in consolidated extraction; denominator audit retained,"Do not pool across age, MMD/MMS, presentation, early/late horizon or patient/hemisphere/procedure units unless explicitly harmonized.",MOY-0137,Tier 1 — Core formal synthesis,"Postoperative seizure, stroke, hemorrhage, and cerebral hyperperfusion syndrome rates in adult patients with moyamoya disease undergoing revascularization: a systematic review and proportional meta-analysis",Yes,Low,Unclear,,,,FALSE,FALSE,FALSE,,ADULT_MIX,C00,O09,T4,U07,EM_PROPORTION,DESCRIPTIVE,0,not_orientable,-1,ADULT_MIX|C00|O09|T4|U07,ADULT_MIX|C00|O09|T4|U07|EM_PROPORTION,Moderate,TRUE,FALSE,review_profile,no_authorized_comparison,keyword,mixed_or_unspecified_followup,mixed_or_unclear,proportion,C00 and O99 are operational noninferential codes and do not create new SAP comparisons/outcomes.,,,FALSE,FALSE,FALSE,,,,FALSE,TRUE,FALSE,ADULT_MIX|C00|O09|T4|U07,ADULT_MIX|C00|O09|T4|U07|EM_PROPORTION,Curated extraction — eligible after final denominator check,No,,Proportional meta-analysis,"l Surgery, NewYork-Presbyterian Hospital Weill Cornell Medicine, 525 East 68th Street, Whitney 617, New York, NY 10065, USA Abstract To compare the postoperative incidence rate of seizure, stroke, hemorrhage, and cerebral hyperperfusion syndrome (CHP) in patients undergoing revascularization for Moyamoya disease (MMD) across direct, indirect, or combined revascular ization approaches. MMD is a rare, progressive cerebrovascular disorder characterized by critical stenosis of the carotid terminus leading to chronic hypoperfusion and risk for cerebral ischemia. Revascularization in MMD may lead to a risk of perioperative seizures; however, this has not been rigorously studied",No,Previously curated in consolidated extraction; denominator audit retained,Yes,Previously curated in consolidated extraction; denominator audit retained,Proportional meta-analysis,Yes,"l Surgery, NewYork-Presbyterian Hospital Weill Cornell Medicine, 525 East 68th Street, Whitney 617, New York, NY 10065, USA Abstract To compare the postoperative incidence rate of seizure, stroke, hemorrhage, and cerebral hyperperfusion syndrome (CHP) in patients undergoing revascularization for Moyamoya disease (MMD) across direct, indirect, or combined revascular ization approaches. MMD is a rare, progressive cerebrovascular disorder characterized by critical stenosis of the carotid terminus leading to chronic hypoperfusion and risk for cerebral ischemia. Revascularization in MMD may lead to a risk of perioperative seizures; however, this has not been rigorously studied",Curated extraction — eligible after final denominator check,,Studies: NR; patients: NR,[MESCLADO 2 p. 148],Cannot infer causal superiority of a preventive regimen from between-study pooled proportions. Avoiding hyperperfusion/hemorrhage without provoking hypoperfusion/ischemia.,retain,,"Direct, indirect or combined bypass",Technique subgroups/single-arm,TRUE,TRUE,,TRUE,FALSE,FALSE,TRUE,Clinical events/safety,Adult mixed,No formal comparison,Postoperative seizure,Mixed/unspecified follow-up,Mixed/unclear,Proportion,TRUE,FALSE,NOT_REQUIRED_AFTER_INITIAL_HARMONIZATION,,,,,,"Direct, indirect or combined bypass",Technique subgroups/single-arm,,,,,,,,,,,,Direction not prespecified,Not orientable,NR,NR,FALSE
E0045,R034,MOY-0137,Tier 1 — Core formal synthesis,Perioperative safety/risk,Ischemic/stroke events,"Postoperative seizure, stroke, hemorrhage, and cerebral hyperperfusion syndrome rates in adult patients with moyamoya disease undergoing revascularization: a systematic review and proportional meta-analysis",Adults with MMD undergoing revascularization,"Direct, indirect or combined bypass",Technique subgroups/single-arm,Postoperative stroke/infarction,postoperative,patient/procedure,Studies: NR; patients: NR,pooled proportion,NR,NR,NR,NR,Pooled postoperative incidence,[MESCLADO 2 p. 148],Cannot infer causal superiority of a preventive regimen from between-study pooled proportions. Avoiding hyperperfusion/hemorrhage without provoking hypoperfusion/ischemia.,Low,Unclear,Core clinical-surgical evidence table,Previously curated in consolidated extraction; denominator audit retained,"Do not pool across age, MMD/MMS, presentation, early/late horizon or patient/hemisphere/procedure units unless explicitly harmonized.",MOY-0137,Tier 1 — Core formal synthesis,"Postoperative seizure, stroke, hemorrhage, and cerebral hyperperfusion syndrome rates in adult patients with moyamoya disease undergoing revascularization: a systematic review and proportional meta-analysis",Yes,Low,Unclear,,,,FALSE,FALSE,FALSE,,ADULT_MIX,C00,O01,T4,U07,EM_PROPORTION,DESCRIPTIVE,0,not_orientable,-1,ADULT_MIX|C00|O01|T4|U07,ADULT_MIX|C00|O01|T4|U07|EM_PROPORTION,Moderate,TRUE,FALSE,review_profile,no_authorized_comparison,keyword_horizon,mixed_or_unspecified_followup,mixed_or_unclear,proportion,C00 and O99 are operational noninferential codes and do not create new SAP comparisons/outcomes.,,,FALSE,FALSE,FALSE,,,,FALSE,TRUE,FALSE,ADULT_MIX|C00|O01|T4|U07,ADULT_MIX|C00|O01|T4|U07|EM_PROPORTION,Curated extraction — eligible after final denominator check,No,,Proportional meta-analysis,", NewYork-Presbyterian Hospital Weill Cornell Medicine, 525 East 68th Street, Whitney 617, New York, NY 10065, USA Abstract To compare the postoperative incidence rate of seizure, stroke, hemorrhage, and cerebral hyperperfusion syndrome (CHP) in patients undergoing revascularization for Moyamoya disease (MMD) across direct, indirect, or combined revascular ization approaches. MMD is a rare, progressive cerebrovascular disorder characterized by critical stenosis of the carotid terminus leading to chronic hypoperfusion and risk for cerebral ischemia. Revascularization in MMD may lead to a risk of perioperative seizures; however, this has not been rigorously studied. PubMed,",No,Previously curated in consolidated extraction; denominator audit retained,Yes,Previously curated in consolidated extraction; denominator audit retained,Proportional meta-analysis,Yes,", NewYork-Presbyterian Hospital Weill Cornell Medicine, 525 East 68th Street, Whitney 617, New York, NY 10065, USA Abstract To compare the postoperative incidence rate of seizure, stroke, hemorrhage, and cerebral hyperperfusion syndrome (CHP) in patients undergoing revascularization for Moyamoya disease (MMD) across direct, indirect, or combined revascular ization approaches. MMD is a rare, progressive cerebrovascular disorder characterized by critical stenosis of the carotid terminus leading to chronic hypoperfusion and risk for cerebral ischemia. Revascularization in MMD may lead to a risk of perioperative seizures; however, this has not been rigorously studied. PubMed,",Curated extraction — eligible after final denominator check,,Studies: NR; patients: NR,[MESCLADO 2 p. 148],Cannot infer causal superiority of a preventive regimen from between-study pooled proportions. Avoiding hyperperfusion/hemorrhage without provoking hypoperfusion/ischemia.,retain,,"Direct, indirect or combined bypass",Technique subgroups/single-arm,TRUE,TRUE,,TRUE,FALSE,FALSE,TRUE,Clinical events/safety,Adult mixed,No formal comparison,Early ischemic stroke,Mixed/unspecified follow-up,Mixed/unclear,Proportion,TRUE,FALSE,NOT_REQUIRED_AFTER_INITIAL_HARMONIZATION,,,,,,"Direct, indirect or combined bypass",Technique subgroups/single-arm,,,,,,,,,,,,Direction not prespecified,Not orientable,NR,NR,FALSE
E0046,R034,MOY-0137,Tier 1 — Core formal synthesis,Perioperative safety/risk,Hemorrhagic events,"Postoperative seizure, stroke, hemorrhage, and cerebral hyperperfusion syndrome rates in adult patients with moyamoya disease undergoing revascularization: a systematic review and proportional meta-analysis",Adults with MMD undergoing revascularization,"Direct, indirect or combined bypass",Technique subgroups/single-arm,Postoperative hemorrhage,postoperative,patient/procedure,Studies: NR; patients: NR,pooled proportion,NR,NR,NR,NR,Pooled postoperative incidence,[MESCLADO 2 p. 148],Cannot infer causal superiority of a preventive regimen from between-study pooled proportions. Avoiding hyperperfusion/hemorrhage without provoking hypoperfusion/ischemia.,Low,Unclear,Core clinical-surgical evidence table,Previously curated in consolidated extraction; denominator audit retained,"Do not pool across age, MMD/MMS, presentation, early/late horizon or patient/hemisphere/procedure units unless explicitly harmonized.",MOY-0137,Tier 1 — Core formal synthesis,"Postoperative seizure, stroke, hemorrhage, and cerebral hyperperfusion syndrome rates in adult patients with moyamoya disease undergoing revascularization: a systematic review and proportional meta-analysis",Yes,Low,Unclear,,,,FALSE,FALSE,FALSE,,ADULT_MIX,C00,O05,T4,U07,EM_PROPORTION,DESCRIPTIVE,0,not_orientable,-1,ADULT_MIX|C00|O05|T4|U07,ADULT_MIX|C00|O05|T4|U07|EM_PROPORTION,Moderate,TRUE,FALSE,review_profile,no_authorized_comparison,keyword,mixed_or_unspecified_followup,mixed_or_unclear,proportion,C00 and O99 are operational noninferential codes and do not create new SAP comparisons/outcomes.,,,FALSE,FALSE,FALSE,,,,FALSE,TRUE,FALSE,ADULT_MIX|C00|O05|T4|U07,ADULT_MIX|C00|O05|T4|U07|EM_PROPORTION,Curated extraction — eligible after final denominator check,No,,Proportional meta-analysis,"k-Presbyterian Hospital Weill Cornell Medicine, 525 East 68th Street, Whitney 617, New York, NY 10065, USA Abstract To compare the postoperative incidence rate of seizure, stroke, hemorrhage, and cerebral hyperperfusion syndrome (CHP) in patients undergoing revascularization for Moyamoya disease (MMD) across direct, indirect, or combined revascular ization approaches. MMD is a rare, progressive cerebrovascular disorder characterized by critical stenosis of the carotid terminus leading to chronic hypoperfusion and risk for cerebral ischemia. Revascularization in MMD may lead to a risk of perioperative seizures; however, this has not been rigorously studied. PubMed, Medline",No,Previously curated in consolidated extraction; denominator audit retained,Yes,Previously curated in consolidated extraction; denominator audit retained,Proportional meta-analysis,Yes,"k-Presbyterian Hospital Weill Cornell Medicine, 525 East 68th Street, Whitney 617, New York, NY 10065, USA Abstract To compare the postoperative incidence rate of seizure, stroke, hemorrhage, and cerebral hyperperfusion syndrome (CHP) in patients undergoing revascularization for Moyamoya disease (MMD) across direct, indirect, or combined revascular ization approaches. MMD is a rare, progressive cerebrovascular disorder characterized by critical stenosis of the carotid terminus leading to chronic hypoperfusion and risk for cerebral ischemia. Revascularization in MMD may lead to a risk of perioperative seizures; however, this has not been rigorously studied. PubMed, Medline",Curated extraction — eligible after final denominator check,,Studies: NR; patients: NR,[MESCLADO 2 p. 148],Cannot infer causal superiority of a preventive regimen from between-study pooled proportions. Avoiding hyperperfusion/hemorrhage without provoking hypoperfusion/ischemia.,retain,,"Direct, indirect or combined bypass",Technique subgroups/single-arm,TRUE,TRUE,,TRUE,FALSE,FALSE,TRUE,Clinical events/safety,Adult mixed,No formal comparison,Late hemorrhage/rebleeding,Mixed/unspecified follow-up,Mixed/unclear,Proportion,TRUE,FALSE,NOT_REQUIRED_AFTER_INITIAL_HARMONIZATION,,,,,,"Direct, indirect or combined bypass",Technique subgroups/single-arm,,,,,,,,,,,,Direction not prespecified,Not orientable,NR,NR,FALSE
E0047,R034,MOY-0137,Tier 1 — Core formal synthesis,Perioperative safety/risk,Hemodynamic/perfusion,"Postoperative seizure, stroke, hemorrhage, and cerebral hyperperfusion syndrome rates in adult patients with moyamoya disease undergoing revascularization: a systematic review and proportional meta-analysis",Adults with MMD undergoing revascularization,"Direct, indirect or combined bypass",Technique subgroups/single-arm,Cerebral hyperperfusion syndrome,postoperative,patient/procedure,Studies: NR; patients: NR,pooled proportion,NR,NR,NR,NR,Pooled postoperative incidence,[MESCLADO 2 p. 148],Cannot infer causal superiority of a preventive regimen from between-study pooled proportions. Avoiding hyperperfusion/hemorrhage without provoking hypoperfusion/ischemia.,Low,Unclear,Core clinical-surgical evidence table,Previously curated in consolidated extraction; denominator audit retained,"Do not pool across age, MMD/MMS, presentation, early/late horizon or patient/hemisphere/procedure units unless explicitly harmonized.",MOY-0137,Tier 1 — Core formal synthesis,"Postoperative seizure, stroke, hemorrhage, and cerebral hyperperfusion syndrome rates in adult patients with moyamoya disease undergoing revascularization: a systematic review and proportional meta-analysis",Yes,Low,Unclear,,,,FALSE,FALSE,FALSE,,ADULT_MIX,C00,O08,T4,U07,EM_PROPORTION,DESCRIPTIVE,0,not_orientable,-1,ADULT_MIX|C00|O08|T4|U07,ADULT_MIX|C00|O08|T4|U07|EM_PROPORTION,Moderate,TRUE,FALSE,review_profile,no_authorized_comparison,keyword,mixed_or_unspecified_followup,mixed_or_unclear,proportion,C00 and O99 are operational noninferential codes and do not create new SAP comparisons/outcomes.,,,FALSE,FALSE,FALSE,,,,FALSE,TRUE,FALSE,ADULT_MIX|C00|O08|T4|U07,ADULT_MIX|C00|O08|T4|U07|EM_PROPORTION,Curated extraction — eligible after final denominator check,No,,Proportional meta-analysis,"eill Cornell Medicine, 525 East 68th Street, Whitney 617, New York, NY 10065, USA Abstract To compare the postoperative incidence rate of seizure, stroke, hemorrhage, and cerebral hyperperfusion syndrome (CHP) in patients undergoing revascularization for Moyamoya disease (MMD) across direct, indirect, or combined revascular ization approaches. MMD is a rare, progressive cerebrovascular disorder characterized by critical stenosis of the carotid terminus leading to chronic hypoperfusion and risk for cerebral ischemia. Revascularization in MMD may lead to a risk of perioperative seizures; however, this has not been rigorously studied. PubMed, Medline, Embase, Scopus, and Web",No,Previously curated in consolidated extraction; denominator audit retained,Yes,Previously curated in consolidated extraction; denominator audit retained,Proportional meta-analysis,Yes,"eill Cornell Medicine, 525 East 68th Street, Whitney 617, New York, NY 10065, USA Abstract To compare the postoperative incidence rate of seizure, stroke, hemorrhage, and cerebral hyperperfusion syndrome (CHP) in patients undergoing revascularization for Moyamoya disease (MMD) across direct, indirect, or combined revascular ization approaches. MMD is a rare, progressive cerebrovascular disorder characterized by critical stenosis of the carotid terminus leading to chronic hypoperfusion and risk for cerebral ischemia. Revascularization in MMD may lead to a risk of perioperative seizures; however, this has not been rigorously studied. PubMed, Medline, Embase, Scopus, and Web",Curated extraction — eligible after final denominator check,,Studies: NR; patients: NR,[MESCLADO 2 p. 148],Cannot infer causal superiority of a preventive regimen from between-study pooled proportions. Avoiding hyperperfusion/hemorrhage without provoking hypoperfusion/ischemia.,retain,,"Direct, indirect or combined bypass",Technique subgroups/single-arm,TRUE,TRUE,,TRUE,FALSE,FALSE,TRUE,Clinical events/safety,Adult mixed,No formal comparison,Hyperperfusion syndrome,Mixed/unspecified follow-up,Mixed/unclear,Proportion,TRUE,FALSE,NOT_REQUIRED_AFTER_INITIAL_HARMONIZATION,,,,,,"Direct, indirect or combined bypass",Technique subgroups/single-arm,,,,,,,,,,,,Direction not prespecified,Not orientable,NR,NR,FALSE
E0048,R038,MOY-0135,Tier 1 — Core formal synthesis,Cognition/patient-centered outcomes,Patient-centered/functional,Post-Surgical Cognitive Outcomes of Moyamoya Disease: A Systematic Review,MMD patients in 12 studies (446 patients),Revascularization surgery,Preoperative baseline and/or nonsurgical controls,Post-surgical cognitive outcome,follow-up,patient/test domain,Studies: 12; patients: 446,narrative/descriptive,Heterogeneous improvement/no change across domains,NR,NR,NR,Mixed; many studies report domain-specific improvement,[MESCLADO 2 p. 195],"Practice effects, variable tests and no uniform controls limit causal interpretation.",Critically low,High,Core clinical-surgical evidence table,Previously curated in consolidated extraction; denominator audit retained,"Do not pool across age, MMD/MMS, presentation, early/late horizon or patient/hemisphere/procedure units unless explicitly harmonized.",MOY-0135,Tier 1 — Core formal synthesis,Post-Surgical Cognitive Outcomes of Moyamoya Disease: A Systematic Review,Yes,Critically low,High,,,,FALSE,FALSE,FALSE,,MIXED_UNSEP,C00,O13,T4,U07,EM_DESCRIPTIVE,PATIENT_CENTERED_DESCRIPTIVE,0,not_orientable,0,MIXED_UNSEP|C00|O13|T4|U07,MIXED_UNSEP|C00|O13|T4|U07|EM_DESCRIPTIVE,Low,TRUE,FALSE,review_profile,review_profile,keyword,mixed_or_unspecified_followup,mixed_or_unclear,descriptive,C00 and O99 are operational noninferential codes and do not create new SAP comparisons/outcomes.,,,FALSE,FALSE,FALSE,,,,FALSE,TRUE,FALSE,MIXED_UNSEP|C00|O13|T4|U07,MIXED_UNSEP|C00|O13|T4|U07|EM_DESCRIPTIVE,Curated extraction — eligible after final denominator check,No,,Systematic narrative synthesis,"utcomes either qualitatively or quantitatively. All data extracted from included articles was examined descriptively. - RESULTS: Of 1091 resultant articles, 12 articles containing 446 patients were included. Surgery was associated with maintained or improved full scale in- tellectual quotient (IQ), performance IQ, perceptual IQ, memory quotient and verbal memory. However, 70% of patients had impaired cognitive function, with associated poor school performance. Improvements in cognition were associ- ated with increased cerebral blood flow, particularly to the middle cerebral artery, due to the development of collaterals. Female sex, shorter duration from symptom onset to s",No,Previously curated in consolidated extraction; denominator audit retained,Yes,Previously curated in consolidated extraction; denominator audit retained,Systematic narrative synthesis,Yes,"utcomes either qualitatively or quantitatively. All data extracted from included articles was examined descriptively. - RESULTS: Of 1091 resultant articles, 12 articles containing 446 patients were included. Surgery was associated with maintained or improved full scale in- tellectual quotient (IQ), performance IQ, perceptual IQ, memory quotient and verbal memory. However, 70% of patients had impaired cognitive function, with associated poor school performance. Improvements in cognition were associ- ated with increased cerebral blood flow, particularly to the middle cerebral artery, due to the development of collaterals. Female sex, shorter duration from symptom onset to s",Curated extraction — eligible after final denominator check,,Studies: 12; patients: 446,[MESCLADO 2 p. 195],"Practice effects, variable tests and no uniform controls limit causal interpretation.",retain,,Revascularization surgery,Preoperative baseline and/or nonsurgical controls,TRUE,TRUE,,TRUE,FALSE,FALSE,TRUE,Patient-centered,Mixed/unseparated,No formal comparison,Cognition/neuropsychology,Mixed/unspecified follow-up,Mixed/unclear,Descriptive,TRUE,FALSE,NOT_REQUIRED_AFTER_INITIAL_HARMONIZATION,,,,,,Revascularization surgery,Preoperative baseline and/or nonsurgical controls,,,,,,,,,,,,Direction not prespecified,Not orientable,NR,NR,FALSE
E0049,R039,MOY-0100,Tier 1 — Core formal synthesis,Perioperative safety/risk,Hemodynamic/perfusion,Incidence of cerebral hyperperfusion syndrome following revascularization surgery in moyamoya patients: a systematic review and meta-analysis,"MMD after revascularization; 23 studies, 2,083 patients",Revascularization surgery,Age/technique subgroups,Cerebral hyperperfusion syndrome incidence,early postoperative,patient/procedure,"Studies: 23; patients: 2,083",pooled proportion,NR,NR,NR,NR,Pooled incidence and subgroup estimates,[MESCLADO 2 p. 206],Cannot infer causal superiority of a preventive regimen from between-study pooled proportions. Avoiding hyperperfusion/hemorrhage without provoking hypoperfusion/ischemia.,Critically low,High,Core clinical-surgical evidence table,Previously curated in consolidated extraction; denominator audit retained,"Do not pool across age, MMD/MMS, presentation, early/late horizon or patient/hemisphere/procedure units unless explicitly harmonized.",MOY-0100,Tier 1 — Core formal synthesis,Incidence of cerebral hyperperfusion syndrome following revascularization surgery in moyamoya patients: a systematic review and meta-analysis,Yes,Critically low,High,,,,FALSE,FALSE,FALSE,,MIXED_UNSEP,C00,O08,T1,U07,EM_PROPORTION,DESCRIPTIVE,0,not_orientable,-1,MIXED_UNSEP|C00|O08|T1|U07,MIXED_UNSEP|C00|O08|T1|U07|EM_PROPORTION,Moderate,TRUE,FALSE,review_profile,no_authorized_comparison,keyword,early,mixed_or_unclear,proportion,C00 and O99 are operational noninferential codes and do not create new SAP comparisons/outcomes.,,,FALSE,FALSE,FALSE,,,,FALSE,TRUE,FALSE,MIXED_UNSEP|C00|O08|T1|U07,MIXED_UNSEP|C00|O08|T1|U07|EM_PROPORTION,Curated extraction — eligible after final denominator check,No,,Systematic review/meta-analysis,"egarding CHS and its associated complications among MMD patients undergoing cerebral revascularization surgery. A total of 177 articles were screened, and 23 studies consisting of 2083 patients were included in this study. The pooled incidence of CHS was 23% (95% CI: 17–30%), with higher rates in direct revascularization (27%) compared to combined methods (21%). The incidence of postoperative seizures was 8% (95% CI: 5–11%), and hemorrhage was 15% (95% CI: 7–24%). No significant publication bias was detected. This study highlights the incidence of CHS following revascularization procedures. The associated complications, such as seizures and hemorrhage, underscore the need",No,Previously curated in consolidated extraction; denominator audit retained,Yes,Previously curated in consolidated extraction; denominator audit retained,Systematic review/meta-analysis,Yes,"egarding CHS and its associated complications among MMD patients undergoing cerebral revascularization surgery. A total of 177 articles were screened, and 23 studies consisting of 2083 patients were included in this study. The pooled incidence of CHS was 23% (95% CI: 17–30%), with higher rates in direct revascularization (27%) compared to combined methods (21%). The incidence of postoperative seizures was 8% (95% CI: 5–11%), and hemorrhage was 15% (95% CI: 7–24%). No significant publication bias was detected. This study highlights the incidence of CHS following revascularization procedures. The associated complications, such as seizures and hemorrhage, underscore the need",Curated extraction — eligible after final denominator check,,"Studies: 23; patients: 2,083",[MESCLADO 2 p. 206],Cannot infer causal superiority of a preventive regimen from between-study pooled proportions. Avoiding hyperperfusion/hemorrhage without provoking hypoperfusion/ischemia.,retain,,Revascularization surgery,Age/technique subgroups,TRUE,TRUE,,TRUE,FALSE,FALSE,TRUE,Clinical events/safety,Mixed/unseparated,No formal comparison,Hyperperfusion syndrome,Early/perioperative,Mixed/unclear,Proportion,TRUE,FALSE,NOT_REQUIRED_AFTER_INITIAL_HARMONIZATION,,,,,,Revascularization surgery,Age/technique subgroups,,,,,,,,,,,,Direction not prespecified,Not orientable,NR,NR,FALSE
E0050,R041,MOY-0131,Tier 2 — Contextual formal synthesis/evidence map,MMS — sickle cell disease,Angiographic/technical success,Outcomes in Patients with Moyamoya Syndrome and Sickle Cell Disease: A Systematic Review,Pediatric SCD-associated MMS,Indirect revascularization plus chronic transfusion,Chronic transfusion alone/preoperative period,Perioperative stroke after indirect revascularization,perioperative,patient,6 studies; 73 surgical patients,proportion,1.4% (1 event),NR,NR,NR,Low early surgical event rate,[MESCLADO 3 p. 1],"Cannot prove superiority over optimized transfusion from nonrandomized, overlapping cohorts. Low perioperative event rate versus delayed collateral development and evidence from small retrospective cohorts.",Critically low,High,Contextual formal evidence table,Previously curated in consolidated extraction; denominator audit retained,"Do not pool across age, MMD/MMS, presentation, early/late horizon or patient/hemisphere/procedure units unless explicitly harmonized.",MOY-0131,Tier 2 — Contextual formal synthesis/evidence map,Outcomes in Patients with Moyamoya Syndrome and Sickle Cell Disease: A Systematic Review,Yes,Critically low,High,,,,FALSE,FALSE,FALSE,,MMS_SCD,C14,O01,T1,U01,EM_PROPORTION,DESCRIPTIVE_WITH_COMPARATOR,1,canonical,-1,MMS_SCD|C14|O01|T1|U01,MMS_SCD|C14|O01|T1|U01|EM_PROPORTION,High,FALSE,FALSE,review_profile,review_profile,keyword_horizon,early,exact,proportion,,,,FALSE,FALSE,FALSE,,,,TRUE,TRUE,FALSE,MMS_SCD|C14|O01|T1|U01,MMS_SCD|C14|O01|T1|U01|EM_PROPORTION,Curated extraction — eligible after final denominator check,No,,Pooled descriptive review,"d surgically (all indirect procedures), whereas 49 (40.2%) remained on chronic transfusion therapy. Of the patients that underwent indirect revascu- larization surgery, a total of 1 perioperative (1.4%) and 4 postoperative strokes (5.5%) were reported over 44 months (1 stroke per 53.3 patient-years). In com- parison, an average of 46.5% of patients who were receiving chronic trans- fusions had major events (stroke or transient ischemic attack) while undergoing therapy (1 stroke per 13.65 patient-years, P [ 0.00215). - CONCLUSIONS: We present a large systematic review of the literature regarding outcomes of surgical and medical management for patients with moyamoya syndrom",No,Previously curated in consolidated extraction; denominator audit retained,Yes,Previously curated in consolidated extraction; denominator audit retained,Pooled descriptive review,Yes,"d surgically (all indirect procedures), whereas 49 (40.2%) remained on chronic transfusion therapy. Of the patients that underwent indirect revascu- larization surgery, a total of 1 perioperative (1.4%) and 4 postoperative strokes (5.5%) were reported over 44 months (1 stroke per 53.3 patient-years). In com- parison, an average of 46.5% of patients who were receiving chronic trans- fusions had major events (stroke or transient ischemic attack) while undergoing therapy (1 stroke per 13.65 patient-years, P [ 0.00215). - CONCLUSIONS: We present a large systematic review of the literature regarding outcomes of surgical and medical management for patients with moyamoya syndrom",Curated extraction — eligible after final denominator check,,6 studies; 73 surgical patients,[MESCLADO 3 p. 1],"Cannot prove superiority over optimized transfusion from nonrandomized, overlapping cohorts. Low perioperative event rate versus delayed collateral development and evidence from small retrospective cohorts.",retain,,Indirect revascularization plus chronic transfusion,Chronic transfusion alone/preoperative period,TRUE,TRUE,,TRUE,FALSE,FALSE,TRUE,Clinical events/safety,SCD-associated MMS,SCD-MMS: surgery + transfusion,Early ischemic stroke,Early/perioperative,Patient,Proportion,FALSE,FALSE,NOT_REQUIRED,,,,,,Indirect revascularization plus chronic transfusion,Chronic transfusion alone/preoperative period,,,,,,,,,,,,Direction not prespecified,Not orientable,NR,NR,FALSE
E0051,R041,MOY-0131,Tier 2 — Contextual formal synthesis/evidence map,MMS — sickle cell disease,Angiographic/technical success,Outcomes in Patients with Moyamoya Syndrome and Sickle Cell Disease: A Systematic Review,Pediatric SCD-associated MMS,Indirect revascularization plus chronic transfusion,Chronic transfusion alone,Postoperative stroke after indirect revascularization,mean 44 months,patient and patient-year,6 studies; 73 surgical patients,proportion/rate,5.5% (4 events); 1 stroke/53.3 patient-years,NR,NR,NR,Lower late event rate after surgery,[MESCLADO 3 p. 1],"Cannot prove superiority over optimized transfusion from nonrandomized, overlapping cohorts. Low perioperative event rate versus delayed collateral development and evidence from small retrospective cohorts.",Critically low,High,Contextual formal evidence table,Previously curated in consolidated extraction; denominator audit retained,"Do not pool across age, MMD/MMS, presentation, early/late horizon or patient/hemisphere/procedure units unless explicitly harmonized.",MOY-0131,Tier 2 — Contextual formal synthesis/evidence map,Outcomes in Patients with Moyamoya Syndrome and Sickle Cell Disease: A Systematic Review,Yes,Critically low,High,,,,FALSE,FALSE,FALSE,,MMS_SCD,C14,O01,T3,U07,EM_PROPORTION,DESCRIPTIVE_WITH_COMPARATOR,1,canonical,-1,MMS_SCD|C14|O01|T3|U07,MMS_SCD|C14|O01|T3|U07|EM_PROPORTION,High,FALSE,FALSE,review_profile,review_profile,keyword_horizon,long_term,mixed_or_unclear,proportion,,,,FALSE,FALSE,FALSE,,,,TRUE,TRUE,FALSE,MMS_SCD|C14|O01|T3|U07,MMS_SCD|C14|O01|T3|U07|EM_PROPORTION,Curated extraction — eligible after final denominator check,No,,Pooled descriptive review,"on therapy. Of the patients that underwent indirect revascu- larization surgery, a total of 1 perioperative (1.4%) and 4 postoperative strokes (5.5%) were reported over 44 months (1 stroke per 53.3 patient-years). In com- parison, an average of 46.5% of patients who were receiving chronic trans- fusions had major events (stroke or transient ischemic attack) while undergoing therapy (1 stroke per 13.65 patient-years, P [ 0.00215). - CONCLUSIONS: We present a large systematic review of the literature regarding outcomes of surgical and medical management for patients with moyamoya syndrome and sickle cell disease. The findings redemonstrate the efficacy and safety of surgica",No,Previously curated in consolidated extraction; denominator audit retained,Yes,Previously curated in consolidated extraction; denominator audit retained,Pooled descriptive review,Yes,"on therapy. Of the patients that underwent indirect revascu- larization surgery, a total of 1 perioperative (1.4%) and 4 postoperative strokes (5.5%) were reported over 44 months (1 stroke per 53.3 patient-years). In com- parison, an average of 46.5% of patients who were receiving chronic trans- fusions had major events (stroke or transient ischemic attack) while undergoing therapy (1 stroke per 13.65 patient-years, P [ 0.00215). - CONCLUSIONS: We present a large systematic review of the literature regarding outcomes of surgical and medical management for patients with moyamoya syndrome and sickle cell disease. The findings redemonstrate the efficacy and safety of surgica",Curated extraction — eligible after final denominator check,,6 studies; 73 surgical patients,[MESCLADO 3 p. 1],"Cannot prove superiority over optimized transfusion from nonrandomized, overlapping cohorts. Low perioperative event rate versus delayed collateral development and evidence from small retrospective cohorts.",retain,,Indirect revascularization plus chronic transfusion,Chronic transfusion alone,TRUE,TRUE,,TRUE,FALSE,FALSE,TRUE,Clinical events/safety,SCD-associated MMS,SCD-MMS: surgery + transfusion,Early ischemic stroke,Late/long-term,Mixed/unclear,Proportion,FALSE,FALSE,NOT_REQUIRED,,,,,,Indirect revascularization plus chronic transfusion,Chronic transfusion alone,,,,,,,,,,,,Direction not prespecified,Not orientable,NR,NR,FALSE
E0052,R041,MOY-0131,Tier 2 — Contextual formal synthesis/evidence map,MMS — sickle cell disease,Other,Outcomes in Patients with Moyamoya Syndrome and Sickle Cell Disease: A Systematic Review,Pediatric SCD-associated MMS,Chronic transfusion therapy,Indirect revascularization plus transfusion,Major events during chronic transfusion,follow-up,patient and patient-year,49 conservatively managed patients,proportion/rate,46.5%; 1 stroke/13.65 patient-years,NR,0.00215,NR,Higher event rate with transfusion-only management,[MESCLADO 3 p. 1],Small retrospective and potentially overlapping cohorts; not proof of superiority over optimized contemporary transfusion.,Critically low,High,Contextual formal evidence table,Previously curated in consolidated extraction; denominator audit retained,"Do not pool across age, MMD/MMS, presentation, early/late horizon or patient/hemisphere/procedure units unless explicitly harmonized.",MOY-0131,Tier 2 — Contextual formal synthesis/evidence map,Outcomes in Patients with Moyamoya Syndrome and Sickle Cell Disease: A Systematic Review,Yes,Critically low,High,,,,FALSE,FALSE,FALSE,,MMS_SCD,C14,O99,T4,U07,EM_PROPORTION,DESCRIPTIVE_WITH_COMPARATOR,-1,reversed,0,MMS_SCD|C14|O99|T4|U07,MMS_SCD|C14|O99|T4|U07|EM_PROPORTION,Moderate,TRUE,FALSE,review_profile,review_profile,other_or_composite,mixed_or_unspecified_followup,mixed_or_unclear,proportion,C00 and O99 are operational noninferential codes and do not create new SAP comparisons/outcomes.,,,FALSE,FALSE,FALSE,,,,TRUE,FALSE,FALSE,MMS_SCD|C14|O99|T4|U07,MMS_SCD|C14|O99|T4|U07|EM_PROPORTION,Curated extraction — eligible after final denominator check,No,,Nonrandomized pooled comparison,"m- parison, an average of 46.5% of patients who were receiving chronic trans- fusions had major events (stroke or transient ischemic attack) while undergoing therapy (1 stroke per 13.65 patient-years, P [ 0.00215). - CONCLUSIONS: We present a large systematic review of the literature regarding outcomes of surgical and medical management for patients with moyamoya syndrome and sickle cell disease. The findings redemonstrate the efficacy and safety of surgical revascularization, and advocate for earlier dis- cussion around surgical intervention. Key words - Chronic transfusion therapy - Moyamoya syndrome - Revascularization - Sickle cell disease - Stroke Abbreviations and A",No,Previously curated in consolidated extraction; denominator audit retained,Yes,Previously curated in consolidated extraction; denominator audit retained,Nonrandomized pooled comparison,Yes,"m- parison, an average of 46.5% of patients who were receiving chronic trans- fusions had major events (stroke or transient ischemic attack) while undergoing therapy (1 stroke per 13.65 patient-years, P [ 0.00215). - CONCLUSIONS: We present a large systematic review of the literature regarding outcomes of surgical and medical management for patients with moyamoya syndrome and sickle cell disease. The findings redemonstrate the efficacy and safety of surgical revascularization, and advocate for earlier dis- cussion around surgical intervention. Key words - Chronic transfusion therapy - Moyamoya syndrome - Revascularization - Sickle cell disease - Stroke Abbreviations and A",Curated extraction — eligible after final denominator check,,49 conservatively managed patients,[MESCLADO 3 p. 1],Small retrospective and potentially overlapping cohorts; not proof of superiority over optimized contemporary transfusion.,retain,,Chronic transfusion therapy,Indirect revascularization plus transfusion,TRUE,TRUE,,TRUE,FALSE,FALSE,TRUE,Other/composite,SCD-associated MMS,SCD-MMS: surgery + transfusion,Other/composite,Mixed/unspecified follow-up,Mixed/unclear,Proportion,TRUE,FALSE,NOT_REQUIRED_AFTER_INITIAL_HARMONIZATION,,,,,,Indirect revascularization plus transfusion,Chronic transfusion therapy,,,,,,,,,,,,Direction not prespecified,Not orientable,NR,NR,TRUE
E0053,R042,MOY-0068,Tier 1 — Core formal synthesis,Adult revascularization,Ischemic/stroke events,"Direct, Indirect, and Combined Extracranial-to-Intracranial Bypass for Adult Moyamoya Disease: An Updated Systematic Review and Meta-Analysis",Adults with MMD,Direct bypass,Indirect bypass,Early stroke: direct vs indirect,early/perioperative,bypass/patient as reported,Studies: 143 pooled; 43 comparative meta-analysis; patients: NR,OR,0.62,0.48–0.79,<0.0001,NR,Favours direct,[MESCLADO 3 p. 7],Strong recommendation based on low-quality observational evidence; unit dependence and confounding by indication remain.,Critically low,High,Core clinical-surgical evidence table,Previously curated in consolidated extraction; denominator audit retained,"Do not pool across age, MMD/MMS, presentation, early/late horizon or patient/hemisphere/procedure units unless explicitly harmonized.",MOY-0068,Tier 1 — Core formal synthesis,"Direct, Indirect, and Combined Extracranial-to-Intracranial Bypass for Adult Moyamoya Disease: An Updated Systematic Review and Meta-Analysis",Yes,Critically low,High,0.62,0.48,0.79,TRUE,TRUE,FALSE,TRUE,ADULT_MIX,C02,O01,T1,U07,EM_OR,COMPARATIVE,1,canonical,-1,ADULT_MIX|C02|O01|T1|U07,ADULT_MIX|C02|O01|T1|U07|EM_OR,High,FALSE,FALSE,review_profile,text_rule,keyword_horizon,early,mixed_or_unclear,exact,,0.48,0.79,TRUE,FALSE,TRUE,-0.4780358009429998,-0.4780358009429998,0.4780358009429998,TRUE,TRUE,TRUE,ADULT_MIX|C02|O01|T1|U07,ADULT_MIX|C02|O01|T1|U07|EM_OR,Curated extraction — eligible after final denominator check,No,,Pooled analysis,"were 3827 direct, 3826 indirect, and 3801 combined bypasses. Average length of follow-up was 3.59±2.93 years. Pooled analysis significantly favored direct (odds ratio [OR], 0.62 [0.48–0.79]; P<0.0001; OR, 0.44 [0.32–0.59]; P<0.0001; OR, 0.56 [0.42–0.74]; P<0.0001; OR, 3.1 [2.5–3.8]; P=0.0001) and combined (OR, 0.53 [0.41–0.69]; P<0.0001; OR, 0.28 [0.2–0.41]; P<0.0001; OR, 0.41 [0.3–0.56]; P<0.0001; OR, 3.1 [2.8–4.3]; P=0.0001) over indirect bypass for early stroke, late stroke, late intracerebral hemorrhage, and favorable outcomes, respectively. Indirect bypass was favored over combined (OR, 3.1 [1.7–5.6]; P<0.0001) and direct (OR, 4.12 [2.34–7.25]; P<0.0001) for early i",No,Previously curated in consolidated extraction; denominator audit retained,Yes,Previously curated in consolidated extraction; denominator audit retained,Pooled analysis,Yes,"were 3827 direct, 3826 indirect, and 3801 combined bypasses. Average length of follow-up was 3.59±2.93 years. Pooled analysis significantly favored direct (odds ratio [OR], 0.62 [0.48–0.79]; P<0.0001; OR, 0.44 [0.32–0.59]; P<0.0001; OR, 0.56 [0.42–0.74]; P<0.0001; OR, 3.1 [2.5–3.8]; P=0.0001) and combined (OR, 0.53 [0.41–0.69]; P<0.0001; OR, 0.28 [0.2–0.41]; P<0.0001; OR, 0.41 [0.3–0.56]; P<0.0001; OR, 3.1 [2.8–4.3]; P=0.0001) over indirect bypass for early stroke, late stroke, late intracerebral hemorrhage, and favorable outcomes, respectively. Indirect bypass was favored over combined (OR, 3.1 [1.7–5.6]; P<0.0001) and direct (OR, 4.12 [2.34–7.25]; P<0.0001) for early i",Curated extraction — eligible after final denominator check,,Studies: 143 pooled; 43 comparative meta-analysis; patients: NR,[MESCLADO 3 p. 7],Strong recommendation based on low-quality observational evidence; unit dependence and confounding by indication remain.,retain,,Direct bypass,Indirect bypass,TRUE,TRUE,,TRUE,TRUE,TRUE,TRUE,Clinical events/safety,Adult mixed,Direct vs indirect,Early ischemic stroke,Early/perioperative,Mixed/unclear,OR,FALSE,FALSE,NOT_REQUIRED,,,0.62,0.48,0.79,Direct bypass,Indirect bypass,0.62,0.48,0.79,-0.4780358009429998,-0.7339691750802004,-0.23572233352106983,0.4780358009429998,0.7339691750802004,0.23572233352106983,0.23572233352106983,0.7339691750802004,Precise benefit,CI excludes null,OR 0.62 (0.48 to 0.79),OR 0.62 (0.48 to 0.79),FALSE
E0054,R042,MOY-0068,Tier 1 — Core formal synthesis,Adult revascularization,Ischemic/stroke events,"Direct, Indirect, and Combined Extracranial-to-Intracranial Bypass for Adult Moyamoya Disease: An Updated Systematic Review and Meta-Analysis",Adults with MMD,Direct bypass,Indirect bypass,Late stroke: direct vs indirect,late/follow-up,bypass/patient as reported,Studies: 143 pooled; 43 comparative meta-analysis; patients: NR,OR,0.44,0.32–0.59,<0.0001,NR,Favours direct,[MESCLADO 3 p. 7],Strong recommendation based on low-quality observational evidence; unit dependence and confounding by indication remain.,Critically low,High,Core clinical-surgical evidence table,Previously curated in consolidated extraction; denominator audit retained,"Do not pool across age, MMD/MMS, presentation, early/late horizon or patient/hemisphere/procedure units unless explicitly harmonized.",MOY-0068,Tier 1 — Core formal synthesis,"Direct, Indirect, and Combined Extracranial-to-Intracranial Bypass for Adult Moyamoya Disease: An Updated Systematic Review and Meta-Analysis",Yes,Critically low,High,0.44,0.32,0.59,TRUE,TRUE,FALSE,TRUE,ADULT_MIX,C02,O02,T3,U07,EM_OR,COMPARATIVE,1,canonical,-1,ADULT_MIX|C02|O02|T3|U07,ADULT_MIX|C02|O02|T3|U07|EM_OR,High,FALSE,FALSE,review_profile,text_rule,keyword,long_term,mixed_or_unclear,exact,,0.32,0.59,TRUE,FALSE,TRUE,-0.8209805520698302,-0.8209805520698302,0.8209805520698302,TRUE,TRUE,TRUE,ADULT_MIX|C02|O02|T3|U07,ADULT_MIX|C02|O02|T3|U07|EM_OR,Curated extraction — eligible after final denominator check,No,,Pooled analysis,", and 3801 combined bypasses. Average length of follow-up was 3.59±2.93 years. Pooled analysis significantly favored direct (odds ratio [OR], 0.62 [0.48–0.79]; P<0.0001; OR, 0.44 [0.32–0.59]; P<0.0001; OR, 0.56 [0.42–0.74]; P<0.0001; OR, 3.1 [2.5–3.8]; P=0.0001) and combined (OR, 0.53 [0.41–0.69]; P<0.0001; OR, 0.28 [0.2–0.41]; P<0.0001; OR, 0.41 [0.3–0.56]; P<0.0001; OR, 3.1 [2.8–4.3]; P=0.0001) over indirect bypass for early stroke, late stroke, late intracerebral hemorrhage, and favorable outcomes, respectively. Indirect bypass was favored over combined (OR, 3.1 [1.7–5.6]; P<0.0001) and direct (OR, 4.12 [2.34–7.25]; P<0.0001) for early intracerebral hemorrhage. The met",No,Previously curated in consolidated extraction; denominator audit retained,Yes,Previously curated in consolidated extraction; denominator audit retained,Pooled analysis,Yes,", and 3801 combined bypasses. Average length of follow-up was 3.59±2.93 years. Pooled analysis significantly favored direct (odds ratio [OR], 0.62 [0.48–0.79]; P<0.0001; OR, 0.44 [0.32–0.59]; P<0.0001; OR, 0.56 [0.42–0.74]; P<0.0001; OR, 3.1 [2.5–3.8]; P=0.0001) and combined (OR, 0.53 [0.41–0.69]; P<0.0001; OR, 0.28 [0.2–0.41]; P<0.0001; OR, 0.41 [0.3–0.56]; P<0.0001; OR, 3.1 [2.8–4.3]; P=0.0001) over indirect bypass for early stroke, late stroke, late intracerebral hemorrhage, and favorable outcomes, respectively. Indirect bypass was favored over combined (OR, 3.1 [1.7–5.6]; P<0.0001) and direct (OR, 4.12 [2.34–7.25]; P<0.0001) for early intracerebral hemorrhage. The met",Curated extraction — eligible after final denominator check,,Studies: 143 pooled; 43 comparative meta-analysis; patients: NR,[MESCLADO 3 p. 7],Strong recommendation based on low-quality observational evidence; unit dependence and confounding by indication remain.,retain,,Direct bypass,Indirect bypass,TRUE,TRUE,,TRUE,TRUE,TRUE,TRUE,Clinical events/safety,Adult mixed,Direct vs indirect,Late ischemic stroke,Late/long-term,Mixed/unclear,OR,FALSE,FALSE,NOT_REQUIRED,,,0.44,0.32,0.59,Direct bypass,Indirect bypass,0.44,0.32,0.59,-0.8209805520698302,-1.1394342831883648,-0.527632742082372,0.8209805520698302,1.1394342831883648,0.527632742082372,0.527632742082372,1.1394342831883648,Precise benefit,CI excludes null,OR 0.44 (0.32 to 0.59),OR 0.44 (0.32 to 0.59),FALSE
E0055,R042,MOY-0068,Tier 1 — Core formal synthesis,Adult revascularization,Hemorrhagic events,"Direct, Indirect, and Combined Extracranial-to-Intracranial Bypass for Adult Moyamoya Disease: An Updated Systematic Review and Meta-Analysis",Adults with MMD,Direct bypass,Indirect bypass,Late intracerebral hemorrhage: direct vs indirect,late/follow-up,bypass/patient as reported,Studies: 143 pooled; 43 comparative meta-analysis; patients: NR,OR,0.56,0.42–0.74,<0.0001,NR,Favours direct,[MESCLADO 3 p. 7],Strong recommendation based on low-quality observational evidence; unit dependence and confounding by indication remain.,Critically low,High,Core clinical-surgical evidence table,Previously curated in consolidated extraction; denominator audit retained,"Do not pool across age, MMD/MMS, presentation, early/late horizon or patient/hemisphere/procedure units unless explicitly harmonized.",MOY-0068,Tier 1 — Core formal synthesis,"Direct, Indirect, and Combined Extracranial-to-Intracranial Bypass for Adult Moyamoya Disease: An Updated Systematic Review and Meta-Analysis",Yes,Critically low,High,0.56,0.42,0.74,TRUE,TRUE,FALSE,TRUE,ADULT_MIX,C02,O05,T3,U07,EM_OR,COMPARATIVE,1,canonical,-1,ADULT_MIX|C02|O05|T3|U07,ADULT_MIX|C02|O05|T3|U07|EM_OR,High,FALSE,FALSE,review_profile,text_rule,keyword,long_term,mixed_or_unclear,exact,,0.42,0.74,TRUE,FALSE,TRUE,-0.579818495252942,-0.579818495252942,0.579818495252942,TRUE,TRUE,TRUE,ADULT_MIX|C02|O05|T3|U07,ADULT_MIX|C02|O05|T3|U07|EM_OR,Curated extraction — eligible after final denominator check,No,,Pooled analysis,"erage length of follow-up was 3.59±2.93 years. Pooled analysis significantly favored direct (odds ratio [OR], 0.62 [0.48–0.79]; P<0.0001; OR, 0.44 [0.32–0.59]; P<0.0001; OR, 0.56 [0.42–0.74]; P<0.0001; OR, 3.1 [2.5–3.8]; P=0.0001) and combined (OR, 0.53 [0.41–0.69]; P<0.0001; OR, 0.28 [0.2–0.41]; P<0.0001; OR, 0.41 [0.3–0.56]; P<0.0001; OR, 3.1 [2.8–4.3]; P=0.0001) over indirect bypass for early stroke, late stroke, late intracerebral hemorrhage, and favorable outcomes, respectively. Indirect bypass was favored over combined (OR, 3.1 [1.7–5.6]; P<0.0001) and direct (OR, 4.12 [2.34–7.25]; P<0.0001) for early intracerebral hemorrhage. The meta-analysis significantly favored",No,Previously curated in consolidated extraction; denominator audit retained,Yes,Previously curated in consolidated extraction; denominator audit retained,Pooled analysis,Yes,"erage length of follow-up was 3.59±2.93 years. Pooled analysis significantly favored direct (odds ratio [OR], 0.62 [0.48–0.79]; P<0.0001; OR, 0.44 [0.32–0.59]; P<0.0001; OR, 0.56 [0.42–0.74]; P<0.0001; OR, 3.1 [2.5–3.8]; P=0.0001) and combined (OR, 0.53 [0.41–0.69]; P<0.0001; OR, 0.28 [0.2–0.41]; P<0.0001; OR, 0.41 [0.3–0.56]; P<0.0001; OR, 3.1 [2.8–4.3]; P=0.0001) over indirect bypass for early stroke, late stroke, late intracerebral hemorrhage, and favorable outcomes, respectively. Indirect bypass was favored over combined (OR, 3.1 [1.7–5.6]; P<0.0001) and direct (OR, 4.12 [2.34–7.25]; P<0.0001) for early intracerebral hemorrhage. The meta-analysis significantly favored",Curated extraction — eligible after final denominator check,,Studies: 143 pooled; 43 comparative meta-analysis; patients: NR,[MESCLADO 3 p. 7],Strong recommendation based on low-quality observational evidence; unit dependence and confounding by indication remain.,retain,,Direct bypass,Indirect bypass,TRUE,TRUE,,TRUE,TRUE,TRUE,TRUE,Clinical events/safety,Adult mixed,Direct vs indirect,Late hemorrhage/rebleeding,Late/long-term,Mixed/unclear,OR,FALSE,FALSE,NOT_REQUIRED,,,0.56,0.42,0.74,Direct bypass,Indirect bypass,0.56,0.42,0.74,-0.579818495252942,-0.8675005677047231,-0.3011050927839216,0.579818495252942,0.8675005677047231,0.3011050927839216,0.3011050927839216,0.8675005677047231,Precise benefit,CI excludes null,OR 0.56 (0.42 to 0.74),OR 0.56 (0.42 to 0.74),FALSE
E0056,R042,MOY-0068,Tier 1 — Core formal synthesis,Adult revascularization,Other,"Direct, Indirect, and Combined Extracranial-to-Intracranial Bypass for Adult Moyamoya Disease: An Updated Systematic Review and Meta-Analysis",Adults with MMD,Direct bypass,Indirect bypass,Favorable outcome: direct vs indirect,late/follow-up,bypass/patient as reported,Studies: 143 pooled; 43 comparative meta-analysis; patients: NR,OR,3.1,2.5–3.8,0.0001,NR,Favours direct,[MESCLADO 3 p. 7],Strong recommendation based on low-quality observational evidence; unit dependence and confounding by indication remain.,Critically low,High,Core clinical-surgical evidence table,Previously curated in consolidated extraction; denominator audit retained,"Do not pool across age, MMD/MMS, presentation, early/late horizon or patient/hemisphere/procedure units unless explicitly harmonized.",MOY-0068,Tier 1 — Core formal synthesis,"Direct, Indirect, and Combined Extracranial-to-Intracranial Bypass for Adult Moyamoya Disease: An Updated Systematic Review and Meta-Analysis",Yes,Critically low,High,3.1,2.5,3.8,TRUE,TRUE,FALSE,TRUE,ADULT_MIX,C02,O06,T3,U07,EM_OR,COMPARATIVE,1,canonical,1,ADULT_MIX|C02|O06|T3|U07,ADULT_MIX|C02|O06|T3|U07|EM_OR,High,FALSE,FALSE,review_profile,text_rule,keyword,long_term,mixed_or_unclear,exact,,2.5,3.8,TRUE,FALSE,TRUE,1.1314021114911006,1.1314021114911006,1.1314021114911006,TRUE,TRUE,TRUE,ADULT_MIX|C02|O06|T3|U07,ADULT_MIX|C02|O06|T3|U07|EM_OR,Curated extraction — eligible after final denominator check,No,,Pooled analysis,".59±2.93 years. Pooled analysis significantly favored direct (odds ratio [OR], 0.62 [0.48–0.79]; P<0.0001; OR, 0.44 [0.32–0.59]; P<0.0001; OR, 0.56 [0.42–0.74]; P<0.0001; OR, 3.1 [2.5–3.8]; P=0.0001) and combined (OR, 0.53 [0.41–0.69]; P<0.0001; OR, 0.28 [0.2–0.41]; P<0.0001; OR, 0.41 [0.3–0.56]; P<0.0001; OR, 3.1 [2.8–4.3]; P=0.0001) over indirect bypass for early stroke, late stroke, late intracerebral hemorrhage, and favorable outcomes, respectively. Indirect bypass was favored over combined (OR, 3.1 [1.7–5.6]; P<0.0001) and direct (OR, 4.12 [2.34–7.25]; P<0.0001) for early intracerebral hemorrhage. The meta-analysis significantly favored direct (OR, 0.37 [0.23–0.60];",No,Previously curated in consolidated extraction; denominator audit retained,Yes,Previously curated in consolidated extraction; denominator audit retained,Pooled analysis,Yes,".59±2.93 years. Pooled analysis significantly favored direct (odds ratio [OR], 0.62 [0.48–0.79]; P<0.0001; OR, 0.44 [0.32–0.59]; P<0.0001; OR, 0.56 [0.42–0.74]; P<0.0001; OR, 3.1 [2.5–3.8]; P=0.0001) and combined (OR, 0.53 [0.41–0.69]; P<0.0001; OR, 0.28 [0.2–0.41]; P<0.0001; OR, 0.41 [0.3–0.56]; P<0.0001; OR, 3.1 [2.8–4.3]; P=0.0001) over indirect bypass for early stroke, late stroke, late intracerebral hemorrhage, and favorable outcomes, respectively. Indirect bypass was favored over combined (OR, 3.1 [1.7–5.6]; P<0.0001) and direct (OR, 4.12 [2.34–7.25]; P<0.0001) for early intracerebral hemorrhage. The meta-analysis significantly favored direct (OR, 0.37 [0.23–0.60];",Curated extraction — eligible after final denominator check,,Studies: 143 pooled; 43 comparative meta-analysis; patients: NR,[MESCLADO 3 p. 7],Strong recommendation based on low-quality observational evidence; unit dependence and confounding by indication remain.,retain,,Direct bypass,Indirect bypass,TRUE,TRUE,,TRUE,TRUE,TRUE,TRUE,Functional,Adult mixed,Direct vs indirect,Favorable functional outcome,Late/long-term,Mixed/unclear,OR,FALSE,FALSE,NOT_REQUIRED,,,3.1,2.5,3.8,Direct bypass,Indirect bypass,3.1,2.5,3.8,1.1314021114911006,0.9162907318741551,1.33500106673234,1.1314021114911006,0.9162907318741551,1.33500106673234,0.9162907318741551,1.33500106673234,Precise benefit,CI excludes null,OR 3.10 (2.50 to 3.80),OR 3.10 (2.50 to 3.80),FALSE
E0057,R042,MOY-0068,Tier 1 — Core formal synthesis,Adult revascularization,Ischemic/stroke events,"Direct, Indirect, and Combined Extracranial-to-Intracranial Bypass for Adult Moyamoya Disease: An Updated Systematic Review and Meta-Analysis",Adults with MMD,Combined bypass,Indirect bypass,Early stroke: combined vs indirect,early/perioperative,bypass/patient as reported,Studies: 143 pooled; 43 comparative meta-analysis; patients: NR,OR,0.53,0.41–0.69,<0.0001,NR,Favours combined,[MESCLADO 3 p. 7],Strong recommendation based on low-quality observational evidence; unit dependence and confounding by indication remain.,Critically low,High,Core clinical-surgical evidence table,Previously curated in consolidated extraction; denominator audit retained,"Do not pool across age, MMD/MMS, presentation, early/late horizon or patient/hemisphere/procedure units unless explicitly harmonized.",MOY-0068,Tier 1 — Core formal synthesis,"Direct, Indirect, and Combined Extracranial-to-Intracranial Bypass for Adult Moyamoya Disease: An Updated Systematic Review and Meta-Analysis",Yes,Critically low,High,0.53,0.41,0.69,TRUE,TRUE,FALSE,TRUE,ADULT_MIX,C03,O01,T1,U07,EM_OR,COMPARATIVE,1,canonical,-1,ADULT_MIX|C03|O01|T1|U07,ADULT_MIX|C03|O01|T1|U07|EM_OR,High,FALSE,FALSE,review_profile,text_rule,keyword_horizon,early,mixed_or_unclear,exact,,0.41,0.69,TRUE,FALSE,TRUE,-0.6348782724359695,-0.6348782724359695,0.6348782724359695,TRUE,TRUE,TRUE,ADULT_MIX|C03|O01|T1|U07,ADULT_MIX|C03|O01|T1|U07|EM_OR,Curated extraction — eligible after final denominator check,No,,Pooled analysis,"y favored direct (odds ratio [OR], 0.62 [0.48–0.79]; P<0.0001; OR, 0.44 [0.32–0.59]; P<0.0001; OR, 0.56 [0.42–0.74]; P<0.0001; OR, 3.1 [2.5–3.8]; P=0.0001) and combined (OR, 0.53 [0.41–0.69]; P<0.0001; OR, 0.28 [0.2–0.41]; P<0.0001; OR, 0.41 [0.3–0.56]; P<0.0001; OR, 3.1 [2.8–4.3]; P=0.0001) over indirect bypass for early stroke, late stroke, late intracerebral hemorrhage, and favorable outcomes, respectively. Indirect bypass was favored over combined (OR, 3.1 [1.7–5.6]; P<0.0001) and direct (OR, 4.12 [2.34–7.25]; P<0.0001) for early intracerebral hemorrhage. The meta-analysis significantly favored direct (OR, 0.37 [0.23–0.60]; P<0.001; OR, 0.49 [0.31–0.77]; P=0.002) and",No,Previously curated in consolidated extraction; denominator audit retained,Yes,Previously curated in consolidated extraction; denominator audit retained,Pooled analysis,Yes,"y favored direct (odds ratio [OR], 0.62 [0.48–0.79]; P<0.0001; OR, 0.44 [0.32–0.59]; P<0.0001; OR, 0.56 [0.42–0.74]; P<0.0001; OR, 3.1 [2.5–3.8]; P=0.0001) and combined (OR, 0.53 [0.41–0.69]; P<0.0001; OR, 0.28 [0.2–0.41]; P<0.0001; OR, 0.41 [0.3–0.56]; P<0.0001; OR, 3.1 [2.8–4.3]; P=0.0001) over indirect bypass for early stroke, late stroke, late intracerebral hemorrhage, and favorable outcomes, respectively. Indirect bypass was favored over combined (OR, 3.1 [1.7–5.6]; P<0.0001) and direct (OR, 4.12 [2.34–7.25]; P<0.0001) for early intracerebral hemorrhage. The meta-analysis significantly favored direct (OR, 0.37 [0.23–0.60]; P<0.001; OR, 0.49 [0.31–0.77]; P=0.002) and",Curated extraction — eligible after final denominator check,,Studies: 143 pooled; 43 comparative meta-analysis; patients: NR,[MESCLADO 3 p. 7],Strong recommendation based on low-quality observational evidence; unit dependence and confounding by indication remain.,retain,,Combined bypass,Indirect bypass,TRUE,TRUE,,TRUE,TRUE,TRUE,TRUE,Clinical events/safety,Adult mixed,Combined vs indirect,Early ischemic stroke,Early/perioperative,Mixed/unclear,OR,FALSE,FALSE,NOT_REQUIRED,,,0.53,0.41,0.69,Combined bypass,Indirect bypass,0.53,0.41,0.69,-0.6348782724359695,-0.8915981192837836,-0.37106368139083207,0.6348782724359695,0.8915981192837836,0.37106368139083207,0.37106368139083207,0.8915981192837836,Precise benefit,CI excludes null,OR 0.53 (0.41 to 0.69),OR 0.53 (0.41 to 0.69),FALSE
E0058,R042,MOY-0068,Tier 1 — Core formal synthesis,Adult revascularization,Ischemic/stroke events,"Direct, Indirect, and Combined Extracranial-to-Intracranial Bypass for Adult Moyamoya Disease: An Updated Systematic Review and Meta-Analysis",Adults with MMD,Combined bypass,Indirect bypass,Late stroke: combined vs indirect,late/follow-up,bypass/patient as reported,Studies: 143 pooled; 43 comparative meta-analysis; patients: NR,OR,0.28,0.20–0.41,<0.0001,NR,Favours combined,[MESCLADO 3 p. 7],Strong recommendation based on low-quality observational evidence; unit dependence and confounding by indication remain.,Critically low,High,Core clinical-surgical evidence table,Previously curated in consolidated extraction; denominator audit retained,"Do not pool across age, MMD/MMS, presentation, early/late horizon or patient/hemisphere/procedure units unless explicitly harmonized.",MOY-0068,Tier 1 — Core formal synthesis,"Direct, Indirect, and Combined Extracranial-to-Intracranial Bypass for Adult Moyamoya Disease: An Updated Systematic Review and Meta-Analysis",Yes,Critically low,High,0.28,0.2,0.41,TRUE,TRUE,FALSE,TRUE,ADULT_MIX,C03,O02,T3,U07,EM_OR,COMPARATIVE,1,canonical,-1,ADULT_MIX|C03|O02|T3|U07,ADULT_MIX|C03|O02|T3|U07|EM_OR,High,FALSE,FALSE,review_profile,text_rule,keyword,long_term,mixed_or_unclear,exact,,0.2,0.41,TRUE,FALSE,TRUE,-1.2729656758128873,-1.2729656758128873,1.2729656758128873,TRUE,TRUE,TRUE,ADULT_MIX|C03|O02|T3|U07,ADULT_MIX|C03|O02|T3|U07|EM_OR,Curated extraction — eligible after final denominator check,No,,Pooled analysis,0.20,No,Previously curated in consolidated extraction; denominator audit retained,Yes,Previously curated in consolidated extraction; denominator audit retained,Pooled analysis,Yes,0.20,Curated extraction — eligible after final denominator check,,Studies: 143 pooled; 43 comparative meta-analysis; patients: NR,[MESCLADO 3 p. 7],Strong recommendation based on low-quality observational evidence; unit dependence and confounding by indication remain.,retain,,Combined bypass,Indirect bypass,TRUE,TRUE,,TRUE,TRUE,TRUE,TRUE,Clinical events/safety,Adult mixed,Combined vs indirect,Late ischemic stroke,Late/long-term,Mixed/unclear,OR,FALSE,FALSE,NOT_REQUIRED,,,0.28,0.2,0.41,Combined bypass,Indirect bypass,0.28,0.2,0.41,-1.2729656758128873,-1.6094379124341003,-0.8915981192837836,1.2729656758128873,1.6094379124341003,0.8915981192837836,0.8915981192837836,1.6094379124341003,Precise benefit,CI excludes null,OR 0.28 (0.20 to 0.41),OR 0.28 (0.20 to 0.41),FALSE
E0059,R042,MOY-0068,Tier 1 — Core formal synthesis,Adult revascularization,Hemorrhagic events,"Direct, Indirect, and Combined Extracranial-to-Intracranial Bypass for Adult Moyamoya Disease: An Updated Systematic Review and Meta-Analysis",Adults with MMD,Combined bypass,Indirect bypass,Late intracerebral hemorrhage: combined vs indirect,late/follow-up,bypass/patient as reported,Studies: 143 pooled; 43 comparative meta-analysis; patients: NR,OR,0.41,0.30–0.56,<0.0001,NR,Favours combined,[MESCLADO 3 p. 7],Strong recommendation based on low-quality observational evidence; unit dependence and confounding by indication remain.,Critically low,High,Core clinical-surgical evidence table,Previously curated in consolidated extraction; denominator audit retained,"Do not pool across age, MMD/MMS, presentation, early/late horizon or patient/hemisphere/procedure units unless explicitly harmonized.",MOY-0068,Tier 1 — Core formal synthesis,"Direct, Indirect, and Combined Extracranial-to-Intracranial Bypass for Adult Moyamoya Disease: An Updated Systematic Review and Meta-Analysis",Yes,Critically low,High,0.41,0.3,0.56,TRUE,TRUE,FALSE,TRUE,ADULT_MIX,C03,O05,T3,U07,EM_OR,COMPARATIVE,1,canonical,-1,ADULT_MIX|C03|O05|T3|U07,ADULT_MIX|C03|O05|T3|U07|EM_OR,High,FALSE,FALSE,review_profile,text_rule,keyword,long_term,mixed_or_unclear,exact,,0.3,0.56,TRUE,FALSE,TRUE,-0.8915981192837836,-0.8915981192837836,0.8915981192837836,TRUE,TRUE,TRUE,ADULT_MIX|C03|O05|T3|U07,ADULT_MIX|C03|O05|T3|U07|EM_OR,Curated extraction — eligible after final denominator check,No,,Pooled analysis,"rebral hemorrhage. The meta-analysis significantly favored direct (OR, 0.37 [0.23–0.60]; P<0.001; OR, 0.49 [0.31–0.77]; P=0.002) and combined (OR, 0.23 [0.12–0.43]; P<0.00001; OR, 0.30 [0.18–0.49]; P<0.00001) bypass over indirect bypass for late stroke and late hemorrhage, respectively. Combined bypass was favored over indirect bypass for favorable outcomes (OR, 2.06 [1.18–3.58]; P=0.01). CONCLUSIONS: Based on combined meta-analysis (43 articles) and pooled analysis (143 articles), the existing literature indicates that combined and direct bypasses have significant benefits for patients suffering from late stroke and hemorrhage versus indirect bypass. Combined bypass was",No,Previously curated in consolidated extraction; denominator audit retained,Yes,Previously curated in consolidated extraction; denominator audit retained,Pooled analysis,Yes,"rebral hemorrhage. The meta-analysis significantly favored direct (OR, 0.37 [0.23–0.60]; P<0.001; OR, 0.49 [0.31–0.77]; P=0.002) and combined (OR, 0.23 [0.12–0.43]; P<0.00001; OR, 0.30 [0.18–0.49]; P<0.00001) bypass over indirect bypass for late stroke and late hemorrhage, respectively. Combined bypass was favored over indirect bypass for favorable outcomes (OR, 2.06 [1.18–3.58]; P=0.01). CONCLUSIONS: Based on combined meta-analysis (43 articles) and pooled analysis (143 articles), the existing literature indicates that combined and direct bypasses have significant benefits for patients suffering from late stroke and hemorrhage versus indirect bypass. Combined bypass was",Curated extraction — eligible after final denominator check,,Studies: 143 pooled; 43 comparative meta-analysis; patients: NR,[MESCLADO 3 p. 7],Strong recommendation based on low-quality observational evidence; unit dependence and confounding by indication remain.,retain,,Combined bypass,Indirect bypass,TRUE,TRUE,,TRUE,TRUE,TRUE,TRUE,Clinical events/safety,Adult mixed,Combined vs indirect,Late hemorrhage/rebleeding,Late/long-term,Mixed/unclear,OR,FALSE,FALSE,NOT_REQUIRED,,,0.41,0.3,0.56,Combined bypass,Indirect bypass,0.41,0.3,0.56,-0.8915981192837836,-1.2039728043259361,-0.579818495252942,0.8915981192837836,1.2039728043259361,0.579818495252942,0.579818495252942,1.2039728043259361,Precise benefit,CI excludes null,OR 0.41 (0.30 to 0.56),OR 0.41 (0.30 to 0.56),FALSE
E0060,R042,MOY-0068,Tier 1 — Core formal synthesis,Adult revascularization,Other,"Direct, Indirect, and Combined Extracranial-to-Intracranial Bypass for Adult Moyamoya Disease: An Updated Systematic Review and Meta-Analysis",Adults with MMD,Combined bypass,Indirect bypass,Favorable outcome: combined vs indirect,late/follow-up,bypass/patient as reported,Studies: 143 pooled; 43 comparative meta-analysis; patients: NR,OR,3.1,2.8–4.3,0.0001,NR,Favours combined,[MESCLADO 3 p. 7],Strong recommendation based on low-quality observational evidence; unit dependence and confounding by indication remain.,Critically low,High,Core clinical-surgical evidence table,Previously curated in consolidated extraction; denominator audit retained,"Do not pool across age, MMD/MMS, presentation, early/late horizon or patient/hemisphere/procedure units unless explicitly harmonized.",MOY-0068,Tier 1 — Core formal synthesis,"Direct, Indirect, and Combined Extracranial-to-Intracranial Bypass for Adult Moyamoya Disease: An Updated Systematic Review and Meta-Analysis",Yes,Critically low,High,3.1,2.8,4.3,TRUE,TRUE,FALSE,TRUE,ADULT_MIX,C03,O06,T3,U07,EM_OR,COMPARATIVE,1,canonical,1,ADULT_MIX|C03|O06|T3|U07,ADULT_MIX|C03|O06|T3|U07|EM_OR,High,FALSE,FALSE,review_profile,text_rule,keyword,long_term,mixed_or_unclear,exact,,2.8,4.3,TRUE,FALSE,TRUE,1.1314021114911006,1.1314021114911006,1.1314021114911006,TRUE,TRUE,TRUE,ADULT_MIX|C03|O06|T3|U07,ADULT_MIX|C03|O06|T3|U07|EM_OR,Curated extraction — eligible after final denominator check,No,,Pooled analysis,"; OR, 0.56 [0.42–0.74]; P<0.0001; OR, 3.1 [2.5–3.8]; P=0.0001) and combined (OR, 0.53 [0.41–0.69]; P<0.0001; OR, 0.28 [0.2–0.41]; P<0.0001; OR, 0.41 [0.3–0.56]; P<0.0001; OR, 3.1 [2.8–4.3]; P=0.0001) over indirect bypass for early stroke, late stroke, late intracerebral hemorrhage, and favorable outcomes, respectively. Indirect bypass was favored over combined (OR, 3.1 [1.7–5.6]; P<0.0001) and direct (OR, 4.12 [2.34–7.25]; P<0.0001) for early intracerebral hemorrhage. The meta-analysis significantly favored direct (OR, 0.37 [0.23–0.60]; P<0.001; OR, 0.49 [0.31–0.77]; P=0.002) and combined (OR, 0.23 [0.12–0.43]; P<0.00001; OR, 0.30 [0.18–0.49]; P<0.00001) bypass over indir",No,Previously curated in consolidated extraction; denominator audit retained,Yes,Previously curated in consolidated extraction; denominator audit retained,Pooled analysis,Yes,"; OR, 0.56 [0.42–0.74]; P<0.0001; OR, 3.1 [2.5–3.8]; P=0.0001) and combined (OR, 0.53 [0.41–0.69]; P<0.0001; OR, 0.28 [0.2–0.41]; P<0.0001; OR, 0.41 [0.3–0.56]; P<0.0001; OR, 3.1 [2.8–4.3]; P=0.0001) over indirect bypass for early stroke, late stroke, late intracerebral hemorrhage, and favorable outcomes, respectively. Indirect bypass was favored over combined (OR, 3.1 [1.7–5.6]; P<0.0001) and direct (OR, 4.12 [2.34–7.25]; P<0.0001) for early intracerebral hemorrhage. The meta-analysis significantly favored direct (OR, 0.37 [0.23–0.60]; P<0.001; OR, 0.49 [0.31–0.77]; P=0.002) and combined (OR, 0.23 [0.12–0.43]; P<0.00001; OR, 0.30 [0.18–0.49]; P<0.00001) bypass over indir",Curated extraction — eligible after final denominator check,,Studies: 143 pooled; 43 comparative meta-analysis; patients: NR,[MESCLADO 3 p. 7],Strong recommendation based on low-quality observational evidence; unit dependence and confounding by indication remain.,retain,,Combined bypass,Indirect bypass,TRUE,TRUE,,TRUE,TRUE,TRUE,TRUE,Functional,Adult mixed,Combined vs indirect,Favorable functional outcome,Late/long-term,Mixed/unclear,OR,FALSE,FALSE,NOT_REQUIRED,,,3.1,2.8,4.3,Combined bypass,Indirect bypass,3.1,2.8,4.3,1.1314021114911006,1.0296194171811581,1.4586150226995167,1.1314021114911006,1.0296194171811581,1.4586150226995167,1.0296194171811581,1.4586150226995167,Precise benefit,CI excludes null,OR 3.10 (2.80 to 4.30),OR 3.10 (2.80 to 4.30),FALSE
E0061,R042,MOY-0068,Tier 1 — Core formal synthesis,Adult revascularization,Hemorrhagic events,"Direct, Indirect, and Combined Extracranial-to-Intracranial Bypass for Adult Moyamoya Disease: An Updated Systematic Review and Meta-Analysis",Adults with MMD,Direct bypass,Combined bypass,Early intracerebral hemorrhage: indirect vs combined (reported coding),early/perioperative,bypass/patient as reported,Studies: 143 pooled; 43 comparative meta-analysis; patients: NR,OR,3.1,1.7–5.6,<0.0001,NR,Authors state indirect favored; coding requires careful verification,[MESCLADO 3 p. 7],Strong recommendation based on low-quality observational evidence; unit dependence and confounding by indication remain.,Critically low,High,Core clinical-surgical evidence table,Previously curated in consolidated extraction; denominator audit retained,"Do not pool across age, MMD/MMS, presentation, early/late horizon or patient/hemisphere/procedure units unless explicitly harmonized.",MOY-0068,Tier 1 — Core formal synthesis,"Direct, Indirect, and Combined Extracranial-to-Intracranial Bypass for Adult Moyamoya Disease: An Updated Systematic Review and Meta-Analysis",Yes,Critically low,High,3.1,1.7,5.6,TRUE,TRUE,FALSE,TRUE,ADULT_MIX,C03,O04,T1,U07,EM_OR,COMPARATIVE,1,canonical,-1,ADULT_MIX|C03|O04|T1|U07,ADULT_MIX|C03|O04|T1|U07|EM_OR,High,FALSE,FALSE,review_profile,text_rule,keyword_horizon,early,mixed_or_unclear,exact,,1.7,5.6,TRUE,FALSE,TRUE,1.1314021114911006,1.1314021114911006,-1.1314021114911006,TRUE,TRUE,TRUE,ADULT_MIX|C03|O04|T1|U07,ADULT_MIX|C03|O04|T1|U07|EM_OR,Curated extraction — eligible after final denominator check,No,,Pooled analysis,".0001) over indirect bypass for early stroke, late stroke, late intracerebral hemorrhage, and favorable outcomes, respectively. Indirect bypass was favored over combined (OR, 3.1 [1.7–5.6]; P<0.0001) and direct (OR, 4.12 [2.34–7.25]; P<0.0001) for early intracerebral hemorrhage. The meta-analysis significantly favored direct (OR, 0.37 [0.23–0.60]; P<0.001; OR, 0.49 [0.31–0.77]; P=0.002) and combined (OR, 0.23 [0.12–0.43]; P<0.00001; OR, 0.30 [0.18–0.49]; P<0.00001) bypass over indirect bypass for late stroke and late hemorrhage, respectively. Combined bypass was favored over indirect bypass for favorable outcomes (OR, 2.06 [1.18–3.58]; P=0.01). CONCLUSIONS: Based on combi",No,Previously curated in consolidated extraction; denominator audit retained,Yes,Previously curated in consolidated extraction; denominator audit retained,Pooled analysis,Yes,".0001) over indirect bypass for early stroke, late stroke, late intracerebral hemorrhage, and favorable outcomes, respectively. Indirect bypass was favored over combined (OR, 3.1 [1.7–5.6]; P<0.0001) and direct (OR, 4.12 [2.34–7.25]; P<0.0001) for early intracerebral hemorrhage. The meta-analysis significantly favored direct (OR, 0.37 [0.23–0.60]; P<0.001; OR, 0.49 [0.31–0.77]; P=0.002) and combined (OR, 0.23 [0.12–0.43]; P<0.00001; OR, 0.30 [0.18–0.49]; P<0.00001) bypass over indirect bypass for late stroke and late hemorrhage, respectively. Combined bypass was favored over indirect bypass for favorable outcomes (OR, 2.06 [1.18–3.58]; P=0.01). CONCLUSIONS: Based on combi",Curated extraction — eligible after final denominator check,,Studies: 143 pooled; 43 comparative meta-analysis; patients: NR,[MESCLADO 3 p. 7],Strong recommendation based on low-quality observational evidence; unit dependence and confounding by indication remain.,retain,,Combined bypass,Indirect bypass,TRUE,TRUE,Source reports early ICH for combined versus indirect; indirect was favored.,TRUE,TRUE,TRUE,TRUE,Clinical events/safety,Adult mixed,Combined vs indirect,Early intracranial hemorrhage,Early/perioperative,Mixed/unclear,OR,FALSE,FALSE,NOT_REQUIRED,,,3.1,1.7,5.6,Combined bypass,Indirect bypass,3.1,1.7,5.6,1.1314021114911006,0.5306282510621704,1.7227665977411035,-1.1314021114911006,-0.5306282510621704,-1.7227665977411035,-1.7227665977411035,-0.5306282510621704,Precise harm,CI excludes null,OR 3.10 (1.70 to 5.60),OR 3.10 (1.70 to 5.60),FALSE
E0062,R042,MOY-0068,Tier 1 — Core formal synthesis,Adult revascularization,Hemorrhagic events,"Direct, Indirect, and Combined Extracranial-to-Intracranial Bypass for Adult Moyamoya Disease: An Updated Systematic Review and Meta-Analysis",Adults with MMD,Direct bypass,Direct bypass,Early intracerebral hemorrhage: indirect vs direct (reported coding),early/perioperative,bypass/patient as reported,Studies: 143 pooled; 43 comparative meta-analysis; patients: NR,OR,4.12,2.34–7.25,<0.0001,NR,Authors state indirect favored; coding requires careful verification,[MESCLADO 3 p. 7],Strong recommendation based on low-quality observational evidence; unit dependence and confounding by indication remain.,Critically low,High,Core clinical-surgical evidence table,Previously curated in consolidated extraction; denominator audit retained,"Do not pool across age, MMD/MMS, presentation, early/late horizon or patient/hemisphere/procedure units unless explicitly harmonized.",MOY-0068,Tier 1 — Core formal synthesis,"Direct, Indirect, and Combined Extracranial-to-Intracranial Bypass for Adult Moyamoya Disease: An Updated Systematic Review and Meta-Analysis",Yes,Critically low,High,4.12,2.34,7.25,TRUE,TRUE,FALSE,TRUE,ADULT_MIX,C02,O04,T1,U07,EM_OR,COMPARATIVE,1,not_orientable,-1,ADULT_MIX|C02|O04|T1|U07,ADULT_MIX|C02|O04|T1|U07|EM_OR,High,FALSE,FALSE,review_profile,review_text_rule,keyword_horizon,early,mixed_or_unclear,exact,,2.34,7.25,TRUE,FALSE,TRUE,1.415853163361435,1.415853163361435,-1.415853163361435,TRUE,TRUE,TRUE,ADULT_MIX|C02|O04|T1|U07,ADULT_MIX|C02|O04|T1|U07|EM_OR,Curated extraction — eligible after final denominator check,No,,Pooled analysis,"ke, late stroke, late intracerebral hemorrhage, and favorable outcomes, respectively. Indirect bypass was favored over combined (OR, 3.1 [1.7–5.6]; P<0.0001) and direct (OR, 4.12 [2.34–7.25]; P<0.0001) for early intracerebral hemorrhage. The meta-analysis significantly favored direct (OR, 0.37 [0.23–0.60]; P<0.001; OR, 0.49 [0.31–0.77]; P=0.002) and combined (OR, 0.23 [0.12–0.43]; P<0.00001; OR, 0.30 [0.18–0.49]; P<0.00001) bypass over indirect bypass for late stroke and late hemorrhage, respectively. Combined bypass was favored over indirect bypass for favorable outcomes (OR, 2.06 [1.18–3.58]; P=0.01). CONCLUSIONS: Based on combined meta-analysis (43 articles) and pooled",No,Previously curated in consolidated extraction; denominator audit retained,Yes,Previously curated in consolidated extraction; denominator audit retained,Pooled analysis,Yes,"ke, late stroke, late intracerebral hemorrhage, and favorable outcomes, respectively. Indirect bypass was favored over combined (OR, 3.1 [1.7–5.6]; P<0.0001) and direct (OR, 4.12 [2.34–7.25]; P<0.0001) for early intracerebral hemorrhage. The meta-analysis significantly favored direct (OR, 0.37 [0.23–0.60]; P<0.001; OR, 0.49 [0.31–0.77]; P=0.002) and combined (OR, 0.23 [0.12–0.43]; P<0.00001; OR, 0.30 [0.18–0.49]; P<0.00001) bypass over indirect bypass for late stroke and late hemorrhage, respectively. Combined bypass was favored over indirect bypass for favorable outcomes (OR, 2.06 [1.18–3.58]; P=0.01). CONCLUSIONS: Based on combined meta-analysis (43 articles) and pooled",Curated extraction — eligible after final denominator check,,Studies: 143 pooled; 43 comparative meta-analysis; patients: NR,[MESCLADO 3 p. 7],Strong recommendation based on low-quality observational evidence; unit dependence and confounding by indication remain.,retain,,Direct bypass,Indirect bypass,TRUE,TRUE,Source reports early ICH for direct versus indirect; indirect was favored.,TRUE,TRUE,TRUE,TRUE,Clinical events/safety,Adult mixed,Direct vs indirect,Early intracranial hemorrhage,Early/perioperative,Mixed/unclear,OR,FALSE,FALSE,NOT_REQUIRED,,,4.12,2.34,7.25,Direct bypass,Indirect bypass,4.12,2.34,7.25,1.415853163361435,0.85015092936961,1.9810014688665833,-1.415853163361435,-0.85015092936961,-1.9810014688665833,-1.9810014688665833,-0.85015092936961,Precise harm,CI excludes null,OR 4.12 (2.34 to 7.25),OR 4.12 (2.34 to 7.25),FALSE
E0063,R042,MOY-0068,Tier 1 — Core formal synthesis,Adult revascularization,Ischemic/stroke events,"Direct, Indirect, and Combined Extracranial-to-Intracranial Bypass for Adult Moyamoya Disease: An Updated Systematic Review and Meta-Analysis",Adults with MMD,Direct bypass,Indirect bypass,Late stroke: direct vs indirect — comparative meta-analysis,late/follow-up,bypass/patient as reported,Studies: 143 pooled; 43 comparative meta-analysis; patients: NR,OR,0.37,0.23–0.60,<0.001,NR,Favours direct,[MESCLADO 3 p. 7],Strong recommendation based on low-quality observational evidence; unit dependence and confounding by indication remain.,Critically low,High,Core clinical-surgical evidence table,Previously curated in consolidated extraction; denominator audit retained,"Do not pool across age, MMD/MMS, presentation, early/late horizon or patient/hemisphere/procedure units unless explicitly harmonized.",MOY-0068,Tier 1 — Core formal synthesis,"Direct, Indirect, and Combined Extracranial-to-Intracranial Bypass for Adult Moyamoya Disease: An Updated Systematic Review and Meta-Analysis",Yes,Critically low,High,0.37,0.23,0.6,TRUE,TRUE,FALSE,TRUE,ADULT_MIX,C02,O02,T3,U07,EM_OR,COMPARATIVE,1,canonical,-1,ADULT_MIX|C02|O02|T3|U07,ADULT_MIX|C02|O02|T3|U07|EM_OR,High,FALSE,FALSE,review_profile,text_rule,keyword,long_term,mixed_or_unclear,exact,,0.23,0.6,TRUE,FALSE,TRUE,-0.9942522733438669,-0.9942522733438669,0.9942522733438669,TRUE,TRUE,TRUE,ADULT_MIX|C02|O02|T3|U07,ADULT_MIX|C02|O02|T3|U07|EM_OR,Curated extraction — eligible after final denominator check,No,,Direct-comparison meta-analysis,"er combined (OR, 3.1 [1.7–5.6]; P<0.0001) and direct (OR, 4.12 [2.34–7.25]; P<0.0001) for early intracerebral hemorrhage. The meta-analysis significantly favored direct (OR, 0.37 [0.23–0.60]; P<0.001; OR, 0.49 [0.31–0.77]; P=0.002) and combined (OR, 0.23 [0.12–0.43]; P<0.00001; OR, 0.30 [0.18–0.49]; P<0.00001) bypass over indirect bypass for late stroke and late hemorrhage, respectively. Combined bypass was favored over indirect bypass for favorable outcomes (OR, 2.06 [1.18–3.58]; P=0.01). CONCLUSIONS: Based on combined meta-analysis (43 articles) and pooled analysis (143 articles), the existing literature indicates that combined and direct bypasses have significant benef",No,Previously curated in consolidated extraction; denominator audit retained,Yes,Previously curated in consolidated extraction; denominator audit retained,Direct-comparison meta-analysis,Yes,"er combined (OR, 3.1 [1.7–5.6]; P<0.0001) and direct (OR, 4.12 [2.34–7.25]; P<0.0001) for early intracerebral hemorrhage. The meta-analysis significantly favored direct (OR, 0.37 [0.23–0.60]; P<0.001; OR, 0.49 [0.31–0.77]; P=0.002) and combined (OR, 0.23 [0.12–0.43]; P<0.00001; OR, 0.30 [0.18–0.49]; P<0.00001) bypass over indirect bypass for late stroke and late hemorrhage, respectively. Combined bypass was favored over indirect bypass for favorable outcomes (OR, 2.06 [1.18–3.58]; P=0.01). CONCLUSIONS: Based on combined meta-analysis (43 articles) and pooled analysis (143 articles), the existing literature indicates that combined and direct bypasses have significant benef",Curated extraction — eligible after final denominator check,,Studies: 143 pooled; 43 comparative meta-analysis; patients: NR,[MESCLADO 3 p. 7],Strong recommendation based on low-quality observational evidence; unit dependence and confounding by indication remain.,retain,,Direct bypass,Indirect bypass,TRUE,TRUE,,TRUE,TRUE,TRUE,TRUE,Clinical events/safety,Adult mixed,Direct vs indirect,Late ischemic stroke,Late/long-term,Mixed/unclear,OR,FALSE,FALSE,NOT_REQUIRED,,,0.37,0.23,0.6,Direct bypass,Indirect bypass,0.37,0.23,0.6,-0.9942522733438669,-1.4696759700589417,-0.5108256237659907,0.9942522733438669,1.4696759700589417,0.5108256237659907,0.5108256237659907,1.4696759700589417,Precise benefit,CI excludes null,OR 0.37 (0.23 to 0.60),OR 0.37 (0.23 to 0.60),FALSE
E0064,R042,MOY-0068,Tier 1 — Core formal synthesis,Adult revascularization,Hemorrhagic events,"Direct, Indirect, and Combined Extracranial-to-Intracranial Bypass for Adult Moyamoya Disease: An Updated Systematic Review and Meta-Analysis",Adults with MMD,Direct bypass,Indirect bypass,Late hemorrhage: direct vs indirect — comparative meta-analysis,late/follow-up,bypass/patient as reported,Studies: 143 pooled; 43 comparative meta-analysis; patients: NR,OR,0.49,0.31–0.77,0.002,NR,Favours direct,[MESCLADO 3 p. 7],Strong recommendation based on low-quality observational evidence; unit dependence and confounding by indication remain.,Critically low,High,Core clinical-surgical evidence table,Previously curated in consolidated extraction; denominator audit retained,"Do not pool across age, MMD/MMS, presentation, early/late horizon or patient/hemisphere/procedure units unless explicitly harmonized.",MOY-0068,Tier 1 — Core formal synthesis,"Direct, Indirect, and Combined Extracranial-to-Intracranial Bypass for Adult Moyamoya Disease: An Updated Systematic Review and Meta-Analysis",Yes,Critically low,High,0.49,0.31,0.77,TRUE,TRUE,FALSE,TRUE,ADULT_MIX,C02,O05,T3,U07,EM_OR,COMPARATIVE,1,canonical,-1,ADULT_MIX|C02|O05|T3|U07,ADULT_MIX|C02|O05|T3|U07|EM_OR,High,FALSE,FALSE,review_profile,text_rule,keyword,long_term,mixed_or_unclear,exact,,0.31,0.77,TRUE,FALSE,TRUE,-0.7133498878774648,-0.7133498878774648,0.7133498878774648,TRUE,TRUE,TRUE,ADULT_MIX|C02|O05|T3|U07,ADULT_MIX|C02|O05|T3|U07|EM_OR,Curated extraction — eligible after final denominator check,No,,Direct-comparison meta-analysis,"P<0.0001) and direct (OR, 4.12 [2.34–7.25]; P<0.0001) for early intracerebral hemorrhage. The meta-analysis significantly favored direct (OR, 0.37 [0.23–0.60]; P<0.001; OR, 0.49 [0.31–0.77]; P=0.002) and combined (OR, 0.23 [0.12–0.43]; P<0.00001; OR, 0.30 [0.18–0.49]; P<0.00001) bypass over indirect bypass for late stroke and late hemorrhage, respectively. Combined bypass was favored over indirect bypass for favorable outcomes (OR, 2.06 [1.18–3.58]; P=0.01). CONCLUSIONS: Based on combined meta-analysis (43 articles) and pooled analysis (143 articles), the existing literature indicates that combined and direct bypasses have significant benefits for patients suffering from",No,Previously curated in consolidated extraction; denominator audit retained,Yes,Previously curated in consolidated extraction; denominator audit retained,Direct-comparison meta-analysis,Yes,"P<0.0001) and direct (OR, 4.12 [2.34–7.25]; P<0.0001) for early intracerebral hemorrhage. The meta-analysis significantly favored direct (OR, 0.37 [0.23–0.60]; P<0.001; OR, 0.49 [0.31–0.77]; P=0.002) and combined (OR, 0.23 [0.12–0.43]; P<0.00001; OR, 0.30 [0.18–0.49]; P<0.00001) bypass over indirect bypass for late stroke and late hemorrhage, respectively. Combined bypass was favored over indirect bypass for favorable outcomes (OR, 2.06 [1.18–3.58]; P=0.01). CONCLUSIONS: Based on combined meta-analysis (43 articles) and pooled analysis (143 articles), the existing literature indicates that combined and direct bypasses have significant benefits for patients suffering from",Curated extraction — eligible after final denominator check,,Studies: 143 pooled; 43 comparative meta-analysis; patients: NR,[MESCLADO 3 p. 7],Strong recommendation based on low-quality observational evidence; unit dependence and confounding by indication remain.,retain,,Direct bypass,Indirect bypass,TRUE,TRUE,,TRUE,TRUE,TRUE,TRUE,Clinical events/safety,Adult mixed,Direct vs indirect,Late hemorrhage/rebleeding,Late/long-term,Mixed/unclear,OR,FALSE,FALSE,NOT_REQUIRED,,,0.49,0.31,0.77,Direct bypass,Indirect bypass,0.49,0.31,0.77,-0.7133498878774648,-1.171182981502945,-0.2613647641344075,0.7133498878774648,1.171182981502945,0.2613647641344075,0.2613647641344075,1.171182981502945,Precise benefit,CI excludes null,OR 0.49 (0.31 to 0.77),OR 0.49 (0.31 to 0.77),FALSE
E0065,R042,MOY-0068,Tier 1 — Core formal synthesis,Adult revascularization,Ischemic/stroke events,"Direct, Indirect, and Combined Extracranial-to-Intracranial Bypass for Adult Moyamoya Disease: An Updated Systematic Review and Meta-Analysis",Adults with MMD,Combined bypass,Indirect bypass,Late stroke: combined vs indirect — comparative meta-analysis,late/follow-up,bypass/patient as reported,Studies: 143 pooled; 43 comparative meta-analysis; patients: NR,OR,0.23,0.12–0.43,<0.00001,NR,Favours combined,[MESCLADO 3 p. 7],Strong recommendation based on low-quality observational evidence; unit dependence and confounding by indication remain.,Critically low,High,Core clinical-surgical evidence table,Previously curated in consolidated extraction; denominator audit retained,"Do not pool across age, MMD/MMS, presentation, early/late horizon or patient/hemisphere/procedure units unless explicitly harmonized.",MOY-0068,Tier 1 — Core formal synthesis,"Direct, Indirect, and Combined Extracranial-to-Intracranial Bypass for Adult Moyamoya Disease: An Updated Systematic Review and Meta-Analysis",Yes,Critically low,High,0.23,0.12,0.43,TRUE,TRUE,FALSE,TRUE,ADULT_MIX,C03,O02,T3,U07,EM_OR,COMPARATIVE,1,canonical,-1,ADULT_MIX|C03|O02|T3|U07,ADULT_MIX|C03|O02|T3|U07|EM_OR,High,FALSE,FALSE,review_profile,text_rule,keyword,long_term,mixed_or_unclear,exact,,0.12,0.43,TRUE,FALSE,TRUE,-1.4696759700589417,-1.4696759700589417,1.4696759700589417,TRUE,TRUE,TRUE,ADULT_MIX|C03|O02|T3|U07,ADULT_MIX|C03|O02|T3|U07|EM_OR,Curated extraction — eligible after final denominator check,No,,Direct-comparison meta-analysis,"P<0.0001) for early intracerebral hemorrhage. The meta-analysis significantly favored direct (OR, 0.37 [0.23–0.60]; P<0.001; OR, 0.49 [0.31–0.77]; P=0.002) and combined (OR, 0.23 [0.12–0.43]; P<0.00001; OR, 0.30 [0.18–0.49]; P<0.00001) bypass over indirect bypass for late stroke and late hemorrhage, respectively. Combined bypass was favored over indirect bypass for favorable outcomes (OR, 2.06 [1.18–3.58]; P=0.01). CONCLUSIONS: Based on combined meta-analysis (43 articles) and pooled analysis (143 articles), the existing literature indicates that combined and direct bypasses have significant benefits for patients suffering from late stroke and hemorrhage versus indirect b",No,Previously curated in consolidated extraction; denominator audit retained,Yes,Previously curated in consolidated extraction; denominator audit retained,Direct-comparison meta-analysis,Yes,"P<0.0001) for early intracerebral hemorrhage. The meta-analysis significantly favored direct (OR, 0.37 [0.23–0.60]; P<0.001; OR, 0.49 [0.31–0.77]; P=0.002) and combined (OR, 0.23 [0.12–0.43]; P<0.00001; OR, 0.30 [0.18–0.49]; P<0.00001) bypass over indirect bypass for late stroke and late hemorrhage, respectively. Combined bypass was favored over indirect bypass for favorable outcomes (OR, 2.06 [1.18–3.58]; P=0.01). CONCLUSIONS: Based on combined meta-analysis (43 articles) and pooled analysis (143 articles), the existing literature indicates that combined and direct bypasses have significant benefits for patients suffering from late stroke and hemorrhage versus indirect b",Curated extraction — eligible after final denominator check,,Studies: 143 pooled; 43 comparative meta-analysis; patients: NR,[MESCLADO 3 p. 7],Strong recommendation based on low-quality observational evidence; unit dependence and confounding by indication remain.,retain,,Combined bypass,Indirect bypass,TRUE,TRUE,,TRUE,TRUE,TRUE,TRUE,Clinical events/safety,Adult mixed,Combined vs indirect,Late ischemic stroke,Late/long-term,Mixed/unclear,OR,FALSE,FALSE,NOT_REQUIRED,,,0.23,0.12,0.43,Combined bypass,Indirect bypass,0.23,0.12,0.43,-1.4696759700589417,-2.120263536200091,-0.843970070294529,1.4696759700589417,2.120263536200091,0.843970070294529,0.843970070294529,2.120263536200091,Precise benefit,CI excludes null,OR 0.23 (0.12 to 0.43),OR 0.23 (0.12 to 0.43),FALSE
E0066,R042,MOY-0068,Tier 1 — Core formal synthesis,Adult revascularization,Hemorrhagic events,"Direct, Indirect, and Combined Extracranial-to-Intracranial Bypass for Adult Moyamoya Disease: An Updated Systematic Review and Meta-Analysis",Adults with MMD,Combined bypass,Indirect bypass,Late hemorrhage: combined vs indirect — comparative meta-analysis,late/follow-up,bypass/patient as reported,Studies: 143 pooled; 43 comparative meta-analysis; patients: NR,OR,0.30,0.18–0.49,<0.00001,NR,Favours combined,[MESCLADO 3 p. 7],Strong recommendation based on low-quality observational evidence; unit dependence and confounding by indication remain.,Critically low,High,Core clinical-surgical evidence table,Previously curated in consolidated extraction; denominator audit retained,"Do not pool across age, MMD/MMS, presentation, early/late horizon or patient/hemisphere/procedure units unless explicitly harmonized.",MOY-0068,Tier 1 — Core formal synthesis,"Direct, Indirect, and Combined Extracranial-to-Intracranial Bypass for Adult Moyamoya Disease: An Updated Systematic Review and Meta-Analysis",Yes,Critically low,High,0.3,0.18,0.49,TRUE,TRUE,FALSE,TRUE,ADULT_MIX,C03,O05,T3,U07,EM_OR,COMPARATIVE,1,canonical,-1,ADULT_MIX|C03|O05|T3|U07,ADULT_MIX|C03|O05|T3|U07|EM_OR,High,FALSE,FALSE,review_profile,text_rule,keyword,long_term,mixed_or_unclear,exact,,0.18,0.49,TRUE,FALSE,TRUE,-1.2039728043259361,-1.2039728043259361,1.2039728043259361,TRUE,TRUE,TRUE,ADULT_MIX|C03|O05|T3|U07,ADULT_MIX|C03|O05|T3|U07|EM_OR,Curated extraction — eligible after final denominator check,No,,Direct-comparison meta-analysis,"hemorrhage. The meta-analysis significantly favored direct (OR, 0.37 [0.23–0.60]; P<0.001; OR, 0.49 [0.31–0.77]; P=0.002) and combined (OR, 0.23 [0.12–0.43]; P<0.00001; OR, 0.30 [0.18–0.49]; P<0.00001) bypass over indirect bypass for late stroke and late hemorrhage, respectively. Combined bypass was favored over indirect bypass for favorable outcomes (OR, 2.06 [1.18–3.58]; P=0.01). CONCLUSIONS: Based on combined meta-analysis (43 articles) and pooled analysis (143 articles), the existing literature indicates that combined and direct bypasses have significant benefits for patients suffering from late stroke and hemorrhage versus indirect bypass. Combined bypass was favore",No,Previously curated in consolidated extraction; denominator audit retained,Yes,Previously curated in consolidated extraction; denominator audit retained,Direct-comparison meta-analysis,Yes,"hemorrhage. The meta-analysis significantly favored direct (OR, 0.37 [0.23–0.60]; P<0.001; OR, 0.49 [0.31–0.77]; P=0.002) and combined (OR, 0.23 [0.12–0.43]; P<0.00001; OR, 0.30 [0.18–0.49]; P<0.00001) bypass over indirect bypass for late stroke and late hemorrhage, respectively. Combined bypass was favored over indirect bypass for favorable outcomes (OR, 2.06 [1.18–3.58]; P=0.01). CONCLUSIONS: Based on combined meta-analysis (43 articles) and pooled analysis (143 articles), the existing literature indicates that combined and direct bypasses have significant benefits for patients suffering from late stroke and hemorrhage versus indirect bypass. Combined bypass was favore",Curated extraction — eligible after final denominator check,,Studies: 143 pooled; 43 comparative meta-analysis; patients: NR,[MESCLADO 3 p. 7],Strong recommendation based on low-quality observational evidence; unit dependence and confounding by indication remain.,retain,,Combined bypass,Indirect bypass,TRUE,TRUE,,TRUE,TRUE,TRUE,TRUE,Clinical events/safety,Adult mixed,Combined vs indirect,Late hemorrhage/rebleeding,Late/long-term,Mixed/unclear,OR,FALSE,FALSE,NOT_REQUIRED,,,0.3,0.18,0.49,Combined bypass,Indirect bypass,0.3,0.18,0.49,-1.2039728043259361,-1.7147984280919266,-0.7133498878774648,1.2039728043259361,1.7147984280919266,0.7133498878774648,0.7133498878774648,1.7147984280919266,Precise benefit,CI excludes null,OR 0.30 (0.18 to 0.49),OR 0.30 (0.18 to 0.49),FALSE
E0067,R042,MOY-0068,Tier 1 — Core formal synthesis,Adult revascularization,Other,"Direct, Indirect, and Combined Extracranial-to-Intracranial Bypass for Adult Moyamoya Disease: An Updated Systematic Review and Meta-Analysis",Adults with MMD,Combined bypass,Indirect bypass,Favorable outcome: combined vs indirect — comparative meta-analysis,late/follow-up,bypass/patient as reported,Studies: 143 pooled; 43 comparative meta-analysis; patients: NR,OR,2.06,1.18–3.58,0.01,NR,Favours combined,[MESCLADO 3 p. 7],Strong recommendation based on low-quality observational evidence; unit dependence and confounding by indication remain.,Critically low,High,Core clinical-surgical evidence table,Previously curated in consolidated extraction; denominator audit retained,"Do not pool across age, MMD/MMS, presentation, early/late horizon or patient/hemisphere/procedure units unless explicitly harmonized.",MOY-0068,Tier 1 — Core formal synthesis,"Direct, Indirect, and Combined Extracranial-to-Intracranial Bypass for Adult Moyamoya Disease: An Updated Systematic Review and Meta-Analysis",Yes,Critically low,High,2.06,1.18,3.58,TRUE,TRUE,FALSE,TRUE,ADULT_MIX,C03,O06,T3,U07,EM_OR,COMPARATIVE,1,canonical,1,ADULT_MIX|C03|O06|T3|U07,ADULT_MIX|C03|O06|T3|U07|EM_OR,High,FALSE,FALSE,review_profile,text_rule,keyword,long_term,mixed_or_unclear,exact,,1.18,3.58,TRUE,FALSE,TRUE,0.7227059828014898,0.7227059828014898,0.7227059828014898,TRUE,TRUE,TRUE,ADULT_MIX|C03|O06|T3|U07,ADULT_MIX|C03|O06|T3|U07|EM_OR,Curated extraction — eligible after final denominator check,No,,Direct-comparison meta-analysis,"0.49]; P<0.00001) bypass over indirect bypass for late stroke and late hemorrhage, respectively. Combined bypass was favored over indirect bypass for favorable outcomes (OR, 2.06 [1.18–3.58]; P=0.01). CONCLUSIONS: Based on combined meta-analysis (43 articles) and pooled analysis (143 articles), the existing literature indicates that combined and direct bypasses have significant benefits for patients suffering from late stroke and hemorrhage versus indirect bypass. Combined bypass was favored over indirect bypass for favorable outcomes. This is a strong recommendation based on low-quality evidence when utilizing the Grades of Recommendation, Assessment, Development, and Ev",No,Previously curated in consolidated extraction; denominator audit retained,Yes,Previously curated in consolidated extraction; denominator audit retained,Direct-comparison meta-analysis,Yes,"0.49]; P<0.00001) bypass over indirect bypass for late stroke and late hemorrhage, respectively. Combined bypass was favored over indirect bypass for favorable outcomes (OR, 2.06 [1.18–3.58]; P=0.01). CONCLUSIONS: Based on combined meta-analysis (43 articles) and pooled analysis (143 articles), the existing literature indicates that combined and direct bypasses have significant benefits for patients suffering from late stroke and hemorrhage versus indirect bypass. Combined bypass was favored over indirect bypass for favorable outcomes. This is a strong recommendation based on low-quality evidence when utilizing the Grades of Recommendation, Assessment, Development, and Ev",Curated extraction — eligible after final denominator check,,Studies: 143 pooled; 43 comparative meta-analysis; patients: NR,[MESCLADO 3 p. 7],Strong recommendation based on low-quality observational evidence; unit dependence and confounding by indication remain.,retain,,Combined bypass,Indirect bypass,TRUE,TRUE,,TRUE,TRUE,TRUE,TRUE,Functional,Adult mixed,Combined vs indirect,Favorable functional outcome,Late/long-term,Mixed/unclear,OR,FALSE,FALSE,NOT_REQUIRED,,,2.06,1.18,3.58,Combined bypass,Indirect bypass,2.06,1.18,3.58,0.7227059828014898,0.16551443847757333,1.275362800412609,0.7227059828014898,0.16551443847757333,1.275362800412609,0.16551443847757333,1.275362800412609,Precise benefit,CI excludes null,OR 2.06 (1.18 to 3.58),OR 2.06 (1.18 to 3.58),FALSE
E0068,R043,MOY-0166,Tier 1 — Core formal synthesis,Technique-specific/failure,Angiographic/technical success,STA-MCA Double-Barrel Bypass: A Systematic Review of Technique and Single-Arm Meta-Analysis of Outcomes,Patients undergoing STA–MCA double-barrel bypass; MMD subgroup where stated,STA–MCA double-barrel bypass,NA (single-arm),Postoperative patency,perioperative/follow-up,bypass/patient,Studies: 34; patients: 408,pooled proportion,100%,NR,NR,NR,Very high reported patency,[MESCLADO 3 p. 18],"Cannot infer superiority over single-barrel bypass from predominantly single-arm data. Greater flow/coverage versus longer, more complex surgery and potential hyperperfusion.",Critically low,High,Core clinical-surgical evidence table,Previously curated in consolidated extraction; denominator audit retained,"Do not pool across age, MMD/MMS, presentation, early/late horizon or patient/hemisphere/procedure units unless explicitly harmonized.",MOY-0166,Tier 1 — Core formal synthesis,STA-MCA Double-Barrel Bypass: A Systematic Review of Technique and Single-Arm Meta-Analysis of Outcomes,Yes,Critically low,High,,,,FALSE,FALSE,FALSE,,MIXED_UNSEP,C13,O11,T4,U07,EM_PROPORTION,DESCRIPTIVE_WITH_COMPARATOR,1,canonical,1,MIXED_UNSEP|C13|O11|T4|U07,MIXED_UNSEP|C13|O11|T4|U07|EM_PROPORTION,Moderate,TRUE,FALSE,review_profile,review_profile,keyword,mixed_or_unspecified_followup,mixed_or_unclear,proportion,,,,FALSE,FALSE,FALSE,,,,TRUE,TRUE,FALSE,MIXED_UNSEP|C13|O11|T4|U07,MIXED_UNSEP|C13|O11|T4|U07|EM_PROPORTION,Curated extraction — eligible after final denominator check,No,,Single-arm meta-analysis,Vol.:(0123456789) Neurosurgical Review (2024) 47:341 https://doi.org/10.1007/s10143-024-02520-y REVIEW STA‑MCA Double‑Barrel Bypass: A Systematic Review of Technique and Single‑Arm Meta‑Analysis of Outcomes Leonardo B. Oliveira1 · Pedro Henrique Cieslak1 · Marcio Yuri Ferreira2 · Cassiano K. Fuziki1 · Italo C. Martins3 · Gabriel Semione4 · Guilherme Nunes Marques5 · Lucca B. Palavani6 · Sávio Batista5 · Nicollas Nunes Rabelo7 · Stefan W. Koester8 · Raphael Bertani7 · Leonardo C. Welling1 · Michael T. Lawton8 · Eberval Gadelha Figueiredo7 Received: 29 February 2024 /,No,Previously curated in consolidated extraction; denominator audit retained,Yes,Previously curated in consolidated extraction; denominator audit retained,Single-arm meta-analysis,Yes,Vol.:(0123456789) Neurosurgical Review (2024) 47:341 https://doi.org/10.1007/s10143-024-02520-y REVIEW STA‑MCA Double‑Barrel Bypass: A Systematic Review of Technique and Single‑Arm Meta‑Analysis of Outcomes Leonardo B. Oliveira1 · Pedro Henrique Cieslak1 · Marcio Yuri Ferreira2 · Cassiano K. Fuziki1 · Italo C. Martins3 · Gabriel Semione4 · Guilherme Nunes Marques5 · Lucca B. Palavani6 · Sávio Batista5 · Nicollas Nunes Rabelo7 · Stefan W. Koester8 · Raphael Bertani7 · Leonardo C. Welling1 · Michael T. Lawton8 · Eberval Gadelha Figueiredo7 Received: 29 February 2024 /,Curated extraction — eligible after final denominator check,,Studies: 34; patients: 408,[MESCLADO 3 p. 18],"Cannot infer superiority over single-barrel bypass from predominantly single-arm data. Greater flow/coverage versus longer, more complex surgery and potential hyperperfusion.",retain,,STA–MCA double-barrel bypass,NA (single-arm),TRUE,TRUE,,TRUE,FALSE,FALSE,TRUE,Technical,Mixed/unseparated,Double-barrel vs benchmark,Bypass patency/capacity,Mixed/unspecified follow-up,Mixed/unclear,Proportion,TRUE,FALSE,NOT_REQUIRED_AFTER_INITIAL_HARMONIZATION,,,,,,STA–MCA double-barrel bypass,NA (single-arm),,,,,,,,,,,,Direction not prespecified,Not orientable,NR,NR,FALSE
E0069,R043,MOY-0166,Tier 1 — Core formal synthesis,Technique-specific/failure,Angiographic/technical success,STA-MCA Double-Barrel Bypass: A Systematic Review of Technique and Single-Arm Meta-Analysis of Outcomes,Patients undergoing STA–MCA double-barrel bypass; MMD subgroup where stated,STA–MCA double-barrel bypass,NA (single-arm),Follow-up patency,perioperative/follow-up,bypass/patient,Studies: 34; patients: 408,pooled proportion,98%,96–100%,NR,0%,High patency,[MESCLADO 3 p. 18],"Cannot infer superiority over single-barrel bypass from predominantly single-arm data. Greater flow/coverage versus longer, more complex surgery and potential hyperperfusion.",Critically low,High,Core clinical-surgical evidence table,Previously curated in consolidated extraction; denominator audit retained,"Do not pool across age, MMD/MMS, presentation, early/late horizon or patient/hemisphere/procedure units unless explicitly harmonized.",MOY-0166,Tier 1 — Core formal synthesis,STA-MCA Double-Barrel Bypass: A Systematic Review of Technique and Single-Arm Meta-Analysis of Outcomes,Yes,Critically low,High,,96,100,FALSE,FALSE,FALSE,,MIXED_UNSEP,C13,O11,T4,U07,EM_PROPORTION,DESCRIPTIVE_WITH_COMPARATOR,1,canonical,1,MIXED_UNSEP|C13|O11|T4|U07,MIXED_UNSEP|C13|O11|T4|U07|EM_PROPORTION,Moderate,TRUE,FALSE,review_profile,review_profile,keyword,mixed_or_unspecified_followup,mixed_or_unclear,proportion,,96,100,FALSE,FALSE,FALSE,,,,TRUE,TRUE,FALSE,MIXED_UNSEP|C13|O11|T4|U07,MIXED_UNSEP|C13|O11|T4|U07|EM_PROPORTION,Curated extraction — eligible after final denominator check,No,,Single-arm meta-analysis,"emia (22.2%) and aneurysms (12.5%). The median of the mean follow-ups of each study was 12.8 months (range 1.5–87.9). The postoperative patency was 100%. The follow-up patency was 98% (95% CI: 96%- 100%; I2 = 0%). The procedure-related mortality was 0% (95% CI: 0%-1%; I2 = 0%). Aneurysms obtained 87% (95% CI: 72%- 100%; I2 = 4%) of good clinical outcomes, while Moyamoya disease yielded a rate of 70% (95% CI: 10%—100%; I2 = 97%). Ischemic complications occurred at a rate of 6% (95% CI: 2%—11%; I2 = 36%), while hemorrhagic occurred at 6% (95% CI: 1%—11%; I2 = 56%). Hyperperfusion syndrome rate was calculated as 18% (7%—30%; I2 = 55%) for Moyamoya disease. Conclusions The pr",No,Previously curated in consolidated extraction; denominator audit retained,Yes,Previously curated in consolidated extraction; denominator audit retained,Single-arm meta-analysis,Yes,"emia (22.2%) and aneurysms (12.5%). The median of the mean follow-ups of each study was 12.8 months (range 1.5–87.9). The postoperative patency was 100%. The follow-up patency was 98% (95% CI: 96%- 100%; I2 = 0%). The procedure-related mortality was 0% (95% CI: 0%-1%; I2 = 0%). Aneurysms obtained 87% (95% CI: 72%- 100%; I2 = 4%) of good clinical outcomes, while Moyamoya disease yielded a rate of 70% (95% CI: 10%—100%; I2 = 97%). Ischemic complications occurred at a rate of 6% (95% CI: 2%—11%; I2 = 36%), while hemorrhagic occurred at 6% (95% CI: 1%—11%; I2 = 56%). Hyperperfusion syndrome rate was calculated as 18% (7%—30%; I2 = 55%) for Moyamoya disease. Conclusions The pr",Curated extraction — eligible after final denominator check,,Studies: 34; patients: 408,[MESCLADO 3 p. 18],"Cannot infer superiority over single-barrel bypass from predominantly single-arm data. Greater flow/coverage versus longer, more complex surgery and potential hyperperfusion.",retain,,STA–MCA double-barrel bypass,NA (single-arm),TRUE,TRUE,,TRUE,FALSE,FALSE,TRUE,Technical,Mixed/unseparated,Double-barrel vs benchmark,Bypass patency/capacity,Mixed/unspecified follow-up,Mixed/unclear,Proportion,TRUE,FALSE,NOT_REQUIRED_AFTER_INITIAL_HARMONIZATION,,,,96,100,STA–MCA double-barrel bypass,NA (single-arm),,96,100,,,,,,,,,Direction not prespecified,Not orientable,NR,NR,FALSE
E0070,R043,MOY-0166,Tier 1 — Core formal synthesis,Technique-specific/failure,Mortality,STA-MCA Double-Barrel Bypass: A Systematic Review of Technique and Single-Arm Meta-Analysis of Outcomes,Patients undergoing STA–MCA double-barrel bypass; MMD subgroup where stated,STA–MCA double-barrel bypass,NA (single-arm),Mortality,perioperative/follow-up,bypass/patient,Studies: 34; patients: 408,pooled proportion,0%,0–1%,NR,NR,Low pooled mortality,[MESCLADO 3 p. 18],"Cannot infer superiority over single-barrel bypass from predominantly single-arm data. Greater flow/coverage versus longer, more complex surgery and potential hyperperfusion.",Critically low,High,Core clinical-surgical evidence table,Previously curated in consolidated extraction; denominator audit retained,"Do not pool across age, MMD/MMS, presentation, early/late horizon or patient/hemisphere/procedure units unless explicitly harmonized.",MOY-0166,Tier 1 — Core formal synthesis,STA-MCA Double-Barrel Bypass: A Systematic Review of Technique and Single-Arm Meta-Analysis of Outcomes,Yes,Critically low,High,,0,1,FALSE,FALSE,FALSE,,MIXED_UNSEP,C13,O07,T4,U07,EM_PROPORTION,DESCRIPTIVE_WITH_COMPARATOR,1,canonical,-1,MIXED_UNSEP|C13|O07|T4|U07,MIXED_UNSEP|C13|O07|T4|U07|EM_PROPORTION,Moderate,TRUE,FALSE,review_profile,review_profile,keyword,mixed_or_unspecified_followup,mixed_or_unclear,proportion,,0,1,FALSE,FALSE,FALSE,,,,TRUE,TRUE,FALSE,MIXED_UNSEP|C13|O07|T4|U07,MIXED_UNSEP|C13|O07|T4|U07|EM_PROPORTION,Curated extraction — eligible after final denominator check,No,,Single-arm meta-analysis,Vol.:(0123456789) Neurosurgical Review (2024) 47:341 https://doi.org/10.1007/s10143-024-02520-y REVIEW STA‑MCA Double‑Barrel Bypass: A Systematic Review of Technique and Single‑Arm Meta‑Analysis of Outcomes Leonardo B. Oliveira1 · Pedro Henrique Cieslak1 · Marcio Yuri Ferreira2 · Cassiano K. Fuziki1 · Italo C. Martins3 · Gabriel Semione4 · Guilherme Nunes Marques5 · Lucca B. Palavani6 · Sávio Batista5 · Nicollas Nunes Rabelo7 · Stefan W. Koester8 · Raphael Bertani7 · Leonardo C. Welling1 · Michael T.,No,Previously curated in consolidated extraction; denominator audit retained,Yes,Previously curated in consolidated extraction; denominator audit retained,Single-arm meta-analysis,Yes,Vol.:(0123456789) Neurosurgical Review (2024) 47:341 https://doi.org/10.1007/s10143-024-02520-y REVIEW STA‑MCA Double‑Barrel Bypass: A Systematic Review of Technique and Single‑Arm Meta‑Analysis of Outcomes Leonardo B. Oliveira1 · Pedro Henrique Cieslak1 · Marcio Yuri Ferreira2 · Cassiano K. Fuziki1 · Italo C. Martins3 · Gabriel Semione4 · Guilherme Nunes Marques5 · Lucca B. Palavani6 · Sávio Batista5 · Nicollas Nunes Rabelo7 · Stefan W. Koester8 · Raphael Bertani7 · Leonardo C. Welling1 · Michael T.,Curated extraction — eligible after final denominator check,,Studies: 34; patients: 408,[MESCLADO 3 p. 18],"Cannot infer superiority over single-barrel bypass from predominantly single-arm data. Greater flow/coverage versus longer, more complex surgery and potential hyperperfusion.",retain,,STA–MCA double-barrel bypass,NA (single-arm),TRUE,TRUE,,TRUE,FALSE,FALSE,TRUE,Clinical events/safety,Mixed/unseparated,Double-barrel vs benchmark,Mortality,Mixed/unspecified follow-up,Mixed/unclear,Proportion,TRUE,FALSE,NOT_REQUIRED_AFTER_INITIAL_HARMONIZATION,,,,0,1,STA–MCA double-barrel bypass,NA (single-arm),,0,1,,,,,,,,,Direction not prespecified,Not orientable,NR,NR,FALSE
E0071,R043,MOY-0166,Tier 1 — Core formal synthesis,Technique-specific/failure,Other,STA-MCA Double-Barrel Bypass: A Systematic Review of Technique and Single-Arm Meta-Analysis of Outcomes,Patients undergoing STA–MCA double-barrel bypass; MMD subgroup where stated,STA–MCA double-barrel bypass,NA (single-arm),Good clinical outcome in MMD,perioperative/follow-up,bypass/patient,Studies: 34; patients: 408,pooled proportion,70%,10–100%,NR,97%,Highly heterogeneous,[MESCLADO 3 p. 18],"Cannot infer superiority over single-barrel bypass from predominantly single-arm data. Greater flow/coverage versus longer, more complex surgery and potential hyperperfusion.",Critically low,High,Core clinical-surgical evidence table,Previously curated in consolidated extraction; denominator audit retained,"Do not pool across age, MMD/MMS, presentation, early/late horizon or patient/hemisphere/procedure units unless explicitly harmonized.",MOY-0166,Tier 1 — Core formal synthesis,STA-MCA Double-Barrel Bypass: A Systematic Review of Technique and Single-Arm Meta-Analysis of Outcomes,Yes,Critically low,High,,10,100,FALSE,FALSE,FALSE,,MIXED_UNSEP,C13,O06,T4,U07,EM_PROPORTION,DESCRIPTIVE_WITH_COMPARATOR,1,canonical,1,MIXED_UNSEP|C13|O06|T4|U07,MIXED_UNSEP|C13|O06|T4|U07|EM_PROPORTION,Moderate,TRUE,FALSE,review_profile,review_profile,keyword,mixed_or_unspecified_followup,mixed_or_unclear,proportion,,10,100,FALSE,FALSE,FALSE,,,,TRUE,TRUE,FALSE,MIXED_UNSEP|C13|O06|T4|U07,MIXED_UNSEP|C13|O06|T4|U07|EM_PROPORTION,Curated extraction — eligible after final denominator check,No,,Single-arm meta-analysis,"rocedure-related mortality was 0% (95% CI: 0%-1%; I2 = 0%). Aneurysms obtained 87% (95% CI: 72%- 100%; I2 = 4%) of good clinical outcomes, while Moyamoya disease yielded a rate of 70% (95% CI: 10%—100%; I2 = 97%). Ischemic complications occurred at a rate of 6% (95% CI: 2%—11%; I2 = 36%), while hemorrhagic occurred at 6% (95% CI: 1%—11%; I2 = 56%). Hyperperfusion syndrome rate was calculated as 18% (7%—30%; I2 = 55%) for Moyamoya disease. Conclusions The procedure appears to be safe, with excellent patency rates. The clinical efficacy for ischemic and Moyamoya diseases warrants further standardized robust investigation with a broader number of patients, and aneurysm studi",No,Previously curated in consolidated extraction; denominator audit retained,Yes,Previously curated in consolidated extraction; denominator audit retained,Single-arm meta-analysis,Yes,"rocedure-related mortality was 0% (95% CI: 0%-1%; I2 = 0%). Aneurysms obtained 87% (95% CI: 72%- 100%; I2 = 4%) of good clinical outcomes, while Moyamoya disease yielded a rate of 70% (95% CI: 10%—100%; I2 = 97%). Ischemic complications occurred at a rate of 6% (95% CI: 2%—11%; I2 = 36%), while hemorrhagic occurred at 6% (95% CI: 1%—11%; I2 = 56%). Hyperperfusion syndrome rate was calculated as 18% (7%—30%; I2 = 55%) for Moyamoya disease. Conclusions The procedure appears to be safe, with excellent patency rates. The clinical efficacy for ischemic and Moyamoya diseases warrants further standardized robust investigation with a broader number of patients, and aneurysm studi",Curated extraction — eligible after final denominator check,,Studies: 34; patients: 408,[MESCLADO 3 p. 18],"Cannot infer superiority over single-barrel bypass from predominantly single-arm data. Greater flow/coverage versus longer, more complex surgery and potential hyperperfusion.",retain,,STA–MCA double-barrel bypass,NA (single-arm),TRUE,TRUE,,TRUE,FALSE,FALSE,TRUE,Functional,Mixed/unseparated,Double-barrel vs benchmark,Favorable functional outcome,Mixed/unspecified follow-up,Mixed/unclear,Proportion,TRUE,FALSE,NOT_REQUIRED_AFTER_INITIAL_HARMONIZATION,,,,10,100,STA–MCA double-barrel bypass,NA (single-arm),,10,100,,,,,,,,,Direction not prespecified,Not orientable,NR,NR,FALSE
E0072,R043,MOY-0166,Tier 1 — Core formal synthesis,Technique-specific/failure,Ischemic/stroke events,STA-MCA Double-Barrel Bypass: A Systematic Review of Technique and Single-Arm Meta-Analysis of Outcomes,Patients undergoing STA–MCA double-barrel bypass; MMD subgroup where stated,STA–MCA double-barrel bypass,NA (single-arm),Ischemic complications in MMD,perioperative/follow-up,bypass/patient,Studies: 34; patients: 408,pooled proportion,6%,2–11%,NR,36%,Pooled complication proportion,[MESCLADO 3 p. 18],"Cannot infer superiority over single-barrel bypass from predominantly single-arm data. Greater flow/coverage versus longer, more complex surgery and potential hyperperfusion.",Critically low,High,Core clinical-surgical evidence table,Previously curated in consolidated extraction; denominator audit retained,"Do not pool across age, MMD/MMS, presentation, early/late horizon or patient/hemisphere/procedure units unless explicitly harmonized.",MOY-0166,Tier 1 — Core formal synthesis,STA-MCA Double-Barrel Bypass: A Systematic Review of Technique and Single-Arm Meta-Analysis of Outcomes,Yes,Critically low,High,,2,11,FALSE,FALSE,FALSE,,MIXED_UNSEP,C13,O01,T4,U07,EM_PROPORTION,DESCRIPTIVE_WITH_COMPARATOR,1,canonical,-1,MIXED_UNSEP|C13|O01|T4|U07,MIXED_UNSEP|C13|O01|T4|U07|EM_PROPORTION,Moderate,TRUE,FALSE,review_profile,review_profile,keyword_horizon,mixed_or_unspecified_followup,mixed_or_unclear,proportion,,2,11,FALSE,FALSE,FALSE,,,,TRUE,TRUE,FALSE,MIXED_UNSEP|C13|O01|T4|U07,MIXED_UNSEP|C13|O01|T4|U07|EM_PROPORTION,Curated extraction — eligible after final denominator check,No,,Single-arm meta-analysis,Vol.:(0123456789) Neurosurgical Review (2024) 47:341 https://doi.org/10.1007/s10143-024-02520-y REVIEW STA‑MCA Double‑Barrel Bypass: A Systematic Review of Technique and Single‑Arm Meta‑Analysis of Outcomes Leonardo B. Oliveira1 · Pedro Henrique Cieslak1 · Marcio Yuri Ferreira2 · Cassiano K. Fuziki1 · Italo C. Martins3 · Gabriel Semione4 · Guilherme Nunes Marques5 · Lucca B. Palavani6 · Sávio Batista5 · Nicollas Nunes Rabelo7 · Stefan W. Koester8 · Raphael Bertani7 · Leonardo C. Welling1 · Michael T. Lawton,No,Previously curated in consolidated extraction; denominator audit retained,Yes,Previously curated in consolidated extraction; denominator audit retained,Single-arm meta-analysis,Yes,Vol.:(0123456789) Neurosurgical Review (2024) 47:341 https://doi.org/10.1007/s10143-024-02520-y REVIEW STA‑MCA Double‑Barrel Bypass: A Systematic Review of Technique and Single‑Arm Meta‑Analysis of Outcomes Leonardo B. Oliveira1 · Pedro Henrique Cieslak1 · Marcio Yuri Ferreira2 · Cassiano K. Fuziki1 · Italo C. Martins3 · Gabriel Semione4 · Guilherme Nunes Marques5 · Lucca B. Palavani6 · Sávio Batista5 · Nicollas Nunes Rabelo7 · Stefan W. Koester8 · Raphael Bertani7 · Leonardo C. Welling1 · Michael T. Lawton,Curated extraction — eligible after final denominator check,,Studies: 34; patients: 408,[MESCLADO 3 p. 18],"Cannot infer superiority over single-barrel bypass from predominantly single-arm data. Greater flow/coverage versus longer, more complex surgery and potential hyperperfusion.",retain,,STA–MCA double-barrel bypass,NA (single-arm),TRUE,TRUE,,TRUE,FALSE,FALSE,TRUE,Clinical events/safety,Mixed/unseparated,Double-barrel vs benchmark,Early ischemic stroke,Mixed/unspecified follow-up,Mixed/unclear,Proportion,TRUE,FALSE,NOT_REQUIRED_AFTER_INITIAL_HARMONIZATION,,,,2,11,STA–MCA double-barrel bypass,NA (single-arm),,2,11,,,,,,,,,Direction not prespecified,Not orientable,NR,NR,FALSE
E0073,R043,MOY-0166,Tier 1 — Core formal synthesis,Technique-specific/failure,Hemorrhagic events,STA-MCA Double-Barrel Bypass: A Systematic Review of Technique and Single-Arm Meta-Analysis of Outcomes,Patients undergoing STA–MCA double-barrel bypass; MMD subgroup where stated,STA–MCA double-barrel bypass,NA (single-arm),Hemorrhagic complications in MMD,perioperative/follow-up,bypass/patient,Studies: 34; patients: 408,pooled proportion,6%,1–11%,NR,56%,Pooled complication proportion,[MESCLADO 3 p. 18],"Cannot infer superiority over single-barrel bypass from predominantly single-arm data. Greater flow/coverage versus longer, more complex surgery and potential hyperperfusion.",Critically low,High,Core clinical-surgical evidence table,Previously curated in consolidated extraction; denominator audit retained,"Do not pool across age, MMD/MMS, presentation, early/late horizon or patient/hemisphere/procedure units unless explicitly harmonized.",MOY-0166,Tier 1 — Core formal synthesis,STA-MCA Double-Barrel Bypass: A Systematic Review of Technique and Single-Arm Meta-Analysis of Outcomes,Yes,Critically low,High,,1,11,FALSE,FALSE,FALSE,,MIXED_UNSEP,C13,O04,T4,U07,EM_PROPORTION,DESCRIPTIVE_WITH_COMPARATOR,1,canonical,-1,MIXED_UNSEP|C13|O04|T4|U07,MIXED_UNSEP|C13|O04|T4|U07|EM_PROPORTION,Moderate,TRUE,FALSE,review_profile,review_profile,keyword_horizon,mixed_or_unspecified_followup,mixed_or_unclear,proportion,,1,11,FALSE,FALSE,FALSE,,,,TRUE,TRUE,FALSE,MIXED_UNSEP|C13|O04|T4|U07,MIXED_UNSEP|C13|O04|T4|U07|EM_PROPORTION,Curated extraction — eligible after final denominator check,No,,Single-arm meta-analysis,Vol.:(0123456789) Neurosurgical Review (2024) 47:341 https://doi.org/10.1007/s10143-024-02520-y REVIEW STA‑MCA Double‑Barrel Bypass: A Systematic Review of Technique and Single‑Arm Meta‑Analysis of Outcomes Leonardo B. Oliveira1 · Pedro Henrique Cieslak1 · Marcio Yuri Ferreira2 · Cassiano K. Fuziki1 · Italo C. Martins3 · Gabriel Semione4 · Guilherme Nunes Marques5 · Lucca B. Palavani6 · Sávio Batista5 · Nicollas Nunes Rabelo7 · Stefan W. Koester8 · Raphael Bertani7 · Leonardo C. Welling1 · Michael T. Lawton,No,Previously curated in consolidated extraction; denominator audit retained,Yes,Previously curated in consolidated extraction; denominator audit retained,Single-arm meta-analysis,Yes,Vol.:(0123456789) Neurosurgical Review (2024) 47:341 https://doi.org/10.1007/s10143-024-02520-y REVIEW STA‑MCA Double‑Barrel Bypass: A Systematic Review of Technique and Single‑Arm Meta‑Analysis of Outcomes Leonardo B. Oliveira1 · Pedro Henrique Cieslak1 · Marcio Yuri Ferreira2 · Cassiano K. Fuziki1 · Italo C. Martins3 · Gabriel Semione4 · Guilherme Nunes Marques5 · Lucca B. Palavani6 · Sávio Batista5 · Nicollas Nunes Rabelo7 · Stefan W. Koester8 · Raphael Bertani7 · Leonardo C. Welling1 · Michael T. Lawton,Curated extraction — eligible after final denominator check,,Studies: 34; patients: 408,[MESCLADO 3 p. 18],"Cannot infer superiority over single-barrel bypass from predominantly single-arm data. Greater flow/coverage versus longer, more complex surgery and potential hyperperfusion.",retain,,STA–MCA double-barrel bypass,NA (single-arm),TRUE,TRUE,,TRUE,FALSE,FALSE,TRUE,Clinical events/safety,Mixed/unseparated,Double-barrel vs benchmark,Early intracranial hemorrhage,Mixed/unspecified follow-up,Mixed/unclear,Proportion,TRUE,FALSE,NOT_REQUIRED_AFTER_INITIAL_HARMONIZATION,,,,1,11,STA–MCA double-barrel bypass,NA (single-arm),,1,11,,,,,,,,,Direction not prespecified,Not orientable,NR,NR,FALSE
E0074,R043,MOY-0166,Tier 1 — Core formal synthesis,Technique-specific/failure,Hemodynamic/perfusion,STA-MCA Double-Barrel Bypass: A Systematic Review of Technique and Single-Arm Meta-Analysis of Outcomes,Patients undergoing STA–MCA double-barrel bypass; MMD subgroup where stated,STA–MCA double-barrel bypass,NA (single-arm),Cerebral hyperperfusion syndrome in MMD,perioperative/follow-up,bypass/patient,Studies: 34; patients: 408,pooled proportion,18%,7–30%,NR,55%,Pooled complication proportion,[MESCLADO 3 p. 18],"Cannot infer superiority over single-barrel bypass from predominantly single-arm data. Greater flow/coverage versus longer, more complex surgery and potential hyperperfusion.",Critically low,High,Core clinical-surgical evidence table,Previously curated in consolidated extraction; denominator audit retained,"Do not pool across age, MMD/MMS, presentation, early/late horizon or patient/hemisphere/procedure units unless explicitly harmonized.",MOY-0166,Tier 1 — Core formal synthesis,STA-MCA Double-Barrel Bypass: A Systematic Review of Technique and Single-Arm Meta-Analysis of Outcomes,Yes,Critically low,High,,7,30,FALSE,FALSE,FALSE,,MIXED_UNSEP,C13,O08,T4,U07,EM_PROPORTION,DESCRIPTIVE_WITH_COMPARATOR,1,canonical,-1,MIXED_UNSEP|C13|O08|T4|U07,MIXED_UNSEP|C13|O08|T4|U07|EM_PROPORTION,Moderate,TRUE,FALSE,review_profile,review_profile,keyword,mixed_or_unspecified_followup,mixed_or_unclear,proportion,,7,30,FALSE,FALSE,FALSE,,,,TRUE,TRUE,FALSE,MIXED_UNSEP|C13|O08|T4|U07,MIXED_UNSEP|C13|O08|T4|U07|EM_PROPORTION,Curated extraction — eligible after final denominator check,No,,Single-arm meta-analysis,"emic complications occurred at a rate of 6% (95% CI: 2%—11%; I2 = 36%), while hemorrhagic occurred at 6% (95% CI: 1%—11%; I2 = 56%). Hyperperfusion syndrome rate was calculated as 18% (7%—30%; I2 = 55%) for Moyamoya disease. Conclusions The procedure appears to be safe, with excellent patency rates. The clinical efficacy for ischemic and Moyamoya diseases warrants further standardized robust investigation with a broader number of patients, and aneurysm studies are required to enhance sample sizes. The main complication for the Moyamoya subgroup is hyperperfusion syndrome. Keywords STA MCA bypass · Cerebral revascularization · Moyamoya disease · Aneurysm * Leonardo B. Oliv",No,Previously curated in consolidated extraction; denominator audit retained,Yes,Previously curated in consolidated extraction; denominator audit retained,Single-arm meta-analysis,Yes,"emic complications occurred at a rate of 6% (95% CI: 2%—11%; I2 = 36%), while hemorrhagic occurred at 6% (95% CI: 1%—11%; I2 = 56%). Hyperperfusion syndrome rate was calculated as 18% (7%—30%; I2 = 55%) for Moyamoya disease. Conclusions The procedure appears to be safe, with excellent patency rates. The clinical efficacy for ischemic and Moyamoya diseases warrants further standardized robust investigation with a broader number of patients, and aneurysm studies are required to enhance sample sizes. The main complication for the Moyamoya subgroup is hyperperfusion syndrome. Keywords STA MCA bypass · Cerebral revascularization · Moyamoya disease · Aneurysm * Leonardo B. Oliv",Curated extraction — eligible after final denominator check,,Studies: 34; patients: 408,[MESCLADO 3 p. 18],"Cannot infer superiority over single-barrel bypass from predominantly single-arm data. Greater flow/coverage versus longer, more complex surgery and potential hyperperfusion.",retain,,STA–MCA double-barrel bypass,NA (single-arm),TRUE,TRUE,,TRUE,FALSE,FALSE,TRUE,Clinical events/safety,Mixed/unseparated,Double-barrel vs benchmark,Hyperperfusion syndrome,Mixed/unspecified follow-up,Mixed/unclear,Proportion,TRUE,FALSE,NOT_REQUIRED_AFTER_INITIAL_HARMONIZATION,,,,7,30,STA–MCA double-barrel bypass,NA (single-arm),,7,30,,,,,,,,,Direction not prespecified,Not orientable,NR,NR,FALSE
E0075,R045,MOY-0150,Tier 1 — Core formal synthesis,Perioperative safety/risk,Ischemic/stroke events,Risk Factors for Ischemic Stroke After Revascularization Surgery in Patients with Moyamoya Disease: An Age-Stratified Comparative Meta-Analysis,Pediatric MMD,Revascularization surgery,Risk factor absent/reference,Postoperative ischemic stroke: age <3 years,early postoperative,patient/hemisphere,Studies: 22; patients: NR,OR,7.60,NR,NR,NR,Higher risk,[MESCLADO 3 p. 46],Prognostic association; does not establish technique superiority or causal treatment effect.,Low,High,Core clinical-surgical evidence table,Previously curated in consolidated extraction; denominator audit retained,"Do not pool across age, MMD/MMS, presentation, early/late horizon or patient/hemisphere/procedure units unless explicitly harmonized.",MOY-0150,Tier 1 — Core formal synthesis,Risk Factors for Ischemic Stroke After Revascularization Surgery in Patients with Moyamoya Disease: An Age-Stratified Comparative Meta-Analysis,Yes,Low,High,7.6,,,TRUE,FALSE,TRUE,,PED_MIX,C00,O01,T1,U07,EM_OR,PROGNOSTIC,0,not_orientable,-1,PED_MIX|C00|O01|T1|U07,PED_MIX|C00|O01|T1|U07|EM_OR,Moderate,TRUE,FALSE,age_subgroup_text,no_authorized_comparison,keyword_horizon,early,mixed_or_unclear,exact,C00 and O99 are operational noninferential codes and do not create new SAP comparisons/outcomes.,,,TRUE,FALSE,FALSE,2.028148247292285,,,FALSE,TRUE,FALSE,PED_MIX|C00|O01|T1|U07,PED_MIX|C00|O01|T1|U07|EM_OR,Curated extraction — eligible after final denominator check,No,,Risk-factor meta-analysis,"include a control group. - RESULTS: All 22 studies were rated as high quality. Univariate analysis identified pediatrics <3 years of age as a risk factor for pIS (odds ratio [OR], 7.60; P < 0.0001). Among adult patients only, diabetes (OR, 2.10; P [ 0.005), a Suzuki grade greater than 3 (OR, 1.74; P [ 0.005), mean intraoperative systolic blood pressure (OR, 1.04; P < 0.0001), mean intraoperative diastolic blood pressure (OR, 1.04; P [ 0.002), and revascularization in the left hemisphere (OR, 2.09; P [ 0.001) were risk factors. Among both age groups, preoperative ischemic stroke (OR, 2.59; P < 0.00001) was a risk factor for pIS. Additionally, perioperative antiplatelet dru",No,Previously curated in consolidated extraction; denominator audit retained,Yes,Previously curated in consolidated extraction; denominator audit retained,Risk-factor meta-analysis,Yes,"include a control group. - RESULTS: All 22 studies were rated as high quality. Univariate analysis identified pediatrics <3 years of age as a risk factor for pIS (odds ratio [OR], 7.60; P < 0.0001). Among adult patients only, diabetes (OR, 2.10; P [ 0.005), a Suzuki grade greater than 3 (OR, 1.74; P [ 0.005), mean intraoperative systolic blood pressure (OR, 1.04; P < 0.0001), mean intraoperative diastolic blood pressure (OR, 1.04; P [ 0.002), and revascularization in the left hemisphere (OR, 2.09; P [ 0.001) were risk factors. Among both age groups, preoperative ischemic stroke (OR, 2.59; P < 0.00001) was a risk factor for pIS. Additionally, perioperative antiplatelet dru",Curated extraction — eligible after final denominator check,,Studies: 22; patients: NR,[MESCLADO 3 p. 46],Prognostic association; does not establish technique superiority or causal treatment effect.,retain,,Revascularization surgery,Risk factor absent/reference,TRUE,TRUE,,FALSE,FALSE,FALSE,TRUE,Clinical events/safety,Pediatric mixed MMD/MMS,No formal comparison,Early ischemic stroke,Early/perioperative,Mixed/unclear,OR,TRUE,FALSE,NOT_REQUIRED_AFTER_INITIAL_HARMONIZATION,,,7.6,,,Revascularization surgery,Risk factor absent/reference,7.6,,,2.028148247292285,,,-2.028148247292285,,,,,Imprecise harm direction,CI includes null,OR 7.60,OR 7.60,FALSE
E0076,R045,MOY-0150,Tier 1 — Core formal synthesis,Perioperative safety/risk,Prognostic factors,Risk Factors for Ischemic Stroke After Revascularization Surgery in Patients with Moyamoya Disease: An Age-Stratified Comparative Meta-Analysis,Adult MMD,Revascularization surgery,Risk factor absent/reference,Postoperative ischemic stroke: diabetes,early postoperative,patient/hemisphere,Studies: 22; patients: NR,OR,2.10,NR,NR,NR,Higher risk,[MESCLADO 3 p. 46],Prognostic association; does not establish technique superiority or causal treatment effect.,Low,High,Core clinical-surgical evidence table,Previously curated in consolidated extraction; denominator audit retained,"Do not pool across age, MMD/MMS, presentation, early/late horizon or patient/hemisphere/procedure units unless explicitly harmonized.",MOY-0150,Tier 1 — Core formal synthesis,Risk Factors for Ischemic Stroke After Revascularization Surgery in Patients with Moyamoya Disease: An Age-Stratified Comparative Meta-Analysis,Yes,Low,High,2.1,,,TRUE,FALSE,TRUE,,MIXED_UNSEP,C00,O01,T1,U07,EM_OR,PROGNOSTIC,0,not_orientable,-1,MIXED_UNSEP|C00|O01|T1|U07,MIXED_UNSEP|C00|O01|T1|U07|EM_OR,Moderate,TRUE,FALSE,review_profile,no_authorized_comparison,keyword_horizon,early,mixed_or_unclear,exact,C00 and O99 are operational noninferential codes and do not create new SAP comparisons/outcomes.,,,TRUE,FALSE,FALSE,0.7419373447293773,,,FALSE,TRUE,FALSE,MIXED_UNSEP|C00|O01|T1|U07,MIXED_UNSEP|C00|O01|T1|U07|EM_OR,Curated extraction — eligible after final denominator check,No,,Risk-factor meta-analysis,"d as high quality. Univariate analysis identified pediatrics <3 years of age as a risk factor for pIS (odds ratio [OR], 7.60; P < 0.0001). Among adult patients only, diabetes (OR, 2.10; P [ 0.005), a Suzuki grade greater than 3 (OR, 1.74; P [ 0.005), mean intraoperative systolic blood pressure (OR, 1.04; P < 0.0001), mean intraoperative diastolic blood pressure (OR, 1.04; P [ 0.002), and revascularization in the left hemisphere (OR, 2.09; P [ 0.001) were risk factors. Among both age groups, preoperative ischemic stroke (OR, 2.59; P < 0.00001) was a risk factor for pIS. Additionally, perioperative antiplatelet drug administration was a protective factor for specifically ac",No,Previously curated in consolidated extraction; denominator audit retained,Yes,Previously curated in consolidated extraction; denominator audit retained,Risk-factor meta-analysis,Yes,"d as high quality. Univariate analysis identified pediatrics <3 years of age as a risk factor for pIS (odds ratio [OR], 7.60; P < 0.0001). Among adult patients only, diabetes (OR, 2.10; P [ 0.005), a Suzuki grade greater than 3 (OR, 1.74; P [ 0.005), mean intraoperative systolic blood pressure (OR, 1.04; P < 0.0001), mean intraoperative diastolic blood pressure (OR, 1.04; P [ 0.002), and revascularization in the left hemisphere (OR, 2.09; P [ 0.001) were risk factors. Among both age groups, preoperative ischemic stroke (OR, 2.59; P < 0.00001) was a risk factor for pIS. Additionally, perioperative antiplatelet drug administration was a protective factor for specifically ac",Curated extraction — eligible after final denominator check,,Studies: 22; patients: NR,[MESCLADO 3 p. 46],Prognostic association; does not establish technique superiority or causal treatment effect.,retain,,Revascularization surgery,Risk factor absent/reference,TRUE,TRUE,,FALSE,FALSE,FALSE,TRUE,Clinical events/safety,Mixed/unseparated,No formal comparison,Early ischemic stroke,Early/perioperative,Mixed/unclear,OR,TRUE,FALSE,NOT_REQUIRED_AFTER_INITIAL_HARMONIZATION,,,2.1,,,Revascularization surgery,Risk factor absent/reference,2.1,,,0.7419373447293773,,,-0.7419373447293773,,,,,Imprecise harm direction,CI includes null,OR 2.10,OR 2.10,FALSE
E0077,R045,MOY-0150,Tier 1 — Core formal synthesis,Perioperative safety/risk,Ischemic/stroke events,Risk Factors for Ischemic Stroke After Revascularization Surgery in Patients with Moyamoya Disease: An Age-Stratified Comparative Meta-Analysis,Adult MMD,Revascularization surgery,Risk factor absent/reference,Postoperative ischemic stroke: Suzuki stage >3,early postoperative,patient/hemisphere,Studies: 22; patients: NR,OR,1.74,NR,NR,NR,Higher risk,[MESCLADO 3 p. 46],Prognostic association; does not establish technique superiority or causal treatment effect.,Low,High,Core clinical-surgical evidence table,Previously curated in consolidated extraction; denominator audit retained,"Do not pool across age, MMD/MMS, presentation, early/late horizon or patient/hemisphere/procedure units unless explicitly harmonized.",MOY-0150,Tier 1 — Core formal synthesis,Risk Factors for Ischemic Stroke After Revascularization Surgery in Patients with Moyamoya Disease: An Age-Stratified Comparative Meta-Analysis,Yes,Low,High,1.74,,,TRUE,FALSE,TRUE,,MIXED_UNSEP,C00,O01,T1,U07,EM_OR,PROGNOSTIC,0,not_orientable,-1,MIXED_UNSEP|C00|O01|T1|U07,MIXED_UNSEP|C00|O01|T1|U07|EM_OR,Moderate,TRUE,FALSE,review_profile,no_authorized_comparison,keyword_horizon,early,mixed_or_unclear,exact,C00 and O99 are operational noninferential codes and do not create new SAP comparisons/outcomes.,,,TRUE,FALSE,FALSE,0.5538851132264376,,,FALSE,TRUE,FALSE,MIXED_UNSEP|C00|O01|T1|U07,MIXED_UNSEP|C00|O01|T1|U07|EM_OR,Curated extraction — eligible after final denominator check,No,,Risk-factor meta-analysis,"iatrics <3 years of age as a risk factor for pIS (odds ratio [OR], 7.60; P < 0.0001). Among adult patients only, diabetes (OR, 2.10; P [ 0.005), a Suzuki grade greater than 3 (OR, 1.74; P [ 0.005), mean intraoperative systolic blood pressure (OR, 1.04; P < 0.0001), mean intraoperative diastolic blood pressure (OR, 1.04; P [ 0.002), and revascularization in the left hemisphere (OR, 2.09; P [ 0.001) were risk factors. Among both age groups, preoperative ischemic stroke (OR, 2.59; P < 0.00001) was a risk factor for pIS. Additionally, perioperative antiplatelet drug administration was a protective factor for specifically acute postoperative white thrombus among adult patients",No,Previously curated in consolidated extraction; denominator audit retained,Yes,Previously curated in consolidated extraction; denominator audit retained,Risk-factor meta-analysis,Yes,"iatrics <3 years of age as a risk factor for pIS (odds ratio [OR], 7.60; P < 0.0001). Among adult patients only, diabetes (OR, 2.10; P [ 0.005), a Suzuki grade greater than 3 (OR, 1.74; P [ 0.005), mean intraoperative systolic blood pressure (OR, 1.04; P < 0.0001), mean intraoperative diastolic blood pressure (OR, 1.04; P [ 0.002), and revascularization in the left hemisphere (OR, 2.09; P [ 0.001) were risk factors. Among both age groups, preoperative ischemic stroke (OR, 2.59; P < 0.00001) was a risk factor for pIS. Additionally, perioperative antiplatelet drug administration was a protective factor for specifically acute postoperative white thrombus among adult patients",Curated extraction — eligible after final denominator check,,Studies: 22; patients: NR,[MESCLADO 3 p. 46],Prognostic association; does not establish technique superiority or causal treatment effect.,retain,,Revascularization surgery,Risk factor absent/reference,TRUE,TRUE,,FALSE,FALSE,FALSE,TRUE,Clinical events/safety,Mixed/unseparated,No formal comparison,Early ischemic stroke,Early/perioperative,Mixed/unclear,OR,TRUE,FALSE,NOT_REQUIRED_AFTER_INITIAL_HARMONIZATION,,,1.74,,,Revascularization surgery,Risk factor absent/reference,1.74,,,0.5538851132264376,,,-0.5538851132264376,,,,,Imprecise harm direction,CI includes null,OR 1.74,OR 1.74,FALSE
E0078,R045,MOY-0150,Tier 1 — Core formal synthesis,Perioperative safety/risk,Ischemic/stroke events,Risk Factors for Ischemic Stroke After Revascularization Surgery in Patients with Moyamoya Disease: An Age-Stratified Comparative Meta-Analysis,Adult MMD,Revascularization surgery,Risk factor absent/reference,Postoperative ischemic stroke: left hemisphere,early postoperative,patient/hemisphere,Studies: 22; patients: NR,OR,2.09,NR,NR,NR,Higher risk,[MESCLADO 3 p. 46],Prognostic association; does not establish technique superiority or causal treatment effect.,Low,High,Core clinical-surgical evidence table,Previously curated in consolidated extraction; denominator audit retained,"Do not pool across age, MMD/MMS, presentation, early/late horizon or patient/hemisphere/procedure units unless explicitly harmonized.",MOY-0150,Tier 1 — Core formal synthesis,Risk Factors for Ischemic Stroke After Revascularization Surgery in Patients with Moyamoya Disease: An Age-Stratified Comparative Meta-Analysis,Yes,Low,High,2.09,,,TRUE,FALSE,TRUE,,MIXED_UNSEP,C00,O01,T1,U07,EM_OR,PROGNOSTIC,0,not_orientable,-1,MIXED_UNSEP|C00|O01|T1|U07,MIXED_UNSEP|C00|O01|T1|U07|EM_OR,Moderate,TRUE,FALSE,review_profile,no_authorized_comparison,keyword_horizon,early,mixed_or_unclear,exact,C00 and O99 are operational noninferential codes and do not create new SAP comparisons/outcomes.,,,TRUE,FALSE,FALSE,0.7371640659767196,,,FALSE,TRUE,FALSE,MIXED_UNSEP|C00|O01|T1|U07,MIXED_UNSEP|C00|O01|T1|U07|EM_OR,Curated extraction — eligible after final denominator check,No,,Risk-factor meta-analysis,"ntraoperative systolic blood pressure (OR, 1.04; P < 0.0001), mean intraoperative diastolic blood pressure (OR, 1.04; P [ 0.002), and revascularization in the left hemisphere (OR, 2.09; P [ 0.001) were risk factors. Among both age groups, preoperative ischemic stroke (OR, 2.59; P < 0.00001) was a risk factor for pIS. Additionally, perioperative antiplatelet drug administration was a protective factor for specifically acute postoperative white thrombus among adult patients (OR, 0.35; P [ 0.002). - CONCLUSIONS: In addition to the methods discussed that can mitigate the risk of pIS, the risk factors identified in our analysis may be of great value among surgeons for identify",No,Previously curated in consolidated extraction; denominator audit retained,Yes,Previously curated in consolidated extraction; denominator audit retained,Risk-factor meta-analysis,Yes,"ntraoperative systolic blood pressure (OR, 1.04; P < 0.0001), mean intraoperative diastolic blood pressure (OR, 1.04; P [ 0.002), and revascularization in the left hemisphere (OR, 2.09; P [ 0.001) were risk factors. Among both age groups, preoperative ischemic stroke (OR, 2.59; P < 0.00001) was a risk factor for pIS. Additionally, perioperative antiplatelet drug administration was a protective factor for specifically acute postoperative white thrombus among adult patients (OR, 0.35; P [ 0.002). - CONCLUSIONS: In addition to the methods discussed that can mitigate the risk of pIS, the risk factors identified in our analysis may be of great value among surgeons for identify",Curated extraction — eligible after final denominator check,,Studies: 22; patients: NR,[MESCLADO 3 p. 46],Prognostic association; does not establish technique superiority or causal treatment effect.,retain,,Revascularization surgery,Risk factor absent/reference,TRUE,TRUE,,FALSE,FALSE,FALSE,TRUE,Clinical events/safety,Mixed/unseparated,No formal comparison,Early ischemic stroke,Early/perioperative,Mixed/unclear,OR,TRUE,FALSE,NOT_REQUIRED_AFTER_INITIAL_HARMONIZATION,,,2.09,,,Revascularization surgery,Risk factor absent/reference,2.09,,,0.7371640659767196,,,-0.7371640659767196,,,,,Imprecise harm direction,CI includes null,OR 2.09,OR 2.09,FALSE
E0079,R045,MOY-0150,Tier 1 — Core formal synthesis,Perioperative safety/risk,Ischemic/stroke events,Risk Factors for Ischemic Stroke After Revascularization Surgery in Patients with Moyamoya Disease: An Age-Stratified Comparative Meta-Analysis,Pediatric and adult MMD,Revascularization surgery,Risk factor absent/reference,Postoperative ischemic stroke: prior ischemic stroke,early postoperative,patient/hemisphere,Studies: 22; patients: NR,OR,2.59,NR,NR,NR,Higher risk,[MESCLADO 3 p. 46],Prognostic association; does not establish technique superiority or causal treatment effect.,Low,High,Core clinical-surgical evidence table,Previously curated in consolidated extraction; denominator audit retained,"Do not pool across age, MMD/MMS, presentation, early/late horizon or patient/hemisphere/procedure units unless explicitly harmonized.",MOY-0150,Tier 1 — Core formal synthesis,Risk Factors for Ischemic Stroke After Revascularization Surgery in Patients with Moyamoya Disease: An Age-Stratified Comparative Meta-Analysis,Yes,Low,High,2.59,,,TRUE,FALSE,TRUE,,PED_MIX,C00,O01,T1,U07,EM_OR,PROGNOSTIC,0,not_orientable,-1,PED_MIX|C00|O01|T1|U07,PED_MIX|C00|O01|T1|U07|EM_OR,Moderate,TRUE,FALSE,age_subgroup_text,no_authorized_comparison,keyword_horizon,early,mixed_or_unclear,exact,C00 and O99 are operational noninferential codes and do not create new SAP comparisons/outcomes.,,,TRUE,FALSE,FALSE,0.9516578757114463,,,FALSE,TRUE,FALSE,PED_MIX|C00|O01|T1|U07,PED_MIX|C00|O01|T1|U07|EM_OR,Curated extraction — eligible after final denominator check,No,,Risk-factor meta-analysis,"lood pressure (OR, 1.04; P [ 0.002), and revascularization in the left hemisphere (OR, 2.09; P [ 0.001) were risk factors. Among both age groups, preoperative ischemic stroke (OR, 2.59; P < 0.00001) was a risk factor for pIS. Additionally, perioperative antiplatelet drug administration was a protective factor for specifically acute postoperative white thrombus among adult patients (OR, 0.35; P [ 0.002). - CONCLUSIONS: In addition to the methods discussed that can mitigate the risk of pIS, the risk factors identified in our analysis may be of great value among surgeons for identifying high-risk patients in order to apply prophylactic measures, as well as scheduling longer",No,Previously curated in consolidated extraction; denominator audit retained,Yes,Previously curated in consolidated extraction; denominator audit retained,Risk-factor meta-analysis,Yes,"lood pressure (OR, 1.04; P [ 0.002), and revascularization in the left hemisphere (OR, 2.09; P [ 0.001) were risk factors. Among both age groups, preoperative ischemic stroke (OR, 2.59; P < 0.00001) was a risk factor for pIS. Additionally, perioperative antiplatelet drug administration was a protective factor for specifically acute postoperative white thrombus among adult patients (OR, 0.35; P [ 0.002). - CONCLUSIONS: In addition to the methods discussed that can mitigate the risk of pIS, the risk factors identified in our analysis may be of great value among surgeons for identifying high-risk patients in order to apply prophylactic measures, as well as scheduling longer",Curated extraction — eligible after final denominator check,,Studies: 22; patients: NR,[MESCLADO 3 p. 46],Prognostic association; does not establish technique superiority or causal treatment effect.,retain,,Revascularization surgery,Risk factor absent/reference,TRUE,TRUE,,FALSE,FALSE,FALSE,TRUE,Clinical events/safety,Pediatric mixed MMD/MMS,No formal comparison,Early ischemic stroke,Early/perioperative,Mixed/unclear,OR,TRUE,FALSE,NOT_REQUIRED_AFTER_INITIAL_HARMONIZATION,,,2.59,,,Revascularization surgery,Risk factor absent/reference,2.59,,,0.9516578757114463,,,-0.9516578757114463,,,,,Imprecise harm direction,CI includes null,OR 2.59,OR 2.59,FALSE
E0080,R045,MOY-0150,Tier 1 — Core formal synthesis,Perioperative safety/risk,Other,Risk Factors for Ischemic Stroke After Revascularization Surgery in Patients with Moyamoya Disease: An Age-Stratified Comparative Meta-Analysis,MMD,Revascularization surgery,Risk factor absent/reference,Acute white thrombus with perioperative antiplatelet therapy,early postoperative,patient/hemisphere,Studies: 22; patients: NR,OR,0.35,NR,NR,NR,Protective association,[MESCLADO 3 p. 46],Prognostic association; does not establish technique superiority or causal treatment effect.,Low,High,Core clinical-surgical evidence table,Previously curated in consolidated extraction; denominator audit retained,"Do not pool across age, MMD/MMS, presentation, early/late horizon or patient/hemisphere/procedure units unless explicitly harmonized.",MOY-0150,Tier 1 — Core formal synthesis,Risk Factors for Ischemic Stroke After Revascularization Surgery in Patients with Moyamoya Disease: An Age-Stratified Comparative Meta-Analysis,Yes,Low,High,0.35,,,TRUE,FALSE,TRUE,,MIXED_UNSEP,C00,O01,T1,U07,EM_OR,PROGNOSTIC,0,not_orientable,-1,MIXED_UNSEP|C00|O01|T1|U07,MIXED_UNSEP|C00|O01|T1|U07|EM_OR,Moderate,TRUE,FALSE,review_profile,no_authorized_comparison,keyword_horizon,early,mixed_or_unclear,exact,C00 and O99 are operational noninferential codes and do not create new SAP comparisons/outcomes.,,,TRUE,FALSE,FALSE,-1.0498221244986778,,,FALSE,TRUE,FALSE,MIXED_UNSEP|C00|O01|T1|U07,MIXED_UNSEP|C00|O01|T1|U07|EM_OR,Curated extraction — eligible after final denominator check,No,,Risk-factor meta-analysis,"factor for pIS. Additionally, perioperative antiplatelet drug administration was a protective factor for specifically acute postoperative white thrombus among adult patients (OR, 0.35; P [ 0.002). - CONCLUSIONS: In addition to the methods discussed that can mitigate the risk of pIS, the risk factors identified in our analysis may be of great value among surgeons for identifying high-risk patients in order to apply prophylactic measures, as well as scheduling longer and more frequent follow-up visits. Key words - Ischemic stroke - Moyamoya disease - Revascularization surgery - Risk factors Abbreviations and Acronyms CCA: Common carotid artery CI: Confidence interval DBP:",No,Previously curated in consolidated extraction; denominator audit retained,Yes,Previously curated in consolidated extraction; denominator audit retained,Risk-factor meta-analysis,Yes,"factor for pIS. Additionally, perioperative antiplatelet drug administration was a protective factor for specifically acute postoperative white thrombus among adult patients (OR, 0.35; P [ 0.002). - CONCLUSIONS: In addition to the methods discussed that can mitigate the risk of pIS, the risk factors identified in our analysis may be of great value among surgeons for identifying high-risk patients in order to apply prophylactic measures, as well as scheduling longer and more frequent follow-up visits. Key words - Ischemic stroke - Moyamoya disease - Revascularization surgery - Risk factors Abbreviations and Acronyms CCA: Common carotid artery CI: Confidence interval DBP:",Curated extraction — eligible after final denominator check,,Studies: 22; patients: NR,[MESCLADO 3 p. 46],Prognostic association; does not establish technique superiority or causal treatment effect.,retain,,Revascularization surgery,Risk factor absent/reference,TRUE,TRUE,,FALSE,FALSE,FALSE,TRUE,Clinical events/safety,Mixed/unseparated,No formal comparison,Early ischemic stroke,Early/perioperative,Mixed/unclear,OR,TRUE,FALSE,NOT_REQUIRED_AFTER_INITIAL_HARMONIZATION,,,0.35,,,Revascularization surgery,Risk factor absent/reference,0.35,,,-1.0498221244986778,,,1.0498221244986778,,,,,Imprecise benefit direction,CI includes null,OR 0.35,OR 0.35,FALSE
E0081,R046,MOY-0177,Tier 1 — Core formal synthesis,General revascularization/technique comparison,Hemorrhagic events,The Efficacy of Surgical Treatment for the Secondary Prevention of Stroke in Symptomatic Moyamoya Disease: A Meta-Analysis,Symptomatic hemorrhagic MMD (610-patient subgroup reported),Surgery,Conservative treatment,Recurrent stroke in hemorrhagic MMD,follow-up,patient,Studies: 16; patients: Denominators vary; hemorrhagic subgroup 610,OR/RR,NR,NR,NR,NR,Favours surgery,[MESCLADO 3 p. 74],"Cannot produce a universal ranking across mixed phenotypes and outcomes. Immediate flow and robust collaterals versus technical complexity, perioperative ischemia/hemorrhage and hyperperfusion.",Critically low,High,Core clinical-surgical evidence table,Previously curated in consolidated extraction; denominator audit retained,"Do not pool across age, MMD/MMS, presentation, early/late horizon or patient/hemisphere/procedure units unless explicitly harmonized.",MOY-0177,Tier 1 — Core formal synthesis,The Efficacy of Surgical Treatment for the Secondary Prevention of Stroke in Symptomatic Moyamoya Disease: A Meta-Analysis,Yes,Critically low,High,,,,FALSE,FALSE,FALSE,,MIXED_UNSEP,C01,O16,T4,U01,EM_MIXED_RATIO,DESCRIPTIVE_WITH_COMPARATOR,1,canonical,-1,MIXED_UNSEP|C01|O16|T4|U01,MIXED_UNSEP|C01|O16|T4|U01|EM_MIXED_RATIO,Moderate,TRUE,FALSE,review_profile,text_rule,keyword,mixed_or_unspecified_followup,exact,mixed,,,,FALSE,FALSE,FALSE,,,,TRUE,TRUE,FALSE,MIXED_UNSEP|C01|O16|T4|U01,MIXED_UNSEP|C01|O16|T4|U01|EM_MIXED_RATIO,Curated extraction — eligible after final denominator check,No,,Subgroup meta-analysis,"nt of MMD showed significant efficacy in recurrent stroke prevention (OR of 0.17, 95% CI, 0.12–0.26, P < 0.01, I2 ¼ 33%) (Fig. 2A). In the hemorrhagic MMD subgroup analysis, total 610 patients were included (377 patients received surgery and 233 had conservative treatment), and surgical treatment showed a significant efficacy of rebleeding preven- tion (OR of 0.23, 95% CI, 0.15–0.38, P < 0.01, I2 ¼ 1%) (Fig. 2B). However, the advantage of surgical treatment was not significantly better than conservative treatment for ischemic MMD patients (OR of 0.53, 95% CI, 0.02–11.13, P ¼ 0.14, I2 ¼ 85%) (Fig. 2C). No publication bias was found in the funnel plot (Fig. 4A). The Efﬁcacy",No,Previously curated in consolidated extraction; denominator audit retained,Yes,Previously curated in consolidated extraction; denominator audit retained,Subgroup meta-analysis,Yes,"nt of MMD showed significant efficacy in recurrent stroke prevention (OR of 0.17, 95% CI, 0.12–0.26, P < 0.01, I2 ¼ 33%) (Fig. 2A). In the hemorrhagic MMD subgroup analysis, total 610 patients were included (377 patients received surgery and 233 had conservative treatment), and surgical treatment showed a significant efficacy of rebleeding preven- tion (OR of 0.23, 95% CI, 0.15–0.38, P < 0.01, I2 ¼ 1%) (Fig. 2B). However, the advantage of surgical treatment was not significantly better than conservative treatment for ischemic MMD patients (OR of 0.53, 95% CI, 0.02–11.13, P ¼ 0.14, I2 ¼ 85%) (Fig. 2C). No publication bias was found in the funnel plot (Fig. 4A). The Efﬁcacy",Curated extraction — eligible after final denominator check,,Studies: 16; patients: Denominators vary; hemorrhagic subgroup 610,[MESCLADO 3 p. 74],"Cannot produce a universal ranking across mixed phenotypes and outcomes. Immediate flow and robust collaterals versus technical complexity, perioperative ischemia/hemorrhage and hyperperfusion.",retain,,Surgery,Conservative treatment,TRUE,TRUE,Reclassified as any/recurrent stroke or composite cerebrovascular event rather than ischemic or hemorrhagic stroke alone.,TRUE,FALSE,FALSE,TRUE,Clinical events/safety,Mixed/unseparated,Surgery vs conservative,Any/recurrent stroke,Mixed/unspecified follow-up,Patient,Mixed ratio,TRUE,FALSE,NOT_REQUIRED_AFTER_INITIAL_HARMONIZATION,,,,,,Surgery,Conservative treatment,,,,,,,,,,,,Direction not prespecified,Not orientable,NR,NR,FALSE
E0082,R047,MOY-0169,Tier 1 — Core formal synthesis,Pediatric revascularization,Ischemic/stroke events,Surgical outcomes for pediatric moyamoya: a systematic review and meta-analysis,Pediatric MMD,direct bypass,Other bypass categories,Stroke rate after direct bypass,mean 71.4 months,patient-year,"Studies: 29; patients: 2,258",event rate,1 per 190.3 patient-years,NR,NR,NR,Lowest descriptive rate,[MESCLADO 3 p. 78],No statistically significant technique difference; nonrandomized selection and variable follow-up.,Critically low,Unclear,Core clinical-surgical evidence table,Previously curated in consolidated extraction; denominator audit retained,"Do not pool across age, MMD/MMS, presentation, early/late horizon or patient/hemisphere/procedure units unless explicitly harmonized.",MOY-0169,Tier 1 — Core formal synthesis,Surgical outcomes for pediatric moyamoya: a systematic review and meta-analysis,Yes,Critically low,Unclear,,,,FALSE,FALSE,FALSE,,PED_MIX,C05,O02,T3,U05,EM_RATE,DESCRIPTIVE_WITH_COMPARATOR,0,not_orientable,-1,PED_MIX|C05|O02|T3|U05,PED_MIX|C05|O02|T3|U05|EM_RATE,High,FALSE,FALSE,review_profile,review_profile,keyword,long_term,exact,rate,,,,FALSE,FALSE,FALSE,,,,TRUE,TRUE,FALSE,PED_MIX|C05|O02|T3|U05,PED_MIX|C05|O02|T3|U05|EM_RATE,Curated extraction — eligible after final denominator check,No,,Pooled descriptive comparison,"patients underwent indirect bypass alone. The frequencies of future stroke events in patients undergoing direct bypass alone, combined bypass, or indirect bypass alone were 1 per 190.3 patient-years, 1 per 108.9 patient-years, and 1 per 61.1 patient-years, respectively, in each cohort. The estimated stroke rates were 9.0% with indirect revascularization, 4.5% with direct revascularization alone, and 6.0% with combined revascularization. A forest plot did not reveal any significant differences in the incidence of future stroke events or angiographic outcomes following direct-only, combined, or indirect-only revascularization. CONCLUSIONS Direct, indirect, and combined ind",No,Previously curated in consolidated extraction; denominator audit retained,Yes,Previously curated in consolidated extraction; denominator audit retained,Pooled descriptive comparison,Yes,"patients underwent indirect bypass alone. The frequencies of future stroke events in patients undergoing direct bypass alone, combined bypass, or indirect bypass alone were 1 per 190.3 patient-years, 1 per 108.9 patient-years, and 1 per 61.1 patient-years, respectively, in each cohort. The estimated stroke rates were 9.0% with indirect revascularization, 4.5% with direct revascularization alone, and 6.0% with combined revascularization. A forest plot did not reveal any significant differences in the incidence of future stroke events or angiographic outcomes following direct-only, combined, or indirect-only revascularization. CONCLUSIONS Direct, indirect, and combined ind",Curated extraction — eligible after final denominator check,,"Studies: 29; patients: 2,258",[MESCLADO 3 p. 78],No statistically significant technique difference; nonrandomized selection and variable follow-up.,retain,,direct bypass,Other bypass categories,TRUE,TRUE,,TRUE,FALSE,FALSE,TRUE,Clinical events/safety,Pediatric mixed MMD/MMS,Pediatric direct/combined vs indirect,Late ischemic stroke,Late/long-term,Patient-year,Rate,FALSE,FALSE,NOT_REQUIRED,,,,,,direct bypass,Other bypass categories,,,,,,,,,,,,Direction not prespecified,Not orientable,NR,NR,FALSE
E0083,R047,MOY-0169,Tier 1 — Core formal synthesis,Pediatric revascularization,Ischemic/stroke events,Surgical outcomes for pediatric moyamoya: a systematic review and meta-analysis,Pediatric MMD,direct/combined bypass,Other bypass categories,Stroke rate after direct/combined bypass,mean 71.4 months,patient-year,"Studies: 29; patients: 2,258",event rate,1 per 108.9 patient-years,NR,NR,NR,Intermediate descriptive rate,[MESCLADO 3 p. 78],No statistically significant technique difference; nonrandomized selection and variable follow-up.,Critically low,Unclear,Core clinical-surgical evidence table,Previously curated in consolidated extraction; denominator audit retained,"Do not pool across age, MMD/MMS, presentation, early/late horizon or patient/hemisphere/procedure units unless explicitly harmonized.",MOY-0169,Tier 1 — Core formal synthesis,Surgical outcomes for pediatric moyamoya: a systematic review and meta-analysis,Yes,Critically low,Unclear,,,,FALSE,FALSE,FALSE,,PED_MIX,C05,O02,T3,U05,EM_RATE,DESCRIPTIVE_WITH_COMPARATOR,0,not_orientable,-1,PED_MIX|C05|O02|T3|U05,PED_MIX|C05|O02|T3|U05|EM_RATE,High,FALSE,FALSE,review_profile,review_profile,keyword,long_term,exact,rate,,,,FALSE,FALSE,FALSE,,,,TRUE,TRUE,FALSE,PED_MIX|C05|O02|T3|U05,PED_MIX|C05|O02|T3|U05|EM_RATE,Curated extraction — eligible after final denominator check,No,,Pooled descriptive comparison,"t bypass alone. The frequencies of future stroke events in patients undergoing direct bypass alone, combined bypass, or indirect bypass alone were 1 per 190.3 patient-years, 1 per 108.9 patient-years, and 1 per 61.1 patient-years, respectively, in each cohort. The estimated stroke rates were 9.0% with indirect revascularization, 4.5% with direct revascularization alone, and 6.0% with combined revascularization. A forest plot did not reveal any significant differences in the incidence of future stroke events or angiographic outcomes following direct-only, combined, or indirect-only revascularization. CONCLUSIONS Direct, indirect, and combined indirect/direct bypass techniq",No,Previously curated in consolidated extraction; denominator audit retained,Yes,Previously curated in consolidated extraction; denominator audit retained,Pooled descriptive comparison,Yes,"t bypass alone. The frequencies of future stroke events in patients undergoing direct bypass alone, combined bypass, or indirect bypass alone were 1 per 190.3 patient-years, 1 per 108.9 patient-years, and 1 per 61.1 patient-years, respectively, in each cohort. The estimated stroke rates were 9.0% with indirect revascularization, 4.5% with direct revascularization alone, and 6.0% with combined revascularization. A forest plot did not reveal any significant differences in the incidence of future stroke events or angiographic outcomes following direct-only, combined, or indirect-only revascularization. CONCLUSIONS Direct, indirect, and combined indirect/direct bypass techniq",Curated extraction — eligible after final denominator check,,"Studies: 29; patients: 2,258",[MESCLADO 3 p. 78],No statistically significant technique difference; nonrandomized selection and variable follow-up.,retain,,direct/combined bypass,Other bypass categories,TRUE,TRUE,,TRUE,FALSE,FALSE,TRUE,Clinical events/safety,Pediatric mixed MMD/MMS,Pediatric direct/combined vs indirect,Late ischemic stroke,Late/long-term,Patient-year,Rate,FALSE,FALSE,NOT_REQUIRED,,,,,,direct/combined bypass,Other bypass categories,,,,,,,,,,,,Direction not prespecified,Not orientable,NR,NR,FALSE
E0084,R047,MOY-0169,Tier 1 — Core formal synthesis,Pediatric revascularization,Ischemic/stroke events,Surgical outcomes for pediatric moyamoya: a systematic review and meta-analysis,Pediatric MMD,indirect bypass,Other bypass categories,Stroke rate after indirect bypass,mean 71.4 months,patient-year,"Studies: 29; patients: 2,258",event rate,1 per 61.1 patient-years,NR,NR,NR,Highest descriptive rate,[MESCLADO 3 p. 78],No statistically significant technique difference; nonrandomized selection and variable follow-up.,Critically low,Unclear,Core clinical-surgical evidence table,Previously curated in consolidated extraction; denominator audit retained,"Do not pool across age, MMD/MMS, presentation, early/late horizon or patient/hemisphere/procedure units unless explicitly harmonized.",MOY-0169,Tier 1 — Core formal synthesis,Surgical outcomes for pediatric moyamoya: a systematic review and meta-analysis,Yes,Critically low,Unclear,,,,FALSE,FALSE,FALSE,,PED_MIX,C05,O02,T3,U05,EM_RATE,DESCRIPTIVE_WITH_COMPARATOR,0,not_orientable,-1,PED_MIX|C05|O02|T3|U05,PED_MIX|C05|O02|T3|U05|EM_RATE,High,FALSE,FALSE,review_profile,review_profile,keyword,long_term,exact,rate,,,,FALSE,FALSE,FALSE,,,,TRUE,TRUE,FALSE,PED_MIX|C05|O02|T3|U05,PED_MIX|C05|O02|T3|U05|EM_RATE,Curated extraction — eligible after final denominator check,No,,Pooled descriptive comparison,"of future stroke events in patients undergoing direct bypass alone, combined bypass, or indirect bypass alone were 1 per 190.3 patient-years, 1 per 108.9 patient-years, and 1 per 61.1 patient-years, respectively, in each cohort. The estimated stroke rates were 9.0% with indirect revascularization, 4.5% with direct revascularization alone, and 6.0% with combined revascularization. A forest plot did not reveal any significant differences in the incidence of future stroke events or angiographic outcomes following direct-only, combined, or indirect-only revascularization. CONCLUSIONS Direct, indirect, and combined indirect/direct bypass techniques are all effective revascula",No,Previously curated in consolidated extraction; denominator audit retained,Yes,Previously curated in consolidated extraction; denominator audit retained,Pooled descriptive comparison,Yes,"of future stroke events in patients undergoing direct bypass alone, combined bypass, or indirect bypass alone were 1 per 190.3 patient-years, 1 per 108.9 patient-years, and 1 per 61.1 patient-years, respectively, in each cohort. The estimated stroke rates were 9.0% with indirect revascularization, 4.5% with direct revascularization alone, and 6.0% with combined revascularization. A forest plot did not reveal any significant differences in the incidence of future stroke events or angiographic outcomes following direct-only, combined, or indirect-only revascularization. CONCLUSIONS Direct, indirect, and combined indirect/direct bypass techniques are all effective revascula",Curated extraction — eligible after final denominator check,,"Studies: 29; patients: 2,258",[MESCLADO 3 p. 78],No statistically significant technique difference; nonrandomized selection and variable follow-up.,retain,,indirect bypass,Other bypass categories,TRUE,TRUE,,TRUE,FALSE,FALSE,TRUE,Clinical events/safety,Pediatric mixed MMD/MMS,Pediatric direct/combined vs indirect,Late ischemic stroke,Late/long-term,Patient-year,Rate,FALSE,FALSE,NOT_REQUIRED,,,,,,indirect bypass,Other bypass categories,,,,,,,,,,,,Direction not prespecified,Not orientable,NR,NR,FALSE
E0085,R047,MOY-0169,Tier 1 — Core formal synthesis,Pediatric revascularization,Ischemic/stroke events,Surgical outcomes for pediatric moyamoya: a systematic review and meta-analysis,Pediatric MMD,"Indirect, direct or combined revascularization and subtécnicas.",Technique groups or pooled single-arm outcomes.,Estimated stroke frequency after direct bypass,follow-up,patient,"Studies: 29; patients: 2,258",pooled proportion,4.5%,NR,NS,NR,No significant technique difference,[MESCLADO 3 p. 78],"Cannot declare a universal best technique across ages, vessel size, MMS etiology and outcomes. Technical vessel limitations and perioperative risk versus delayed collateralization and possible late failure.",Critically low,Unclear,Core clinical-surgical evidence table,Previously curated in consolidated extraction; denominator audit retained,"Do not pool across age, MMD/MMS, presentation, early/late horizon or patient/hemisphere/procedure units unless explicitly harmonized.",MOY-0169,Tier 1 — Core formal synthesis,Surgical outcomes for pediatric moyamoya: a systematic review and meta-analysis,Yes,Critically low,Unclear,,,,FALSE,FALSE,FALSE,,PED_MIX,C05,O02,T4,U01,EM_PROPORTION,DESCRIPTIVE_WITH_COMPARATOR,0,not_orientable,-1,PED_MIX|C05|O02|T4|U01,PED_MIX|C05|O02|T4|U01|EM_PROPORTION,High,FALSE,FALSE,review_profile,review_profile,keyword,mixed_or_unspecified_followup,exact,proportion,,,,FALSE,FALSE,FALSE,,,,TRUE,TRUE,FALSE,PED_MIX|C05|O02|T4|U01,PED_MIX|C05|O02|T4|U01|EM_PROPORTION,Curated extraction — eligible after final denominator check,No,,Pooled descriptive comparison,"r 190.3 patient-years, 1 per 108.9 patient-years, and 1 per 61.1 patient-years, respectively, in each cohort. The estimated stroke rates were 9.0% with indirect revascularization, 4.5% with direct revascularization alone, and 6.0% with combined revascularization. A forest plot did not reveal any significant differences in the incidence of future stroke events or angiographic outcomes following direct-only, combined, or indirect-only revascularization. CONCLUSIONS Direct, indirect, and combined indirect/direct bypass techniques are all effective revascularization op- tions for pediatric moyamoya disease. A relative paucity of granular studies—and inherent surgical selectio",No,Previously curated in consolidated extraction; denominator audit retained,Yes,Previously curated in consolidated extraction; denominator audit retained,Pooled descriptive comparison,Yes,"r 190.3 patient-years, 1 per 108.9 patient-years, and 1 per 61.1 patient-years, respectively, in each cohort. The estimated stroke rates were 9.0% with indirect revascularization, 4.5% with direct revascularization alone, and 6.0% with combined revascularization. A forest plot did not reveal any significant differences in the incidence of future stroke events or angiographic outcomes following direct-only, combined, or indirect-only revascularization. CONCLUSIONS Direct, indirect, and combined indirect/direct bypass techniques are all effective revascularization op- tions for pediatric moyamoya disease. A relative paucity of granular studies—and inherent surgical selectio",Curated extraction — eligible after final denominator check,,"Studies: 29; patients: 2,258",[MESCLADO 3 p. 78],"Cannot declare a universal best technique across ages, vessel size, MMS etiology and outcomes. Technical vessel limitations and perioperative risk versus delayed collateralization and possible late failure.",retain,,"Indirect, direct or combined revascularization and subtécnicas.",Technique groups or pooled single-arm outcomes.,TRUE,TRUE,,TRUE,FALSE,FALSE,TRUE,Clinical events/safety,Pediatric mixed MMD/MMS,Pediatric direct/combined vs indirect,Late ischemic stroke,Mixed/unspecified follow-up,Patient,Proportion,FALSE,FALSE,NOT_REQUIRED,,,,,,"Indirect, direct or combined revascularization and subtécnicas.",Technique groups or pooled single-arm outcomes.,,,,,,,,,,,,Direction not prespecified,Not orientable,NR,NR,FALSE
E0086,R047,MOY-0169,Tier 1 — Core formal synthesis,Pediatric revascularization,Ischemic/stroke events,Surgical outcomes for pediatric moyamoya: a systematic review and meta-analysis,Pediatric MMD,"Indirect, direct or combined revascularization and subtécnicas.",Technique groups or pooled single-arm outcomes.,Estimated stroke frequency after direct/combined bypass,follow-up,patient,"Studies: 29; patients: 2,258",pooled proportion,6.0%,NR,NS,NR,No significant technique difference,[MESCLADO 3 p. 78],"Cannot declare a universal best technique across ages, vessel size, MMS etiology and outcomes. Technical vessel limitations and perioperative risk versus delayed collateralization and possible late failure.",Critically low,Unclear,Core clinical-surgical evidence table,Previously curated in consolidated extraction; denominator audit retained,"Do not pool across age, MMD/MMS, presentation, early/late horizon or patient/hemisphere/procedure units unless explicitly harmonized.",MOY-0169,Tier 1 — Core formal synthesis,Surgical outcomes for pediatric moyamoya: a systematic review and meta-analysis,Yes,Critically low,Unclear,,,,FALSE,FALSE,FALSE,,PED_MIX,C05,O02,T4,U01,EM_PROPORTION,DESCRIPTIVE_WITH_COMPARATOR,0,not_orientable,-1,PED_MIX|C05|O02|T4|U01,PED_MIX|C05|O02|T4|U01|EM_PROPORTION,High,FALSE,FALSE,review_profile,review_profile,keyword,mixed_or_unspecified_followup,exact,proportion,,,,FALSE,FALSE,FALSE,,,,TRUE,TRUE,FALSE,PED_MIX|C05|O02|T4|U01,PED_MIX|C05|O02|T4|U01|EM_PROPORTION,Curated extraction — eligible after final denominator check,No,,Pooled descriptive comparison,"rs, and 1 per 61.1 patient-years, respectively, in each cohort. The estimated stroke rates were 9.0% with indirect revascularization, 4.5% with direct revascularization alone, and 6.0% with combined revascularization. A forest plot did not reveal any significant differences in the incidence of future stroke events or angiographic outcomes following direct-only, combined, or indirect-only revascularization. CONCLUSIONS Direct, indirect, and combined indirect/direct bypass techniques are all effective revascularization op- tions for pediatric moyamoya disease. A relative paucity of granular studies—and inherent surgical selection bias—limits direct comparison between interv",No,Previously curated in consolidated extraction; denominator audit retained,Yes,Previously curated in consolidated extraction; denominator audit retained,Pooled descriptive comparison,Yes,"rs, and 1 per 61.1 patient-years, respectively, in each cohort. The estimated stroke rates were 9.0% with indirect revascularization, 4.5% with direct revascularization alone, and 6.0% with combined revascularization. A forest plot did not reveal any significant differences in the incidence of future stroke events or angiographic outcomes following direct-only, combined, or indirect-only revascularization. CONCLUSIONS Direct, indirect, and combined indirect/direct bypass techniques are all effective revascularization op- tions for pediatric moyamoya disease. A relative paucity of granular studies—and inherent surgical selection bias—limits direct comparison between interv",Curated extraction — eligible after final denominator check,,"Studies: 29; patients: 2,258",[MESCLADO 3 p. 78],"Cannot declare a universal best technique across ages, vessel size, MMS etiology and outcomes. Technical vessel limitations and perioperative risk versus delayed collateralization and possible late failure.",retain,,"Indirect, direct or combined revascularization and subtécnicas.",Technique groups or pooled single-arm outcomes.,TRUE,TRUE,,TRUE,FALSE,FALSE,TRUE,Clinical events/safety,Pediatric mixed MMD/MMS,Pediatric direct/combined vs indirect,Late ischemic stroke,Mixed/unspecified follow-up,Patient,Proportion,FALSE,FALSE,NOT_REQUIRED,,,,,,"Indirect, direct or combined revascularization and subtécnicas.",Technique groups or pooled single-arm outcomes.,,,,,,,,,,,,Direction not prespecified,Not orientable,NR,NR,FALSE
E0087,R047,MOY-0169,Tier 1 — Core formal synthesis,Pediatric revascularization,Ischemic/stroke events,Surgical outcomes for pediatric moyamoya: a systematic review and meta-analysis,Pediatric MMD,"Indirect, direct or combined revascularization and subtécnicas.",Technique groups or pooled single-arm outcomes.,Estimated stroke frequency after indirect bypass,follow-up,patient,"Studies: 29; patients: 2,258",pooled proportion,9.0%,NR,NS,NR,No significant technique difference,[MESCLADO 3 p. 78],"Cannot declare a universal best technique across ages, vessel size, MMS etiology and outcomes. Technical vessel limitations and perioperative risk versus delayed collateralization and possible late failure.",Critically low,Unclear,Core clinical-surgical evidence table,Previously curated in consolidated extraction; denominator audit retained,"Do not pool across age, MMD/MMS, presentation, early/late horizon or patient/hemisphere/procedure units unless explicitly harmonized.",MOY-0169,Tier 1 — Core formal synthesis,Surgical outcomes for pediatric moyamoya: a systematic review and meta-analysis,Yes,Critically low,Unclear,,,,FALSE,FALSE,FALSE,,PED_MIX,C05,O02,T4,U01,EM_PROPORTION,DESCRIPTIVE_WITH_COMPARATOR,0,not_orientable,-1,PED_MIX|C05|O02|T4|U01,PED_MIX|C05|O02|T4|U01|EM_PROPORTION,High,FALSE,FALSE,review_profile,review_profile,keyword,mixed_or_unspecified_followup,exact,proportion,,,,FALSE,FALSE,FALSE,,,,TRUE,TRUE,FALSE,PED_MIX|C05|O02|T4|U01,PED_MIX|C05|O02|T4|U01|EM_PROPORTION,Curated extraction — eligible after final denominator check,No,,Pooled descriptive comparison,"ss, or indirect bypass alone were 1 per 190.3 patient-years, 1 per 108.9 patient-years, and 1 per 61.1 patient-years, respectively, in each cohort. The estimated stroke rates were 9.0% with indirect revascularization, 4.5% with direct revascularization alone, and 6.0% with combined revascularization. A forest plot did not reveal any significant differences in the incidence of future stroke events or angiographic outcomes following direct-only, combined, or indirect-only revascularization. CONCLUSIONS Direct, indirect, and combined indirect/direct bypass techniques are all effective revascularization op- tions for pediatric moyamoya disease. A relative paucity of granular",No,Previously curated in consolidated extraction; denominator audit retained,Yes,Previously curated in consolidated extraction; denominator audit retained,Pooled descriptive comparison,Yes,"ss, or indirect bypass alone were 1 per 190.3 patient-years, 1 per 108.9 patient-years, and 1 per 61.1 patient-years, respectively, in each cohort. The estimated stroke rates were 9.0% with indirect revascularization, 4.5% with direct revascularization alone, and 6.0% with combined revascularization. A forest plot did not reveal any significant differences in the incidence of future stroke events or angiographic outcomes following direct-only, combined, or indirect-only revascularization. CONCLUSIONS Direct, indirect, and combined indirect/direct bypass techniques are all effective revascularization op- tions for pediatric moyamoya disease. A relative paucity of granular",Curated extraction — eligible after final denominator check,,"Studies: 29; patients: 2,258",[MESCLADO 3 p. 78],"Cannot declare a universal best technique across ages, vessel size, MMS etiology and outcomes. Technical vessel limitations and perioperative risk versus delayed collateralization and possible late failure.",retain,,"Indirect, direct or combined revascularization and subtécnicas.",Technique groups or pooled single-arm outcomes.,TRUE,TRUE,,TRUE,FALSE,FALSE,TRUE,Clinical events/safety,Pediatric mixed MMD/MMS,Pediatric direct/combined vs indirect,Late ischemic stroke,Mixed/unspecified follow-up,Patient,Proportion,FALSE,FALSE,NOT_REQUIRED,,,,,,"Indirect, direct or combined revascularization and subtécnicas.",Technique groups or pooled single-arm outcomes.,,,,,,,,,,,,Direction not prespecified,Not orientable,NR,NR,FALSE
E0088,R052,MOY-0086,Tier 1 — Core formal synthesis,Technique-specific/failure,Angiographic/technical success,Failures in Revascularization for Pediatric Moyamoya Disease and Syndrome: A Scoping Review,Pediatric MMD/MMS after revascularization,Revascularization,NA,Matsushima grade A,angiographic follow-up,hemisphere,Studies: 15; patients: NR,proportion,442/900 (49.1%),NR,NR,NR,Angiographic distribution,[MESCLADO 3 p. 134],"Cannot declare a universal best technique across ages, vessel size, MMS etiology and outcomes. Technical vessel limitations and perioperative risk versus delayed collateralization and possible late failure.",Critically low,High,Core clinical-surgical evidence table,Previously curated in consolidated extraction; denominator audit retained,"Do not pool across age, MMD/MMS, presentation, early/late horizon or patient/hemisphere/procedure units unless explicitly harmonized.",MOY-0086,Tier 1 — Core formal synthesis,Failures in Revascularization for Pediatric Moyamoya Disease and Syndrome: A Scoping Review,Yes,Critically low,High,,,,FALSE,FALSE,FALSE,,PED_MIX,C00,O10,T4,U02,EM_PROPORTION,SURROGATE_DESCRIPTIVE,0,not_orientable,1,PED_MIX|C00|O10|T4|U02,PED_MIX|C00|O10|T4|U02|EM_PROPORTION,High,FALSE,FALSE,review_profile,review_profile,keyword,mixed_or_unspecified_followup,exact,proportion,C00 and O99 are operational noninferential codes and do not create new SAP comparisons/outcomes.,,,FALSE,FALSE,FALSE,,,,FALSE,TRUE,FALSE,PED_MIX|C00|O10|T4|U02,PED_MIX|C00|O10|T4|U02|EM_PROPORTION,Curated extraction — eligible after final denominator check,No,,Scoping review pooled counts,"re reviewed in full, and relevant data were extracted. - RESULTS: Of 2450 resultant articles, 15 were included. Angiographic out- comes were reported for 900 hemispheres, of which 442 (49.1%) were denoted as Matsushima grade A, 299 (33.2%) as Matsushima grade B, and 159 (17.7%) as Matsushima grade C. Patients with MMS had poorer angiographic outcomes than did patients with MMD. Patients with poor neovascularization had a greater degree of moyamoya vessels on follow-up angiogram. Suzuki stage was not associated with angiographic outcome in individual patients. Angiographic outcomes differed by surgical approach and were not associated with clinical outcomes. Literature ide",No,Previously curated in consolidated extraction; denominator audit retained,Yes,Previously curated in consolidated extraction; denominator audit retained,Scoping review pooled counts,Yes,"re reviewed in full, and relevant data were extracted. - RESULTS: Of 2450 resultant articles, 15 were included. Angiographic out- comes were reported for 900 hemispheres, of which 442 (49.1%) were denoted as Matsushima grade A, 299 (33.2%) as Matsushima grade B, and 159 (17.7%) as Matsushima grade C. Patients with MMS had poorer angiographic outcomes than did patients with MMD. Patients with poor neovascularization had a greater degree of moyamoya vessels on follow-up angiogram. Suzuki stage was not associated with angiographic outcome in individual patients. Angiographic outcomes differed by surgical approach and were not associated with clinical outcomes. Literature ide",Curated extraction — eligible after final denominator check,,Studies: 15; patients: NR,[MESCLADO 3 p. 134],"Cannot declare a universal best technique across ages, vessel size, MMS etiology and outcomes. Technical vessel limitations and perioperative risk versus delayed collateralization and possible late failure.",retain,,Revascularization,NA,TRUE,TRUE,,TRUE,FALSE,FALSE,TRUE,Angiographic,Pediatric mixed MMD/MMS,No formal comparison,Matsushima/collateralization,Mixed/unspecified follow-up,Hemisphere,Proportion,FALSE,FALSE,NOT_REQUIRED,,,,,,Revascularization,NA,,,,,,,,,,,,Direction not prespecified,Not orientable,NR,NR,FALSE
E0089,R052,MOY-0086,Tier 1 — Core formal synthesis,Technique-specific/failure,Angiographic/technical success,Failures in Revascularization for Pediatric Moyamoya Disease and Syndrome: A Scoping Review,Pediatric MMD/MMS after revascularization,Revascularization,NA,Matsushima grade B,angiographic follow-up,hemisphere,Studies: 15; patients: NR,proportion,299/900 (33.2%),NR,NR,NR,Angiographic distribution,[MESCLADO 3 p. 134],"Cannot declare a universal best technique across ages, vessel size, MMS etiology and outcomes. Technical vessel limitations and perioperative risk versus delayed collateralization and possible late failure.",Critically low,High,Core clinical-surgical evidence table,Previously curated in consolidated extraction; denominator audit retained,"Do not pool across age, MMD/MMS, presentation, early/late horizon or patient/hemisphere/procedure units unless explicitly harmonized.",MOY-0086,Tier 1 — Core formal synthesis,Failures in Revascularization for Pediatric Moyamoya Disease and Syndrome: A Scoping Review,Yes,Critically low,High,,,,FALSE,FALSE,FALSE,,PED_MIX,C00,O10,T4,U02,EM_PROPORTION,SURROGATE_DESCRIPTIVE,0,not_orientable,1,PED_MIX|C00|O10|T4|U02,PED_MIX|C00|O10|T4|U02|EM_PROPORTION,High,FALSE,FALSE,review_profile,review_profile,keyword,mixed_or_unspecified_followup,exact,proportion,C00 and O99 are operational noninferential codes and do not create new SAP comparisons/outcomes.,,,FALSE,FALSE,FALSE,,,,FALSE,TRUE,FALSE,PED_MIX|C00|O10|T4|U02,PED_MIX|C00|O10|T4|U02|EM_PROPORTION,Curated extraction — eligible after final denominator check,No,,Scoping review pooled counts,"acted. - RESULTS: Of 2450 resultant articles, 15 were included. Angiographic out- comes were reported for 900 hemispheres, of which 442 (49.1%) were denoted as Matsushima grade A, 299 (33.2%) as Matsushima grade B, and 159 (17.7%) as Matsushima grade C. Patients with MMS had poorer angiographic outcomes than did patients with MMD. Patients with poor neovascularization had a greater degree of moyamoya vessels on follow-up angiogram. Suzuki stage was not associated with angiographic outcome in individual patients. Angiographic outcomes differed by surgical approach and were not associated with clinical outcomes. Literature identifying factors was sparse. - CONCLUSIONS: The",No,Previously curated in consolidated extraction; denominator audit retained,Yes,Previously curated in consolidated extraction; denominator audit retained,Scoping review pooled counts,Yes,"acted. - RESULTS: Of 2450 resultant articles, 15 were included. Angiographic out- comes were reported for 900 hemispheres, of which 442 (49.1%) were denoted as Matsushima grade A, 299 (33.2%) as Matsushima grade B, and 159 (17.7%) as Matsushima grade C. Patients with MMS had poorer angiographic outcomes than did patients with MMD. Patients with poor neovascularization had a greater degree of moyamoya vessels on follow-up angiogram. Suzuki stage was not associated with angiographic outcome in individual patients. Angiographic outcomes differed by surgical approach and were not associated with clinical outcomes. Literature identifying factors was sparse. - CONCLUSIONS: The",Curated extraction — eligible after final denominator check,,Studies: 15; patients: NR,[MESCLADO 3 p. 134],"Cannot declare a universal best technique across ages, vessel size, MMS etiology and outcomes. Technical vessel limitations and perioperative risk versus delayed collateralization and possible late failure.",retain,,Revascularization,NA,TRUE,TRUE,,TRUE,FALSE,FALSE,TRUE,Angiographic,Pediatric mixed MMD/MMS,No formal comparison,Matsushima/collateralization,Mixed/unspecified follow-up,Hemisphere,Proportion,FALSE,FALSE,NOT_REQUIRED,,,,,,Revascularization,NA,,,,,,,,,,,,Direction not prespecified,Not orientable,NR,NR,FALSE
E0090,R052,MOY-0086,Tier 1 — Core formal synthesis,Technique-specific/failure,Angiographic/technical success,Failures in Revascularization for Pediatric Moyamoya Disease and Syndrome: A Scoping Review,Pediatric MMD/MMS after revascularization,Revascularization,NA,Matsushima grade C,angiographic follow-up,hemisphere,Studies: 15; patients: NR,proportion,159/900 (17.7%),NR,NR,NR,Angiographic distribution,[MESCLADO 3 p. 134],"Cannot declare a universal best technique across ages, vessel size, MMS etiology and outcomes. Technical vessel limitations and perioperative risk versus delayed collateralization and possible late failure.",Critically low,High,Core clinical-surgical evidence table,Previously curated in consolidated extraction; denominator audit retained,"Do not pool across age, MMD/MMS, presentation, early/late horizon or patient/hemisphere/procedure units unless explicitly harmonized.",MOY-0086,Tier 1 — Core formal synthesis,Failures in Revascularization for Pediatric Moyamoya Disease and Syndrome: A Scoping Review,Yes,Critically low,High,,,,FALSE,FALSE,FALSE,,PED_MIX,C00,O10,T4,U02,EM_PROPORTION,SURROGATE_DESCRIPTIVE,0,not_orientable,1,PED_MIX|C00|O10|T4|U02,PED_MIX|C00|O10|T4|U02|EM_PROPORTION,High,FALSE,FALSE,review_profile,review_profile,keyword,mixed_or_unspecified_followup,exact,proportion,C00 and O99 are operational noninferential codes and do not create new SAP comparisons/outcomes.,,,FALSE,FALSE,FALSE,,,,FALSE,TRUE,FALSE,PED_MIX|C00|O10|T4|U02,PED_MIX|C00|O10|T4|U02|EM_PROPORTION,Curated extraction — eligible after final denominator check,No,,Scoping review pooled counts,"icles, 15 were included. Angiographic out- comes were reported for 900 hemispheres, of which 442 (49.1%) were denoted as Matsushima grade A, 299 (33.2%) as Matsushima grade B, and 159 (17.7%) as Matsushima grade C. Patients with MMS had poorer angiographic outcomes than did patients with MMD. Patients with poor neovascularization had a greater degree of moyamoya vessels on follow-up angiogram. Suzuki stage was not associated with angiographic outcome in individual patients. Angiographic outcomes differed by surgical approach and were not associated with clinical outcomes. Literature identifying factors was sparse. - CONCLUSIONS: The existing literature indicates that fact",No,Previously curated in consolidated extraction; denominator audit retained,Yes,Previously curated in consolidated extraction; denominator audit retained,Scoping review pooled counts,Yes,"icles, 15 were included. Angiographic out- comes were reported for 900 hemispheres, of which 442 (49.1%) were denoted as Matsushima grade A, 299 (33.2%) as Matsushima grade B, and 159 (17.7%) as Matsushima grade C. Patients with MMS had poorer angiographic outcomes than did patients with MMD. Patients with poor neovascularization had a greater degree of moyamoya vessels on follow-up angiogram. Suzuki stage was not associated with angiographic outcome in individual patients. Angiographic outcomes differed by surgical approach and were not associated with clinical outcomes. Literature identifying factors was sparse. - CONCLUSIONS: The existing literature indicates that fact",Curated extraction — eligible after final denominator check,,Studies: 15; patients: NR,[MESCLADO 3 p. 134],"Cannot declare a universal best technique across ages, vessel size, MMS etiology and outcomes. Technical vessel limitations and perioperative risk versus delayed collateralization and possible late failure.",retain,,Revascularization,NA,TRUE,TRUE,,TRUE,FALSE,FALSE,TRUE,Angiographic,Pediatric mixed MMD/MMS,No formal comparison,Matsushima/collateralization,Mixed/unspecified follow-up,Hemisphere,Proportion,FALSE,FALSE,NOT_REQUIRED,,,,,,Revascularization,NA,,,,,,,,,,,,Direction not prespecified,Not orientable,NR,NR,FALSE
E0091,R052,MOY-0086,Tier 1 — Core formal synthesis,Technique-specific/failure,Angiographic/technical success,Failures in Revascularization for Pediatric Moyamoya Disease and Syndrome: A Scoping Review,Pediatric MMD/MMS,Revascularization,Angiographic grades,Association between angiographic grade and clinical outcome,follow-up,hemisphere/patient,Studies: 15; patients: NR,narrative association,No association identified,NR,NR,NR,Angiography did not reliably predict clinical outcome,[MESCLADO 3 p. 134],Directly supports not using angiographic grade as an automatic surrogate for stroke/function.,Critically low,High,Core clinical-surgical evidence table,Previously curated in consolidated extraction; denominator audit retained,"Do not pool across age, MMD/MMS, presentation, early/late horizon or patient/hemisphere/procedure units unless explicitly harmonized.",MOY-0086,Tier 1 — Core formal synthesis,Failures in Revascularization for Pediatric Moyamoya Disease and Syndrome: A Scoping Review,Yes,Critically low,High,,,,FALSE,FALSE,FALSE,,PED_MIX,C00,O99,T4,U07,EM_DESCRIPTIVE,DESCRIPTIVE,0,not_orientable,0,PED_MIX|C00|O99|T4|U07,PED_MIX|C00|O99|T4|U07|EM_DESCRIPTIVE,Low,TRUE,FALSE,review_profile,review_profile,other_or_composite,mixed_or_unspecified_followup,mixed_or_unclear,descriptive,C00 and O99 are operational noninferential codes and do not create new SAP comparisons/outcomes.,,,FALSE,FALSE,FALSE,,,,FALSE,FALSE,FALSE,PED_MIX|C00|O99|T4|U07,PED_MIX|C00|O99|T4|U07|EM_DESCRIPTIVE,Curated extraction — eligible after final denominator check,No,,Scoping synthesis,"n adults and as ischemia in >75% of children.1-4 MMD is the most common pediatric ce- rebrovascular disease requiring surgical management in East Asia, namely in Japan and Korea.5 Clinical outcomes of revascularization surgery are favorable, because approximately 87% of children experience complete disappearance or reduction of symptomatic cerebral ischemia after revascularization surgery, with no difference between indirect and direct/combined approaches.6 Studies have delineated common complications of revascularization surgery such as stroke in 4.4% of patients and reversible cerebral ischemic events in 6.1%.6 However, reasons for failure of revascularization surgery a",No,Previously curated in consolidated extraction; denominator audit retained,Yes,Previously curated in consolidated extraction; denominator audit retained,Scoping synthesis,Yes,"n adults and as ischemia in >75% of children.1-4 MMD is the most common pediatric ce- rebrovascular disease requiring surgical management in East Asia, namely in Japan and Korea.5 Clinical outcomes of revascularization surgery are favorable, because approximately 87% of children experience complete disappearance or reduction of symptomatic cerebral ischemia after revascularization surgery, with no difference between indirect and direct/combined approaches.6 Studies have delineated common complications of revascularization surgery such as stroke in 4.4% of patients and reversible cerebral ischemic events in 6.1%.6 However, reasons for failure of revascularization surgery a",Curated extraction — eligible after final denominator check,,Studies: 15; patients: NR,[MESCLADO 3 p. 134],Directly supports not using angiographic grade as an automatic surrogate for stroke/function.,retain,,Revascularization,Angiographic grades,TRUE,TRUE,,TRUE,FALSE,FALSE,TRUE,Other/composite,Pediatric mixed MMD/MMS,No formal comparison,Other/composite,Mixed/unspecified follow-up,Mixed/unclear,Descriptive,TRUE,FALSE,NOT_REQUIRED_AFTER_INITIAL_HARMONIZATION,,,,,,Revascularization,Angiographic grades,,,,,,,,,,,,Direction not prespecified,Not orientable,NR,NR,FALSE
E0092,R054,MOY-0034,Tier 1 — Core formal synthesis,Medical/perioperative adjunct,Angiographic/technical success,Benefits and risks of antiplatelet therapy after bypass surgery for moyamoya disease: A meta-analysis,MMD after bypass surgery,Postoperative antiplatelet therapy,No postoperative antiplatelet therapy,Bypass patency,postoperative follow-up,patient/bypass,Studies: 5; patients: 903 (480 APT; 423 no APT),OR,2.58,1.51–4.43,0.0006,NR,Favours postoperative antiplatelet therapy,[MESCLADO 3 p. 155],Observational treatment selection; patency is a surrogate and should not be equated with stroke prevention.,Low,High,Core clinical-surgical evidence table,Previously curated in consolidated extraction; denominator audit retained,"Do not pool across age, MMD/MMS, presentation, early/late horizon or patient/hemisphere/procedure units unless explicitly harmonized.",MOY-0034,Tier 1 — Core formal synthesis,Benefits and risks of antiplatelet therapy after bypass surgery for moyamoya disease: A meta-analysis,Yes,Low,High,2.58,1.51,4.43,TRUE,TRUE,FALSE,TRUE,MIXED_UNSEP,C09,O11,T4,U07,EM_OR,COMPARATIVE,1,canonical,1,MIXED_UNSEP|C09|O11|T4|U07,MIXED_UNSEP|C09|O11|T4|U07|EM_OR,Moderate,TRUE,FALSE,review_profile,review_profile,keyword,mixed_or_unspecified_followup,mixed_or_unclear,exact,,1.51,4.43,TRUE,FALSE,TRUE,0.9477893989335261,0.9477893989335261,0.9477893989335261,TRUE,TRUE,TRUE,MIXED_UNSEP|C09|O11|T4|U07,MIXED_UNSEP|C09|O11|T4|U07|EM_OR,Curated extraction — eligible after final denominator check,No,,Meta-analysis,"ents who underwent APT post-surgery and 423 patients who did not receive APT. Statistical analysis revealed that APT significantly increased bypass vessel patency (Odds Ratio [OR] 2.58; 95 % Confidence Interval [CI] 1.51–4.43; P = 0.0006), decreased the likelihood of transient cerebral ischemic events (OR 0.55; 95 % CI 0.32–0.95; P = 0.03), and enhanced patient functional outcomes (OR 1.88; 95 % CI 1.29–2.74; P = 0.001). However, no substantial differences were observed in postoperative stroke risk (OR 0.89; 95 % CI 0.49–1.63; P = 0.72), seizures (OR 1.43; 95 % CI 0.61–3.37; P = 0.41), or cerebral hemorrhage (OR 0.69; 95 % CI 0.28–1.71; P = 0.42) between the two groups. C",No,Previously curated in consolidated extraction; denominator audit retained,Yes,Previously curated in consolidated extraction; denominator audit retained,Meta-analysis,Yes,"ents who underwent APT post-surgery and 423 patients who did not receive APT. Statistical analysis revealed that APT significantly increased bypass vessel patency (Odds Ratio [OR] 2.58; 95 % Confidence Interval [CI] 1.51–4.43; P = 0.0006), decreased the likelihood of transient cerebral ischemic events (OR 0.55; 95 % CI 0.32–0.95; P = 0.03), and enhanced patient functional outcomes (OR 1.88; 95 % CI 1.29–2.74; P = 0.001). However, no substantial differences were observed in postoperative stroke risk (OR 0.89; 95 % CI 0.49–1.63; P = 0.72), seizures (OR 1.43; 95 % CI 0.61–3.37; P = 0.41), or cerebral hemorrhage (OR 0.69; 95 % CI 0.28–1.71; P = 0.42) between the two groups. C",Curated extraction — eligible after final denominator check,,Studies: 5; patients: 903 (480 APT; 423 no APT),[MESCLADO 3 p. 155],Observational treatment selection; patency is a surrogate and should not be equated with stroke prevention.,exclude_duplicate,E0243,Postoperative antiplatelet therapy,No postoperative antiplatelet therapy,FALSE,FALSE,Duplicate representation of the same review-level result; retain E0243.,TRUE,TRUE,FALSE,FALSE,Technical,Mixed/unseparated,Antiplatelet vs none/alternative,Bypass patency/capacity,Mixed/unspecified follow-up,Mixed/unclear,OR,TRUE,FALSE,NOT_REQUIRED_AFTER_INITIAL_HARMONIZATION,,,2.58,1.51,4.43,Postoperative antiplatelet therapy,No postoperative antiplatelet therapy,2.58,1.51,4.43,0.9477893989335261,0.412109650826833,1.4883995840570443,0.9477893989335261,0.412109650826833,1.4883995840570443,0.412109650826833,1.4883995840570443,Precise benefit,CI excludes null,OR 2.58 (1.51 to 4.43),OR 2.58 (1.51 to 4.43),FALSE
E0093,R054,MOY-0034,Tier 1 — Core formal synthesis,Medical/perioperative adjunct,Ischemic/stroke events,Benefits and risks of antiplatelet therapy after bypass surgery for moyamoya disease: A meta-analysis,MMD after bypass surgery,Postoperative antiplatelet therapy,No postoperative antiplatelet therapy,Transient ischemic attacks,postoperative follow-up,patient/bypass,Studies: 5; patients: 903 (480 APT; 423 no APT),OR,0.55,0.32–0.95,0.03,NR,Favours postoperative antiplatelet therapy,[MESCLADO 3 p. 155],Observational treatment selection; patency is a surrogate and should not be equated with stroke prevention.,Low,High,Core clinical-surgical evidence table,Previously curated in consolidated extraction; denominator audit retained,"Do not pool across age, MMD/MMS, presentation, early/late horizon or patient/hemisphere/procedure units unless explicitly harmonized.",MOY-0034,Tier 1 — Core formal synthesis,Benefits and risks of antiplatelet therapy after bypass surgery for moyamoya disease: A meta-analysis,Yes,Low,High,0.55,0.32,0.95,TRUE,TRUE,FALSE,TRUE,MIXED_UNSEP,C09,O03,T4,U07,EM_OR,COMPARATIVE,1,canonical,-1,MIXED_UNSEP|C09|O03|T4|U07,MIXED_UNSEP|C09|O03|T4|U07|EM_OR,Moderate,TRUE,FALSE,review_profile,review_profile,keyword,mixed_or_unspecified_followup,mixed_or_unclear,exact,,0.32,0.95,TRUE,FALSE,TRUE,-0.5978370007556204,-0.5978370007556204,0.5978370007556204,TRUE,TRUE,TRUE,MIXED_UNSEP|C09|O03|T4|U07,MIXED_UNSEP|C09|O03|T4|U07|EM_OR,Curated extraction — eligible after final denominator check,No,,Meta-analysis,"tly increased bypass vessel patency (Odds Ratio [OR] 2.58; 95 % Confidence Interval [CI] 1.51–4.43; P = 0.0006), decreased the likelihood of transient cerebral ischemic events (OR 0.55; 95 % CI 0.32–0.95; P = 0.03), and enhanced patient functional outcomes (OR 1.88; 95 % CI 1.29–2.74; P = 0.001). However, no substantial differences were observed in postoperative stroke risk (OR 0.89; 95 % CI 0.49–1.63; P = 0.72), seizures (OR 1.43; 95 % CI 0.61–3.37; P = 0.41), or cerebral hemorrhage (OR 0.69; 95 % CI 0.28–1.71; P = 0.42) between the two groups. Conclusions: The current evidence indicates that APT after bypass surgery enhances bypass vessel patency, re duces the risk of t",No,Previously curated in consolidated extraction; denominator audit retained,Yes,Previously curated in consolidated extraction; denominator audit retained,Meta-analysis,Yes,"tly increased bypass vessel patency (Odds Ratio [OR] 2.58; 95 % Confidence Interval [CI] 1.51–4.43; P = 0.0006), decreased the likelihood of transient cerebral ischemic events (OR 0.55; 95 % CI 0.32–0.95; P = 0.03), and enhanced patient functional outcomes (OR 1.88; 95 % CI 1.29–2.74; P = 0.001). However, no substantial differences were observed in postoperative stroke risk (OR 0.89; 95 % CI 0.49–1.63; P = 0.72), seizures (OR 1.43; 95 % CI 0.61–3.37; P = 0.41), or cerebral hemorrhage (OR 0.69; 95 % CI 0.28–1.71; P = 0.42) between the two groups. Conclusions: The current evidence indicates that APT after bypass surgery enhances bypass vessel patency, re duces the risk of t",Curated extraction — eligible after final denominator check,,Studies: 5; patients: 903 (480 APT; 423 no APT),[MESCLADO 3 p. 155],Observational treatment selection; patency is a surrogate and should not be equated with stroke prevention.,retain,,Postoperative antiplatelet therapy,No postoperative antiplatelet therapy,TRUE,TRUE,,TRUE,TRUE,TRUE,TRUE,Clinical events/safety,Mixed/unseparated,Antiplatelet vs none/alternative,TIA,Mixed/unspecified follow-up,Mixed/unclear,OR,FALSE,FALSE,RESOLVED,"Exact manuscript-ready estimate, comparator context, and PDF locator rechecked; residual flags reflected evidence heterogeneity/units/horizon rather than unresolved extraction.",,0.55,0.32,0.95,Postoperative antiplatelet therapy,No postoperative antiplatelet therapy,0.55,0.32,0.95,-0.5978370007556204,-1.1394342831883648,-0.05129329438755058,0.5978370007556204,1.1394342831883648,0.05129329438755058,0.05129329438755058,1.1394342831883648,Precise benefit,CI excludes null,OR 0.55 (0.32 to 0.95),OR 0.55 (0.32 to 0.95),FALSE
E0094,R054,MOY-0034,Tier 1 — Core formal synthesis,Medical/perioperative adjunct,Patient-centered/functional,Benefits and risks of antiplatelet therapy after bypass surgery for moyamoya disease: A meta-analysis,MMD after bypass surgery,Postoperative antiplatelet therapy,No postoperative antiplatelet therapy,Favorable functional outcome,postoperative follow-up,patient/bypass,Studies: 5; patients: 903 (480 APT; 423 no APT),OR,1.88,1.29–2.74,0.001,NR,Favours postoperative antiplatelet therapy,[MESCLADO 3 p. 155],Observational treatment selection; patency is a surrogate and should not be equated with stroke prevention.,Low,High,Core clinical-surgical evidence table,Previously curated in consolidated extraction; denominator audit retained,"Do not pool across age, MMD/MMS, presentation, early/late horizon or patient/hemisphere/procedure units unless explicitly harmonized.",MOY-0034,Tier 1 — Core formal synthesis,Benefits and risks of antiplatelet therapy after bypass surgery for moyamoya disease: A meta-analysis,Yes,Low,High,1.88,1.29,2.74,TRUE,TRUE,FALSE,TRUE,MIXED_UNSEP,C09,O06,T4,U07,EM_OR,COMPARATIVE,1,canonical,1,MIXED_UNSEP|C09|O06|T4|U07,MIXED_UNSEP|C09|O06|T4|U07|EM_OR,Moderate,TRUE,FALSE,review_profile,review_profile,keyword,mixed_or_unspecified_followup,mixed_or_unclear,exact,,1.29,2.74,TRUE,FALSE,TRUE,0.6312717768418578,0.6312717768418578,0.6312717768418578,TRUE,TRUE,TRUE,MIXED_UNSEP|C09|O06|T4|U07,MIXED_UNSEP|C09|O06|T4|U07|EM_OR,Curated extraction — eligible after final denominator check,No,,Meta-analysis,"al [CI] 1.51–4.43; P = 0.0006), decreased the likelihood of transient cerebral ischemic events (OR 0.55; 95 % CI 0.32–0.95; P = 0.03), and enhanced patient functional outcomes (OR 1.88; 95 % CI 1.29–2.74; P = 0.001). However, no substantial differences were observed in postoperative stroke risk (OR 0.89; 95 % CI 0.49–1.63; P = 0.72), seizures (OR 1.43; 95 % CI 0.61–3.37; P = 0.41), or cerebral hemorrhage (OR 0.69; 95 % CI 0.28–1.71; P = 0.42) between the two groups. Conclusions: The current evidence indicates that APT after bypass surgery enhances bypass vessel patency, re duces the risk of transient cerebral ischemic events, and improves functional outcomes in patients.",No,Previously curated in consolidated extraction; denominator audit retained,Yes,Previously curated in consolidated extraction; denominator audit retained,Meta-analysis,Yes,"al [CI] 1.51–4.43; P = 0.0006), decreased the likelihood of transient cerebral ischemic events (OR 0.55; 95 % CI 0.32–0.95; P = 0.03), and enhanced patient functional outcomes (OR 1.88; 95 % CI 1.29–2.74; P = 0.001). However, no substantial differences were observed in postoperative stroke risk (OR 0.89; 95 % CI 0.49–1.63; P = 0.72), seizures (OR 1.43; 95 % CI 0.61–3.37; P = 0.41), or cerebral hemorrhage (OR 0.69; 95 % CI 0.28–1.71; P = 0.42) between the two groups. Conclusions: The current evidence indicates that APT after bypass surgery enhances bypass vessel patency, re duces the risk of transient cerebral ischemic events, and improves functional outcomes in patients.",Curated extraction — eligible after final denominator check,,Studies: 5; patients: 903 (480 APT; 423 no APT),[MESCLADO 3 p. 155],Observational treatment selection; patency is a surrogate and should not be equated with stroke prevention.,retain,,Postoperative antiplatelet therapy,No postoperative antiplatelet therapy,TRUE,TRUE,,TRUE,TRUE,TRUE,TRUE,Functional,Mixed/unseparated,Antiplatelet vs none/alternative,Favorable functional outcome,Mixed/unspecified follow-up,Mixed/unclear,OR,FALSE,FALSE,RESOLVED,"Exact manuscript-ready estimate, comparator context, and PDF locator rechecked; residual flags reflected evidence heterogeneity/units/horizon rather than unresolved extraction.",,1.88,1.29,2.74,Postoperative antiplatelet therapy,No postoperative antiplatelet therapy,1.88,1.29,2.74,0.6312717768418578,0.25464221837358075,1.007957920399979,0.6312717768418578,0.25464221837358075,1.007957920399979,0.25464221837358075,1.007957920399979,Precise benefit,CI excludes null,OR 1.88 (1.29 to 2.74),OR 1.88 (1.29 to 2.74),FALSE
E0095,R054,MOY-0034,Tier 1 — Core formal synthesis,Medical/perioperative adjunct,Ischemic/stroke events,Benefits and risks of antiplatelet therapy after bypass surgery for moyamoya disease: A meta-analysis,MMD after bypass surgery,Postoperative antiplatelet therapy,No postoperative antiplatelet therapy,Postoperative stroke,postoperative follow-up,patient/bypass,Studies: 5; patients: 903 (480 APT; 423 no APT),OR,0.89,0.49–1.63,0.72,NR,No significant difference,[MESCLADO 3 p. 155],Observational treatment selection; patency is a surrogate and should not be equated with stroke prevention.,Low,High,Core clinical-surgical evidence table,Previously curated in consolidated extraction; denominator audit retained,"Do not pool across age, MMD/MMS, presentation, early/late horizon or patient/hemisphere/procedure units unless explicitly harmonized.",MOY-0034,Tier 1 — Core formal synthesis,Benefits and risks of antiplatelet therapy after bypass surgery for moyamoya disease: A meta-analysis,Yes,Low,High,0.89,0.49,1.63,TRUE,TRUE,FALSE,TRUE,MIXED_UNSEP,C09,O01,T4,U07,EM_OR,COMPARATIVE,1,canonical,-1,MIXED_UNSEP|C09|O01|T4|U07,MIXED_UNSEP|C09|O01|T4|U07|EM_OR,Moderate,TRUE,FALSE,review_profile,review_profile,keyword_horizon,mixed_or_unspecified_followup,mixed_or_unclear,exact,,0.49,1.63,TRUE,FALSE,TRUE,-0.11653381625595151,-0.11653381625595151,0.11653381625595151,TRUE,TRUE,TRUE,MIXED_UNSEP|C09|O01|T4|U07,MIXED_UNSEP|C09|O01|T4|U07|EM_OR,Curated extraction — eligible after final denominator check,No,,Meta-analysis,"95; P = 0.03), and enhanced patient functional outcomes (OR 1.88; 95 % CI 1.29–2.74; P = 0.001). However, no substantial differences were observed in postoperative stroke risk (OR 0.89; 95 % CI 0.49–1.63; P = 0.72), seizures (OR 1.43; 95 % CI 0.61–3.37; P = 0.41), or cerebral hemorrhage (OR 0.69; 95 % CI 0.28–1.71; P = 0.42) between the two groups. Conclusions: The current evidence indicates that APT after bypass surgery enhances bypass vessel patency, re duces the risk of transient cerebral ischemic events, and improves functional outcomes in patients. However, it does not decrease the incidence of postoperative stroke and does not elevate the risks of cerebral hemorrhag",No,Previously curated in consolidated extraction; denominator audit retained,Yes,Previously curated in consolidated extraction; denominator audit retained,Meta-analysis,Yes,"95; P = 0.03), and enhanced patient functional outcomes (OR 1.88; 95 % CI 1.29–2.74; P = 0.001). However, no substantial differences were observed in postoperative stroke risk (OR 0.89; 95 % CI 0.49–1.63; P = 0.72), seizures (OR 1.43; 95 % CI 0.61–3.37; P = 0.41), or cerebral hemorrhage (OR 0.69; 95 % CI 0.28–1.71; P = 0.42) between the two groups. Conclusions: The current evidence indicates that APT after bypass surgery enhances bypass vessel patency, re duces the risk of transient cerebral ischemic events, and improves functional outcomes in patients. However, it does not decrease the incidence of postoperative stroke and does not elevate the risks of cerebral hemorrhag",Curated extraction — eligible after final denominator check,,Studies: 5; patients: 903 (480 APT; 423 no APT),[MESCLADO 3 p. 155],Observational treatment selection; patency is a surrogate and should not be equated with stroke prevention.,retain,,Postoperative antiplatelet therapy,No postoperative antiplatelet therapy,TRUE,TRUE,,TRUE,TRUE,TRUE,TRUE,Clinical events/safety,Mixed/unseparated,Antiplatelet vs none/alternative,Early ischemic stroke,Mixed/unspecified follow-up,Mixed/unclear,OR,FALSE,FALSE,RESOLVED,"Exact manuscript-ready estimate, comparator context, and PDF locator rechecked; residual flags reflected evidence heterogeneity/units/horizon rather than unresolved extraction.",,0.89,0.49,1.63,Postoperative antiplatelet therapy,No postoperative antiplatelet therapy,0.89,0.49,1.63,-0.11653381625595151,-0.7133498878774648,0.4885800148186709,0.11653381625595151,0.7133498878774648,-0.4885800148186709,-0.4885800148186709,0.7133498878774648,Imprecise benefit direction,CI includes null,OR 0.89 (0.49 to 1.63),OR 0.89 (0.49 to 1.63),FALSE
E0096,R054,MOY-0034,Tier 1 — Core formal synthesis,Medical/perioperative adjunct,Seizure/epilepsy,Benefits and risks of antiplatelet therapy after bypass surgery for moyamoya disease: A meta-analysis,MMD after bypass surgery,Postoperative antiplatelet therapy,No postoperative antiplatelet therapy,Seizures,postoperative follow-up,patient/bypass,Studies: 5; patients: 903 (480 APT; 423 no APT),OR,1.43,0.61–3.37,NR,NR,No significant difference,[MESCLADO 3 p. 155],Observational treatment selection; patency is a surrogate and should not be equated with stroke prevention.,Low,High,Core clinical-surgical evidence table,Previously curated in consolidated extraction; denominator audit retained,"Do not pool across age, MMD/MMS, presentation, early/late horizon or patient/hemisphere/procedure units unless explicitly harmonized.",MOY-0034,Tier 1 — Core formal synthesis,Benefits and risks of antiplatelet therapy after bypass surgery for moyamoya disease: A meta-analysis,Yes,Low,High,1.43,0.61,3.37,TRUE,TRUE,FALSE,TRUE,MIXED_UNSEP,C09,O09,T4,U07,EM_OR,COMPARATIVE,1,canonical,-1,MIXED_UNSEP|C09|O09|T4|U07,MIXED_UNSEP|C09|O09|T4|U07|EM_OR,Moderate,TRUE,FALSE,review_profile,review_profile,keyword,mixed_or_unspecified_followup,mixed_or_unclear,exact,,0.61,3.37,TRUE,FALSE,TRUE,0.3576744442718159,0.3576744442718159,-0.3576744442718159,TRUE,TRUE,TRUE,MIXED_UNSEP|C09|O09|T4|U07,MIXED_UNSEP|C09|O09|T4|U07|EM_OR,Curated extraction — eligible after final denominator check,No,,Meta-analysis,"tcomes (OR 1.88; 95 % CI 1.29–2.74; P = 0.001). However, no substantial differences were observed in postoperative stroke risk (OR 0.89; 95 % CI 0.49–1.63; P = 0.72), seizures (OR 1.43; 95 % CI 0.61–3.37; P = 0.41), or cerebral hemorrhage (OR 0.69; 95 % CI 0.28–1.71; P = 0.42) between the two groups. Conclusions: The current evidence indicates that APT after bypass surgery enhances bypass vessel patency, re duces the risk of transient cerebral ischemic events, and improves functional outcomes in patients. However, it does not decrease the incidence of postoperative stroke and does not elevate the risks of cerebral hemorrhage and seizures. 1. Introduction Moyamoya disease",No,Previously curated in consolidated extraction; denominator audit retained,Yes,Previously curated in consolidated extraction; denominator audit retained,Meta-analysis,Yes,"tcomes (OR 1.88; 95 % CI 1.29–2.74; P = 0.001). However, no substantial differences were observed in postoperative stroke risk (OR 0.89; 95 % CI 0.49–1.63; P = 0.72), seizures (OR 1.43; 95 % CI 0.61–3.37; P = 0.41), or cerebral hemorrhage (OR 0.69; 95 % CI 0.28–1.71; P = 0.42) between the two groups. Conclusions: The current evidence indicates that APT after bypass surgery enhances bypass vessel patency, re duces the risk of transient cerebral ischemic events, and improves functional outcomes in patients. However, it does not decrease the incidence of postoperative stroke and does not elevate the risks of cerebral hemorrhage and seizures. 1. Introduction Moyamoya disease",Curated extraction — eligible after final denominator check,,Studies: 5; patients: 903 (480 APT; 423 no APT),[MESCLADO 3 p. 155],Observational treatment selection; patency is a surrogate and should not be equated with stroke prevention.,retain,,Postoperative antiplatelet therapy,No postoperative antiplatelet therapy,TRUE,TRUE,,TRUE,TRUE,TRUE,TRUE,Clinical events/safety,Mixed/unseparated,Antiplatelet vs none/alternative,Postoperative seizure,Mixed/unspecified follow-up,Mixed/unclear,OR,FALSE,FALSE,RESOLVED,"Exact manuscript-ready estimate, comparator context, and PDF locator rechecked; residual flags reflected evidence heterogeneity/units/horizon rather than unresolved extraction.",,1.43,0.61,3.37,Postoperative antiplatelet therapy,No postoperative antiplatelet therapy,1.43,0.61,3.37,0.3576744442718159,-0.4942963218147801,1.2149127443642704,-0.3576744442718159,0.4942963218147801,-1.2149127443642704,-1.2149127443642704,0.4942963218147801,Imprecise harm direction,CI includes null,OR 1.43 (0.61 to 3.37),OR 1.43 (0.61 to 3.37),FALSE
E0097,R054,MOY-0034,Tier 1 — Core formal synthesis,Medical/perioperative adjunct,Hemorrhagic events,Benefits and risks of antiplatelet therapy after bypass surgery for moyamoya disease: A meta-analysis,MMD after bypass surgery,Postoperative antiplatelet therapy,No postoperative antiplatelet therapy,Hemorrhage,postoperative follow-up,patient/bypass,Studies: 5; patients: 903 (480 APT; 423 no APT),OR,0.69,0.28–1.71,NR,NR,No significant difference,[MESCLADO 3 p. 155],Observational treatment selection; patency is a surrogate and should not be equated with stroke prevention.,Low,High,Core clinical-surgical evidence table,Previously curated in consolidated extraction; denominator audit retained,"Do not pool across age, MMD/MMS, presentation, early/late horizon or patient/hemisphere/procedure units unless explicitly harmonized.",MOY-0034,Tier 1 — Core formal synthesis,Benefits and risks of antiplatelet therapy after bypass surgery for moyamoya disease: A meta-analysis,Yes,Low,High,0.69,0.28,1.71,TRUE,TRUE,FALSE,TRUE,MIXED_UNSEP,C09,O05,T4,U07,EM_OR,COMPARATIVE,1,canonical,-1,MIXED_UNSEP|C09|O05|T4|U07,MIXED_UNSEP|C09|O05|T4|U07|EM_OR,Moderate,TRUE,FALSE,review_profile,review_profile,keyword,mixed_or_unspecified_followup,mixed_or_unclear,exact,,0.28,1.71,TRUE,FALSE,TRUE,-0.37106368139083207,-0.37106368139083207,0.37106368139083207,TRUE,TRUE,TRUE,MIXED_UNSEP|C09|O05|T4|U07,MIXED_UNSEP|C09|O05|T4|U07|EM_OR,Curated extraction — eligible after final denominator check,No,,Meta-analysis,"stantial differences were observed in postoperative stroke risk (OR 0.89; 95 % CI 0.49–1.63; P = 0.72), seizures (OR 1.43; 95 % CI 0.61–3.37; P = 0.41), or cerebral hemorrhage (OR 0.69; 95 % CI 0.28–1.71; P = 0.42) between the two groups. Conclusions: The current evidence indicates that APT after bypass surgery enhances bypass vessel patency, re duces the risk of transient cerebral ischemic events, and improves functional outcomes in patients. However, it does not decrease the incidence of postoperative stroke and does not elevate the risks of cerebral hemorrhage and seizures. 1. Introduction Moyamoya disease (MMD) is characterized by the progressive oc clusion of bilater",No,Previously curated in consolidated extraction; denominator audit retained,Yes,Previously curated in consolidated extraction; denominator audit retained,Meta-analysis,Yes,"stantial differences were observed in postoperative stroke risk (OR 0.89; 95 % CI 0.49–1.63; P = 0.72), seizures (OR 1.43; 95 % CI 0.61–3.37; P = 0.41), or cerebral hemorrhage (OR 0.69; 95 % CI 0.28–1.71; P = 0.42) between the two groups. Conclusions: The current evidence indicates that APT after bypass surgery enhances bypass vessel patency, re duces the risk of transient cerebral ischemic events, and improves functional outcomes in patients. However, it does not decrease the incidence of postoperative stroke and does not elevate the risks of cerebral hemorrhage and seizures. 1. Introduction Moyamoya disease (MMD) is characterized by the progressive oc clusion of bilater",Curated extraction — eligible after final denominator check,,Studies: 5; patients: 903 (480 APT; 423 no APT),[MESCLADO 3 p. 155],Observational treatment selection; patency is a surrogate and should not be equated with stroke prevention.,retain,,Postoperative antiplatelet therapy,No postoperative antiplatelet therapy,TRUE,TRUE,,TRUE,TRUE,TRUE,TRUE,Clinical events/safety,Mixed/unseparated,Antiplatelet vs none/alternative,Late hemorrhage/rebleeding,Mixed/unspecified follow-up,Mixed/unclear,OR,FALSE,FALSE,RESOLVED,"Exact manuscript-ready estimate, comparator context, and PDF locator rechecked; residual flags reflected evidence heterogeneity/units/horizon rather than unresolved extraction.",,0.69,0.28,1.71,Postoperative antiplatelet therapy,No postoperative antiplatelet therapy,0.69,0.28,1.71,-0.37106368139083207,-1.2729656758128873,0.5364933705145685,0.37106368139083207,1.2729656758128873,-0.5364933705145685,-0.5364933705145685,1.2729656758128873,Imprecise benefit direction,CI includes null,OR 0.69 (0.28 to 1.71),OR 0.69 (0.28 to 1.71),FALSE
E0098,R055,MOY-0032,Tier 2 — Contextual formal synthesis/evidence map,MMS/special etiologic phenotype,Other,Association of moyamoya vasculopathy with autoimmune disease: a systematic review and pooled analysis,Moyamoya vasculopathy associated with autoimmune disease,Combined revascularization,Other revascularization categories,Favorable clinical outcome,follow-up,patient,Studies: 103; patients: 205,pooled proportion,94.1%,NR,<0.05 across groups,NR,Highest descriptive proportion with combined surgery,[MESCLADO 3 p. 165],Uncontrolled case-based evidence with severe confounding by selection and reporting; not proof of technique superiority.,Critically low,High,Contextual formal evidence table,Previously curated in consolidated extraction; denominator audit retained,"Do not pool across age, MMD/MMS, presentation, early/late horizon or patient/hemisphere/procedure units unless explicitly harmonized.",MOY-0032,Tier 2 — Contextual formal synthesis/evidence map,Association of moyamoya vasculopathy with autoimmune disease: a systematic review and pooled analysis,Yes,Critically low,High,,,,FALSE,FALSE,FALSE,,MMS_OTHER,C00,O06,T4,U01,EM_PROPORTION,DESCRIPTIVE,0,not_orientable,1,MMS_OTHER|C00|O06|T4|U01,MMS_OTHER|C00|O06|T4|U01|EM_PROPORTION,High,FALSE,FALSE,review_profile,review_profile,keyword,mixed_or_unspecified_followup,exact,proportion,C00 and O99 are operational noninferential codes and do not create new SAP comparisons/outcomes.,,,FALSE,FALSE,FALSE,,,,FALSE,TRUE,FALSE,MMS_OTHER|C00|O06|T4|U01,MMS_OTHER|C00|O06|T4|U01|EM_PROPORTION,Curated extraction — eligible after final denominator check,No,,Pooled patient-level analysis,"able logistic regression showed that surgery plus medical therapy was more likely than medical therapy alone to result in a favorable outcome. On subanalysis of operated patients, 94.1% of patients who underwent combined direct and indirect bypass reported favorable outcomes, relative to 76.2% of patients who underwent indirect bypass and 82% who underwent direct bypass (p < 0.05). On univariable analysis, the presence of multiple AI disorders was associated with worse outcomes relative to having a single AI disorder. Autoimmune diseases have been uncommonly reported in patients with MMD, but the presence of multiple AI comorbidi- ties portends poorer prognosis. The addit",No,Previously curated in consolidated extraction; denominator audit retained,Yes,Previously curated in consolidated extraction; denominator audit retained,Pooled patient-level analysis,Yes,"able logistic regression showed that surgery plus medical therapy was more likely than medical therapy alone to result in a favorable outcome. On subanalysis of operated patients, 94.1% of patients who underwent combined direct and indirect bypass reported favorable outcomes, relative to 76.2% of patients who underwent indirect bypass and 82% who underwent direct bypass (p < 0.05). On univariable analysis, the presence of multiple AI disorders was associated with worse outcomes relative to having a single AI disorder. Autoimmune diseases have been uncommonly reported in patients with MMD, but the presence of multiple AI comorbidi- ties portends poorer prognosis. The addit",Curated extraction — eligible after final denominator check,,Studies: 103; patients: 205,[MESCLADO 3 p. 165],Uncontrolled case-based evidence with severe confounding by selection and reporting; not proof of technique superiority.,retain,,Combined revascularization,Other revascularization categories,TRUE,TRUE,,TRUE,FALSE,FALSE,TRUE,Functional,Other MMS,No formal comparison,Favorable functional outcome,Mixed/unspecified follow-up,Patient,Proportion,FALSE,FALSE,NOT_REQUIRED,,,,,,Combined revascularization,Other revascularization categories,,,,,,,,,,,,Direction not prespecified,Not orientable,NR,NR,FALSE
E0099,R055,MOY-0032,Tier 2 — Contextual formal synthesis/evidence map,MMS/special etiologic phenotype,Other,Association of moyamoya vasculopathy with autoimmune disease: a systematic review and pooled analysis,Moyamoya vasculopathy associated with autoimmune disease,Indirect revascularization,Other revascularization categories,Favorable clinical outcome,follow-up,patient,Studies: 103; patients: 205,pooled proportion,76.2%,NR,<0.05 across groups,NR,Highest descriptive proportion with combined surgery,[MESCLADO 3 p. 165],Uncontrolled case-based evidence with severe confounding by selection and reporting; not proof of technique superiority.,Critically low,High,Contextual formal evidence table,Previously curated in consolidated extraction; denominator audit retained,"Do not pool across age, MMD/MMS, presentation, early/late horizon or patient/hemisphere/procedure units unless explicitly harmonized.",MOY-0032,Tier 2 — Contextual formal synthesis/evidence map,Association of moyamoya vasculopathy with autoimmune disease: a systematic review and pooled analysis,Yes,Critically low,High,,,,FALSE,FALSE,FALSE,,MMS_OTHER,C00,O06,T4,U01,EM_PROPORTION,DESCRIPTIVE,0,not_orientable,1,MMS_OTHER|C00|O06|T4|U01,MMS_OTHER|C00|O06|T4|U01|EM_PROPORTION,High,FALSE,FALSE,review_profile,review_profile,keyword,mixed_or_unspecified_followup,exact,proportion,C00 and O99 are operational noninferential codes and do not create new SAP comparisons/outcomes.,,,FALSE,FALSE,FALSE,,,,FALSE,TRUE,FALSE,MMS_OTHER|C00|O06|T4|U01,MMS_OTHER|C00|O06|T4|U01|EM_PROPORTION,Curated extraction — eligible after final denominator check,No,,Pooled patient-level analysis,"to result in a favorable outcome. On subanalysis of operated patients, 94.1% of patients who underwent combined direct and indirect bypass reported favorable outcomes, relative to 76.2% of patients who underwent indirect bypass and 82% who underwent direct bypass (p < 0.05). On univariable analysis, the presence of multiple AI disorders was associated with worse outcomes relative to having a single AI disorder. Autoimmune diseases have been uncommonly reported in patients with MMD, but the presence of multiple AI comorbidi- ties portends poorer prognosis. The addition of surgical intervention appears to improve outcomes and for patients deemed surgical candidates, combine",No,Previously curated in consolidated extraction; denominator audit retained,Yes,Previously curated in consolidated extraction; denominator audit retained,Pooled patient-level analysis,Yes,"to result in a favorable outcome. On subanalysis of operated patients, 94.1% of patients who underwent combined direct and indirect bypass reported favorable outcomes, relative to 76.2% of patients who underwent indirect bypass and 82% who underwent direct bypass (p < 0.05). On univariable analysis, the presence of multiple AI disorders was associated with worse outcomes relative to having a single AI disorder. Autoimmune diseases have been uncommonly reported in patients with MMD, but the presence of multiple AI comorbidi- ties portends poorer prognosis. The addition of surgical intervention appears to improve outcomes and for patients deemed surgical candidates, combine",Curated extraction — eligible after final denominator check,,Studies: 103; patients: 205,[MESCLADO 3 p. 165],Uncontrolled case-based evidence with severe confounding by selection and reporting; not proof of technique superiority.,retain,,Indirect revascularization,Other revascularization categories,TRUE,TRUE,,TRUE,FALSE,FALSE,TRUE,Functional,Other MMS,No formal comparison,Favorable functional outcome,Mixed/unspecified follow-up,Patient,Proportion,FALSE,FALSE,NOT_REQUIRED,,,,,,Indirect revascularization,Other revascularization categories,,,,,,,,,,,,Direction not prespecified,Not orientable,NR,NR,FALSE
E0100,R055,MOY-0032,Tier 2 — Contextual formal synthesis/evidence map,MMS/special etiologic phenotype,Other,Association of moyamoya vasculopathy with autoimmune disease: a systematic review and pooled analysis,Moyamoya vasculopathy associated with autoimmune disease,Direct revascularization,Other revascularization categories,Favorable clinical outcome,follow-up,patient,Studies: 103; patients: 205,pooled proportion,82.0%,NR,<0.05 across groups,NR,Highest descriptive proportion with combined surgery,[MESCLADO 3 p. 165],Uncontrolled case-based evidence with severe confounding by selection and reporting; not proof of technique superiority.,Critically low,High,Contextual formal evidence table,Previously curated in consolidated extraction; denominator audit retained,"Do not pool across age, MMD/MMS, presentation, early/late horizon or patient/hemisphere/procedure units unless explicitly harmonized.",MOY-0032,Tier 2 — Contextual formal synthesis/evidence map,Association of moyamoya vasculopathy with autoimmune disease: a systematic review and pooled analysis,Yes,Critically low,High,,,,FALSE,FALSE,FALSE,,MMS_OTHER,C00,O06,T4,U01,EM_PROPORTION,DESCRIPTIVE,0,not_orientable,1,MMS_OTHER|C00|O06|T4|U01,MMS_OTHER|C00|O06|T4|U01|EM_PROPORTION,High,FALSE,FALSE,review_profile,review_profile,keyword,mixed_or_unspecified_followup,exact,proportion,C00 and O99 are operational noninferential codes and do not create new SAP comparisons/outcomes.,,,FALSE,FALSE,FALSE,,,,FALSE,TRUE,FALSE,MMS_OTHER|C00|O06|T4|U01,MMS_OTHER|C00|O06|T4|U01|EM_PROPORTION,Curated extraction — eligible after final denominator check,No,,Pooled patient-level analysis,82.0,No,Previously curated in consolidated extraction; denominator audit retained,Yes,Previously curated in consolidated extraction; denominator audit retained,Pooled patient-level analysis,Yes,82.0,Curated extraction — eligible after final denominator check,,Studies: 103; patients: 205,[MESCLADO 3 p. 165],Uncontrolled case-based evidence with severe confounding by selection and reporting; not proof of technique superiority.,retain,,Direct revascularization,Other revascularization categories,TRUE,TRUE,,TRUE,FALSE,FALSE,TRUE,Functional,Other MMS,No formal comparison,Favorable functional outcome,Mixed/unspecified follow-up,Patient,Proportion,FALSE,FALSE,NOT_REQUIRED,,,,,,Direct revascularization,Other revascularization categories,,,,,,,,,,,,Direction not prespecified,Not orientable,NR,NR,FALSE
E0101,R056,MOY-1414,Tier 2 — Contextual formal synthesis/evidence map,Perioperative safety/risk,Hemodynamic/perfusion,Effectiveness of pharmacologic interventions for prevention of cerebral hyperperfusion syndrome following bypass surgery,Post-bypass patients in CHS-prevention studies; moyamoya predominates but context varies,Blood-pressure control alone,Other prevention bundles/indirect comparisons,Cerebral hyperperfusion syndrome,early postoperative,case,"Studies: 23; patients: 2,041 cases",pooled proportion,23.3%,9.9–39.4%,NR,NR,Lower descriptive CHS rate in selected multimodal bundles,[MESCLADO 3 p. 174],No reliable causal ranking: interventions were not randomized against each other and co-interventions/technique differed.,Critically low,High,Contextual formal evidence table,Previously curated in consolidated extraction; denominator audit retained,"Do not pool across age, MMD/MMS, presentation, early/late horizon or patient/hemisphere/procedure units unless explicitly harmonized.",MOY-1414,Tier 2 — Contextual formal synthesis/evidence map,Effectiveness of pharmacologic interventions for prevention of cerebral hyperperfusion syndrome following bypass surgery,Yes,Critically low,High,,9.9,39.4,FALSE,FALSE,FALSE,,MIXED_UNSEP,C00,O08,T1,U01,EM_PROPORTION,DESCRIPTIVE,0,not_orientable,-1,MIXED_UNSEP|C00|O08|T1|U01,MIXED_UNSEP|C00|O08|T1|U01|EM_PROPORTION,Moderate,TRUE,FALSE,review_profile,review_profile,keyword,early,exact,proportion,C00 and O99 are operational noninferential codes and do not create new SAP comparisons/outcomes.,9.9,39.4,FALSE,FALSE,FALSE,,,,FALSE,TRUE,FALSE,MIXED_UNSEP|C00|O08|T1|U01,MIXED_UNSEP|C00|O08|T1|U01|EM_PROPORTION,Curated extraction — eligible after final denominator check,No,,Indirect pooled comparison,"of which 23 fulfilled inclusion criteria. Meta‑analysis included 23 studies/2,041 cases. In Group A (blood pressure [BP] control), 202 out of 1,174 pretreated cases developed CHS (23.3% pooled estimate; 95% confidence interval [CI]: 9.9–39.4), Group B (BP control + free radical scavenger [FRS]) 10/263 (0.3%; 95% CI: 0.0–14.1), Group C (BP control + antiplatelet) 22/204 (10.3%; 95% CI: 5.1–16.7), and Group D (BP control + postoperative sedation) 29/400 (6.8%; 95% CI: 4.4–9.6)]. CONCLUSIONS: BP control alone has not been proven effective in preventing CHS. However, BP control along with either a FRS or an antiplatelet agent or postoperative sedation seems to reduce the inci",No,Previously curated in consolidated extraction; denominator audit retained,Yes,Previously curated in consolidated extraction; denominator audit retained,Indirect pooled comparison,Yes,"of which 23 fulfilled inclusion criteria. Meta‑analysis included 23 studies/2,041 cases. In Group A (blood pressure [BP] control), 202 out of 1,174 pretreated cases developed CHS (23.3% pooled estimate; 95% confidence interval [CI]: 9.9–39.4), Group B (BP control + free radical scavenger [FRS]) 10/263 (0.3%; 95% CI: 0.0–14.1), Group C (BP control + antiplatelet) 22/204 (10.3%; 95% CI: 5.1–16.7), and Group D (BP control + postoperative sedation) 29/400 (6.8%; 95% CI: 4.4–9.6)]. CONCLUSIONS: BP control alone has not been proven effective in preventing CHS. However, BP control along with either a FRS or an antiplatelet agent or postoperative sedation seems to reduce the inci",Curated extraction — eligible after final denominator check,,"Studies: 23; patients: 2,041 cases",[MESCLADO 3 p. 174],No reliable causal ranking: interventions were not randomized against each other and co-interventions/technique differed.,retain,,Blood-pressure control alone,Other prevention bundles/indirect comparisons,TRUE,TRUE,,TRUE,FALSE,FALSE,TRUE,Clinical events/safety,Mixed/unseparated,No formal comparison,Hyperperfusion syndrome,Early/perioperative,Patient,Proportion,TRUE,FALSE,NOT_REQUIRED_AFTER_INITIAL_HARMONIZATION,,,,9.9,39.4,Blood-pressure control alone,Other prevention bundles/indirect comparisons,,9.9,39.4,,,,,,,,,Direction not prespecified,Not orientable,NR,NR,FALSE
E0102,R056,MOY-1414,Tier 2 — Contextual formal synthesis/evidence map,Perioperative safety/risk,Hemodynamic/perfusion,Effectiveness of pharmacologic interventions for prevention of cerebral hyperperfusion syndrome following bypass surgery,Post-bypass patients in CHS-prevention studies; moyamoya predominates but context varies,Blood-pressure control + free-radical scavenger,Other prevention bundles/indirect comparisons,Cerebral hyperperfusion syndrome,early postoperative,case,"Studies: 23; patients: 2,041 cases",pooled proportion,0.3%,0–14.1%,NR,NR,Lower descriptive CHS rate in selected multimodal bundles,[MESCLADO 3 p. 174],No reliable causal ranking: interventions were not randomized against each other and co-interventions/technique differed.,Critically low,High,Contextual formal evidence table,Previously curated in consolidated extraction; denominator audit retained,"Do not pool across age, MMD/MMS, presentation, early/late horizon or patient/hemisphere/procedure units unless explicitly harmonized.",MOY-1414,Tier 2 — Contextual formal synthesis/evidence map,Effectiveness of pharmacologic interventions for prevention of cerebral hyperperfusion syndrome following bypass surgery,Yes,Critically low,High,,0,14.1,FALSE,FALSE,FALSE,,MIXED_UNSEP,C00,O08,T1,U01,EM_PROPORTION,DESCRIPTIVE,0,not_orientable,-1,MIXED_UNSEP|C00|O08|T1|U01,MIXED_UNSEP|C00|O08|T1|U01|EM_PROPORTION,Moderate,TRUE,FALSE,review_profile,review_profile,keyword,early,exact,proportion,C00 and O99 are operational noninferential codes and do not create new SAP comparisons/outcomes.,0,14.1,FALSE,FALSE,FALSE,,,,FALSE,TRUE,FALSE,MIXED_UNSEP|C00|O08|T1|U01,MIXED_UNSEP|C00|O08|T1|U01|EM_PROPORTION,Curated extraction — eligible after final denominator check,No,,Indirect pooled comparison,"trol), 202 out of 1,174 pretreated cases developed CHS (23.3% pooled estimate; 95% confidence interval [CI]: 9.9–39.4), Group B (BP control + free radical scavenger [FRS]) 10/263 (0.3%; 95% CI: 0.0–14.1), Group C (BP control + antiplatelet) 22/204 (10.3%; 95% CI: 5.1–16.7), and Group D (BP control + postoperative sedation) 29/400 (6.8%; 95% CI: 4.4–9.6)]. CONCLUSIONS: BP control alone has not been proven effective in preventing CHS. However, BP control along with either a FRS or an antiplatelet agent or postoperative sedation seems to reduce the incidence of CHS. Keywords: Bypass surgery, cerebral bypass, cerebral hyperperfusion syndrome, cerebral revascularization, hyper",No,Previously curated in consolidated extraction; denominator audit retained,Yes,Previously curated in consolidated extraction; denominator audit retained,Indirect pooled comparison,Yes,"trol), 202 out of 1,174 pretreated cases developed CHS (23.3% pooled estimate; 95% confidence interval [CI]: 9.9–39.4), Group B (BP control + free radical scavenger [FRS]) 10/263 (0.3%; 95% CI: 0.0–14.1), Group C (BP control + antiplatelet) 22/204 (10.3%; 95% CI: 5.1–16.7), and Group D (BP control + postoperative sedation) 29/400 (6.8%; 95% CI: 4.4–9.6)]. CONCLUSIONS: BP control alone has not been proven effective in preventing CHS. However, BP control along with either a FRS or an antiplatelet agent or postoperative sedation seems to reduce the incidence of CHS. Keywords: Bypass surgery, cerebral bypass, cerebral hyperperfusion syndrome, cerebral revascularization, hyper",Curated extraction — eligible after final denominator check,,"Studies: 23; patients: 2,041 cases",[MESCLADO 3 p. 174],No reliable causal ranking: interventions were not randomized against each other and co-interventions/technique differed.,retain,,Blood-pressure control + free-radical scavenger,Other prevention bundles/indirect comparisons,TRUE,TRUE,,TRUE,FALSE,FALSE,TRUE,Clinical events/safety,Mixed/unseparated,No formal comparison,Hyperperfusion syndrome,Early/perioperative,Patient,Proportion,TRUE,FALSE,NOT_REQUIRED_AFTER_INITIAL_HARMONIZATION,,,,0,14.1,Blood-pressure control + free-radical scavenger,Other prevention bundles/indirect comparisons,,0,14.1,,,,,,,,,Direction not prespecified,Not orientable,NR,NR,FALSE
E0103,R056,MOY-1414,Tier 2 — Contextual formal synthesis/evidence map,Perioperative safety/risk,Hemodynamic/perfusion,Effectiveness of pharmacologic interventions for prevention of cerebral hyperperfusion syndrome following bypass surgery,Post-bypass patients in CHS-prevention studies; moyamoya predominates but context varies,Blood-pressure control + antiplatelet therapy,Other prevention bundles/indirect comparisons,Cerebral hyperperfusion syndrome,early postoperative,case,"Studies: 23; patients: 2,041 cases",pooled proportion,10.3%,5.1–16.7%,NR,NR,Lower descriptive CHS rate in selected multimodal bundles,[MESCLADO 3 p. 174],No reliable causal ranking: interventions were not randomized against each other and co-interventions/technique differed.,Critically low,High,Contextual formal evidence table,Previously curated in consolidated extraction; denominator audit retained,"Do not pool across age, MMD/MMS, presentation, early/late horizon or patient/hemisphere/procedure units unless explicitly harmonized.",MOY-1414,Tier 2 — Contextual formal synthesis/evidence map,Effectiveness of pharmacologic interventions for prevention of cerebral hyperperfusion syndrome following bypass surgery,Yes,Critically low,High,,5.1,16.7,FALSE,FALSE,FALSE,,MIXED_UNSEP,C00,O08,T1,U01,EM_PROPORTION,DESCRIPTIVE,0,not_orientable,-1,MIXED_UNSEP|C00|O08|T1|U01,MIXED_UNSEP|C00|O08|T1|U01|EM_PROPORTION,Moderate,TRUE,FALSE,review_profile,review_profile,keyword,early,exact,proportion,C00 and O99 are operational noninferential codes and do not create new SAP comparisons/outcomes.,5.1,16.7,FALSE,FALSE,FALSE,,,,FALSE,TRUE,FALSE,MIXED_UNSEP|C00|O08|T1|U01,MIXED_UNSEP|C00|O08|T1|U01|EM_PROPORTION,Curated extraction — eligible after final denominator check,No,,Indirect pooled comparison,"estimate; 95% confidence interval [CI]: 9.9–39.4), Group B (BP control + free radical scavenger [FRS]) 10/263 (0.3%; 95% CI: 0.0–14.1), Group C (BP control + antiplatelet) 22/204 (10.3%; 95% CI: 5.1–16.7), and Group D (BP control + postoperative sedation) 29/400 (6.8%; 95% CI: 4.4–9.6)]. CONCLUSIONS: BP control alone has not been proven effective in preventing CHS. However, BP control along with either a FRS or an antiplatelet agent or postoperative sedation seems to reduce the incidence of CHS. Keywords: Bypass surgery, cerebral bypass, cerebral hyperperfusion syndrome, cerebral revascularization, hyperperfusion syndrome, intracranial bypass, reperfusion injury Introduct",No,Previously curated in consolidated extraction; denominator audit retained,Yes,Previously curated in consolidated extraction; denominator audit retained,Indirect pooled comparison,Yes,"estimate; 95% confidence interval [CI]: 9.9–39.4), Group B (BP control + free radical scavenger [FRS]) 10/263 (0.3%; 95% CI: 0.0–14.1), Group C (BP control + antiplatelet) 22/204 (10.3%; 95% CI: 5.1–16.7), and Group D (BP control + postoperative sedation) 29/400 (6.8%; 95% CI: 4.4–9.6)]. CONCLUSIONS: BP control alone has not been proven effective in preventing CHS. However, BP control along with either a FRS or an antiplatelet agent or postoperative sedation seems to reduce the incidence of CHS. Keywords: Bypass surgery, cerebral bypass, cerebral hyperperfusion syndrome, cerebral revascularization, hyperperfusion syndrome, intracranial bypass, reperfusion injury Introduct",Curated extraction — eligible after final denominator check,,"Studies: 23; patients: 2,041 cases",[MESCLADO 3 p. 174],No reliable causal ranking: interventions were not randomized against each other and co-interventions/technique differed.,retain,,Blood-pressure control + antiplatelet therapy,Other prevention bundles/indirect comparisons,TRUE,TRUE,,TRUE,FALSE,FALSE,TRUE,Clinical events/safety,Mixed/unseparated,No formal comparison,Hyperperfusion syndrome,Early/perioperative,Patient,Proportion,TRUE,FALSE,NOT_REQUIRED_AFTER_INITIAL_HARMONIZATION,,,,5.1,16.7,Blood-pressure control + antiplatelet therapy,Other prevention bundles/indirect comparisons,,5.1,16.7,,,,,,,,,Direction not prespecified,Not orientable,NR,NR,FALSE
E0104,R056,MOY-1414,Tier 2 — Contextual formal synthesis/evidence map,Perioperative safety/risk,Hemodynamic/perfusion,Effectiveness of pharmacologic interventions for prevention of cerebral hyperperfusion syndrome following bypass surgery,Post-bypass patients in CHS-prevention studies; moyamoya predominates but context varies,Blood-pressure control + sedation,Other prevention bundles/indirect comparisons,Cerebral hyperperfusion syndrome,early postoperative,case,"Studies: 23; patients: 2,041 cases",pooled proportion,6.8%,4.4–9.6%,NR,NR,Lower descriptive CHS rate in selected multimodal bundles,[MESCLADO 3 p. 174],No reliable causal ranking: interventions were not randomized against each other and co-interventions/technique differed.,Critically low,High,Contextual formal evidence table,Previously curated in consolidated extraction; denominator audit retained,"Do not pool across age, MMD/MMS, presentation, early/late horizon or patient/hemisphere/procedure units unless explicitly harmonized.",MOY-1414,Tier 2 — Contextual formal synthesis/evidence map,Effectiveness of pharmacologic interventions for prevention of cerebral hyperperfusion syndrome following bypass surgery,Yes,Critically low,High,,4.4,9.6,FALSE,FALSE,FALSE,,MIXED_UNSEP,C00,O08,T1,U01,EM_PROPORTION,DESCRIPTIVE,0,not_orientable,-1,MIXED_UNSEP|C00|O08|T1|U01,MIXED_UNSEP|C00|O08|T1|U01|EM_PROPORTION,Moderate,TRUE,FALSE,review_profile,review_profile,keyword,early,exact,proportion,C00 and O99 are operational noninferential codes and do not create new SAP comparisons/outcomes.,4.4,9.6,FALSE,FALSE,FALSE,,,,FALSE,TRUE,FALSE,MIXED_UNSEP|C00|O08|T1|U01,MIXED_UNSEP|C00|O08|T1|U01|EM_PROPORTION,Curated extraction — eligible after final denominator check,No,,Indirect pooled comparison,"l scavenger [FRS]) 10/263 (0.3%; 95% CI: 0.0–14.1), Group C (BP control + antiplatelet) 22/204 (10.3%; 95% CI: 5.1–16.7), and Group D (BP control + postoperative sedation) 29/400 (6.8%; 95% CI: 4.4–9.6)]. CONCLUSIONS: BP control alone has not been proven effective in preventing CHS. However, BP control along with either a FRS or an antiplatelet agent or postoperative sedation seems to reduce the incidence of CHS. Keywords: Bypass surgery, cerebral bypass, cerebral hyperperfusion syndrome, cerebral revascularization, hyperperfusion syndrome, intracranial bypass, reperfusion injury Introduction C erebral bypass surgery is performed to treat cerebrovascular diseases and tumo",No,Previously curated in consolidated extraction; denominator audit retained,Yes,Previously curated in consolidated extraction; denominator audit retained,Indirect pooled comparison,Yes,"l scavenger [FRS]) 10/263 (0.3%; 95% CI: 0.0–14.1), Group C (BP control + antiplatelet) 22/204 (10.3%; 95% CI: 5.1–16.7), and Group D (BP control + postoperative sedation) 29/400 (6.8%; 95% CI: 4.4–9.6)]. CONCLUSIONS: BP control alone has not been proven effective in preventing CHS. However, BP control along with either a FRS or an antiplatelet agent or postoperative sedation seems to reduce the incidence of CHS. Keywords: Bypass surgery, cerebral bypass, cerebral hyperperfusion syndrome, cerebral revascularization, hyperperfusion syndrome, intracranial bypass, reperfusion injury Introduction C erebral bypass surgery is performed to treat cerebrovascular diseases and tumo",Curated extraction — eligible after final denominator check,,"Studies: 23; patients: 2,041 cases",[MESCLADO 3 p. 174],No reliable causal ranking: interventions were not randomized against each other and co-interventions/technique differed.,retain,,Blood-pressure control + sedation,Other prevention bundles/indirect comparisons,TRUE,TRUE,,TRUE,FALSE,FALSE,TRUE,Clinical events/safety,Mixed/unseparated,No formal comparison,Hyperperfusion syndrome,Early/perioperative,Patient,Proportion,TRUE,FALSE,NOT_REQUIRED_AFTER_INITIAL_HARMONIZATION,,,,4.4,9.6,Blood-pressure control + sedation,Other prevention bundles/indirect comparisons,,4.4,9.6,,,,,,,,,Direction not prespecified,Not orientable,NR,NR,FALSE
E0105,R058,MOY-0134,Tier 1 — Core formal synthesis,Perioperative safety/risk,Hemorrhagic events,Perioperative Complications and Long-Term Outcomes After Bypasses in Adults with Moyamoya Disease: A Systematic Review and Meta-Analysis,Adults with MMD,Indirect bypass,Direct bypass,Perioperative hemorrhage,perioperative,patient/procedure,Studies: 47; patients: NR,OR,0.03,0.002–0.55,0.02,NR,Favours indirect,[MESCLADO 3 p. 193],Observational evidence; pooled single-arm and direct-comparison analyses answer different questions.,Critically low,High,Core clinical-surgical evidence table,Previously curated in consolidated extraction; denominator audit retained,"Do not pool across age, MMD/MMS, presentation, early/late horizon or patient/hemisphere/procedure units unless explicitly harmonized.",MOY-0134,Tier 1 — Core formal synthesis,Perioperative Complications and Long-Term Outcomes After Bypasses in Adults with Moyamoya Disease: A Systematic Review and Meta-Analysis,Yes,Critically low,High,0.03,0.002,0.55,TRUE,TRUE,FALSE,TRUE,ADULT_MIX,C02,O04,T1,U07,EM_OR,COMPARATIVE,-1,reversed,-1,ADULT_MIX|C02|O04|T1|U07,ADULT_MIX|C02|O04|T1|U07|EM_OR,High,FALSE,FALSE,review_profile,reversed_text_rule,keyword_horizon,early,mixed_or_unclear,exact,,0.002,0.55,TRUE,FALSE,TRUE,-3.506557897319982,3.506557897319982,-3.506557897319982,TRUE,TRUE,TRUE,ADULT_MIX|C02|O04|T1|U07,ADULT_MIX|C02|O04|T1|U07|EM_OR,Curated extraction — eligible after final denominator check,No,,Pooled analysis/direct-comparison meta-analysis,"dence. Pooled analyses showed that peri- operative hemorrhage rates were significantly (P [ 0.02) lower with indirect compared with direct (OR, 0.03; 95% confidence interval [CI], 0.002e0.55) or combined (OR, 0.03; 95% CI, 0.002e0.53) bypasses. Meta-analysis showed that direct bypass was better at preventing long-term hemor- rhage than was indirect bypass (OR, 0.26; 95% CI, 0.09e0.79; P [ 0.02). Pooled analyses showed that direct is signifi- cantly better (P < 0.01) than indirect (OR, 0.51; 95% CI, 0.33e0.77) and combined (OR, 0.47; 95% CI, 0.31e0.72) bypasses in preventing long-term ischemia. Meta-analysis showed that direct was better than indirect bypass in producing l",No,Previously curated in consolidated extraction; denominator audit retained,Yes,Previously curated in consolidated extraction; denominator audit retained,Pooled analysis/direct-comparison meta-analysis,Yes,"dence. Pooled analyses showed that peri- operative hemorrhage rates were significantly (P [ 0.02) lower with indirect compared with direct (OR, 0.03; 95% confidence interval [CI], 0.002e0.55) or combined (OR, 0.03; 95% CI, 0.002e0.53) bypasses. Meta-analysis showed that direct bypass was better at preventing long-term hemor- rhage than was indirect bypass (OR, 0.26; 95% CI, 0.09e0.79; P [ 0.02). Pooled analyses showed that direct is signifi- cantly better (P < 0.01) than indirect (OR, 0.51; 95% CI, 0.33e0.77) and combined (OR, 0.47; 95% CI, 0.31e0.72) bypasses in preventing long-term ischemia. Meta-analysis showed that direct was better than indirect bypass in producing l",Curated extraction — eligible after final denominator check,,Studies: 47; patients: NR,[MESCLADO 3 p. 193],Observational evidence; pooled single-arm and direct-comparison analyses answer different questions.,retain,,Indirect bypass,Direct bypass,TRUE,TRUE,,TRUE,TRUE,TRUE,TRUE,Clinical events/safety,Adult mixed,Direct vs indirect,Early intracranial hemorrhage,Early/perioperative,Mixed/unclear,OR,FALSE,FALSE,RESOLVED,Source reports indirect versus direct perioperative hemorrhage OR 0.03 (0.002–0.55); canonical direct-versus-indirect display uses the reciprocal.,,0.03,0.002,0.55,Direct bypass,Indirect bypass,33.333333333333336,1.8181818181818181,500,3.506557897319982,0.5978370007556204,6.214608098422191,-3.506557897319982,-0.5978370007556204,-6.214608098422191,-6.214608098422191,-0.5978370007556204,Precise harm,CI excludes null,OR 33.33 (1.82 to 500.00),OR 0.03 (0.00 to 0.55),TRUE
E0106,R058,MOY-0134,Tier 1 — Core formal synthesis,Perioperative safety/risk,Hemorrhagic events,Perioperative Complications and Long-Term Outcomes After Bypasses in Adults with Moyamoya Disease: A Systematic Review and Meta-Analysis,Adults with MMD,Indirect bypass,Combined bypass,Perioperative hemorrhage,perioperative,patient/procedure,Studies: 47; patients: NR,OR,0.03,0.002–0.53,0.02,NR,Favours indirect,[MESCLADO 3 p. 193],Observational evidence; pooled single-arm and direct-comparison analyses answer different questions.,Critically low,High,Core clinical-surgical evidence table,Previously curated in consolidated extraction; denominator audit retained,"Do not pool across age, MMD/MMS, presentation, early/late horizon or patient/hemisphere/procedure units unless explicitly harmonized.",MOY-0134,Tier 1 — Core formal synthesis,Perioperative Complications and Long-Term Outcomes After Bypasses in Adults with Moyamoya Disease: A Systematic Review and Meta-Analysis,Yes,Critically low,High,0.03,0.002,0.53,TRUE,TRUE,FALSE,TRUE,ADULT_MIX,C03,O04,T1,U07,EM_OR,COMPARATIVE,-1,canonical,-1,ADULT_MIX|C03|O04|T1|U07,ADULT_MIX|C03|O04|T1|U07|EM_OR,High,FALSE,FALSE,review_profile,text_rule,keyword_horizon,early,mixed_or_unclear,exact,,0.002,0.53,TRUE,FALSE,TRUE,-3.506557897319982,3.506557897319982,-3.506557897319982,TRUE,TRUE,TRUE,ADULT_MIX|C03|O04|T1|U07,ADULT_MIX|C03|O04|T1|U07|EM_OR,Curated extraction — eligible after final denominator check,No,,Pooled analysis/direct-comparison meta-analysis,"dence. Pooled analyses showed that peri- operative hemorrhage rates were significantly (P [ 0.02) lower with indirect compared with direct (OR, 0.03; 95% confidence interval [CI], 0.002e0.55) or combined (OR, 0.03; 95% CI, 0.002e0.53) bypasses. Meta-analysis showed that direct bypass was better at preventing long-term hemor- rhage than was indirect bypass (OR, 0.26; 95% CI, 0.09e0.79; P [ 0.02). Pooled analyses showed that direct is signifi- cantly better (P < 0.01) than indirect (OR, 0.51; 95% CI, 0.33e0.77) and combined (OR, 0.47; 95% CI, 0.31e0.72) bypasses in preventing long-term ischemia. Meta-analysis showed that direct was better than indirect bypass in producing l",No,Previously curated in consolidated extraction; denominator audit retained,Yes,Previously curated in consolidated extraction; denominator audit retained,Pooled analysis/direct-comparison meta-analysis,Yes,"dence. Pooled analyses showed that peri- operative hemorrhage rates were significantly (P [ 0.02) lower with indirect compared with direct (OR, 0.03; 95% confidence interval [CI], 0.002e0.55) or combined (OR, 0.03; 95% CI, 0.002e0.53) bypasses. Meta-analysis showed that direct bypass was better at preventing long-term hemor- rhage than was indirect bypass (OR, 0.26; 95% CI, 0.09e0.79; P [ 0.02). Pooled analyses showed that direct is signifi- cantly better (P < 0.01) than indirect (OR, 0.51; 95% CI, 0.33e0.77) and combined (OR, 0.47; 95% CI, 0.31e0.72) bypasses in preventing long-term ischemia. Meta-analysis showed that direct was better than indirect bypass in producing l",Curated extraction — eligible after final denominator check,,Studies: 47; patients: NR,[MESCLADO 3 p. 193],Observational evidence; pooled single-arm and direct-comparison analyses answer different questions.,retain,,Indirect bypass,Combined bypass,TRUE,TRUE,Reported contrast is indirect versus combined; canonical C03 is combined versus indirect.,TRUE,TRUE,TRUE,TRUE,Clinical events/safety,Adult mixed,Combined vs indirect,Early intracranial hemorrhage,Early/perioperative,Mixed/unclear,OR,FALSE,FALSE,RESOLVED,Source reports indirect versus combined perioperative hemorrhage OR 0.03 (0.002–0.53); canonical combined-versus-indirect display uses the reciprocal.,,0.03,0.002,0.53,Combined bypass,Indirect bypass,33.333333333333336,1.8867924528301885,500,3.506557897319982,0.6348782724359694,6.214608098422191,-3.506557897319982,-0.6348782724359694,-6.214608098422191,-6.214608098422191,-0.6348782724359694,Precise harm,CI excludes null,OR 33.33 (1.89 to 500.00),OR 0.03 (0.00 to 0.53),TRUE
E0107,R058,MOY-0134,Tier 1 — Core formal synthesis,Perioperative safety/risk,Hemorrhagic events,Perioperative Complications and Long-Term Outcomes After Bypasses in Adults with Moyamoya Disease: A Systematic Review and Meta-Analysis,Adults with MMD,Direct bypass,Indirect bypass,Long-term hemorrhage,late,patient/procedure,Studies: 47; patients: NR,OR,0.26,0.09–0.79,0.02,NR,Favours direct,[MESCLADO 3 p. 193],Observational evidence; pooled single-arm and direct-comparison analyses answer different questions.,Critically low,High,Core clinical-surgical evidence table,Previously curated in consolidated extraction; denominator audit retained,"Do not pool across age, MMD/MMS, presentation, early/late horizon or patient/hemisphere/procedure units unless explicitly harmonized.",MOY-0134,Tier 1 — Core formal synthesis,Perioperative Complications and Long-Term Outcomes After Bypasses in Adults with Moyamoya Disease: A Systematic Review and Meta-Analysis,Yes,Critically low,High,0.26,0.09,0.79,TRUE,TRUE,FALSE,TRUE,ADULT_MIX,C02,O05,T3,U07,EM_OR,COMPARATIVE,1,canonical,-1,ADULT_MIX|C02|O05|T3|U07,ADULT_MIX|C02|O05|T3|U07|EM_OR,High,FALSE,FALSE,review_profile,text_rule,keyword,long_term,mixed_or_unclear,exact,,0.09,0.79,TRUE,FALSE,TRUE,-1.3470736479666092,-1.3470736479666092,1.3470736479666092,TRUE,TRUE,TRUE,ADULT_MIX|C02|O05|T3|U07,ADULT_MIX|C02|O05|T3|U07|EM_OR,Curated extraction — eligible after final denominator check,No,,Pooled analysis/direct-comparison meta-analysis,"mbined (OR, 0.03; 95% CI, 0.002e0.53) bypasses. Meta-analysis showed that direct bypass was better at preventing long-term hemor- rhage than was indirect bypass (OR, 0.26; 95% CI, 0.09e0.79; P [ 0.02). Pooled analyses showed that direct is signifi- cantly better (P < 0.01) than indirect (OR, 0.51; 95% CI, 0.33e0.77) and combined (OR, 0.47; 95% CI, 0.31e0.72) bypasses in preventing long-term ischemia. Meta-analysis showed that direct was better than indirect bypass in producing long-term favorable outcomes (OR, 2.62; 95% CI, 1.19e5.79; P [ 0.02), and the pooled analysis showed that combined bypass was better than indirect bypass in pro- ducing long-term favorable outcomes",No,Previously curated in consolidated extraction; denominator audit retained,Yes,Previously curated in consolidated extraction; denominator audit retained,Pooled analysis/direct-comparison meta-analysis,Yes,"mbined (OR, 0.03; 95% CI, 0.002e0.53) bypasses. Meta-analysis showed that direct bypass was better at preventing long-term hemor- rhage than was indirect bypass (OR, 0.26; 95% CI, 0.09e0.79; P [ 0.02). Pooled analyses showed that direct is signifi- cantly better (P < 0.01) than indirect (OR, 0.51; 95% CI, 0.33e0.77) and combined (OR, 0.47; 95% CI, 0.31e0.72) bypasses in preventing long-term ischemia. Meta-analysis showed that direct was better than indirect bypass in producing long-term favorable outcomes (OR, 2.62; 95% CI, 1.19e5.79; P [ 0.02), and the pooled analysis showed that combined bypass was better than indirect bypass in pro- ducing long-term favorable outcomes",Curated extraction — eligible after final denominator check,,Studies: 47; patients: NR,[MESCLADO 3 p. 193],Observational evidence; pooled single-arm and direct-comparison analyses answer different questions.,retain,,Direct bypass,Indirect bypass,TRUE,TRUE,,TRUE,TRUE,TRUE,TRUE,Clinical events/safety,Adult mixed,Direct vs indirect,Late hemorrhage/rebleeding,Late/long-term,Mixed/unclear,OR,FALSE,FALSE,NOT_REQUIRED,,,0.26,0.09,0.79,Direct bypass,Indirect bypass,0.26,0.09,0.79,-1.3470736479666092,-2.4079456086518722,-0.23572233352106983,1.3470736479666092,2.4079456086518722,0.23572233352106983,0.23572233352106983,2.4079456086518722,Precise benefit,CI excludes null,OR 0.26 (0.09 to 0.79),OR 0.26 (0.09 to 0.79),FALSE
E0108,R058,MOY-0134,Tier 1 — Core formal synthesis,Perioperative safety/risk,Other,Perioperative Complications and Long-Term Outcomes After Bypasses in Adults with Moyamoya Disease: A Systematic Review and Meta-Analysis,Adults with MMD,Direct bypass,Indirect bypass,Long-term ischemia,late,patient/procedure,Studies: 47; patients: NR,OR,0.51,0.33–0.77,<0.01,NR,Favours direct,[MESCLADO 3 p. 193],Observational evidence; pooled single-arm and direct-comparison analyses answer different questions.,Critically low,High,Core clinical-surgical evidence table,Previously curated in consolidated extraction; denominator audit retained,"Do not pool across age, MMD/MMS, presentation, early/late horizon or patient/hemisphere/procedure units unless explicitly harmonized.",MOY-0134,Tier 1 — Core formal synthesis,Perioperative Complications and Long-Term Outcomes After Bypasses in Adults with Moyamoya Disease: A Systematic Review and Meta-Analysis,Yes,Critically low,High,0.51,0.33,0.77,TRUE,TRUE,FALSE,TRUE,ADULT_MIX,C02,O02,T3,U07,EM_OR,COMPARATIVE,1,canonical,-1,ADULT_MIX|C02|O02|T3|U07,ADULT_MIX|C02|O02|T3|U07|EM_OR,High,FALSE,FALSE,review_profile,text_rule,keyword,long_term,mixed_or_unclear,exact,,0.33,0.77,TRUE,FALSE,TRUE,-0.6733445532637656,-0.6733445532637656,0.6733445532637656,TRUE,TRUE,TRUE,ADULT_MIX|C02|O02|T3|U07,ADULT_MIX|C02|O02|T3|U07|EM_OR,Curated extraction — eligible after final denominator check,No,,Pooled analysis/direct-comparison meta-analysis,"r- rhage than was indirect bypass (OR, 0.26; 95% CI, 0.09e0.79; P [ 0.02). Pooled analyses showed that direct is signifi- cantly better (P < 0.01) than indirect (OR, 0.51; 95% CI, 0.33e0.77) and combined (OR, 0.47; 95% CI, 0.31e0.72) bypasses in preventing long-term ischemia. Meta-analysis showed that direct was better than indirect bypass in producing long-term favorable outcomes (OR, 2.62; 95% CI, 1.19e5.79; P [ 0.02), and the pooled analysis showed that combined bypass was better than indirect bypass in pro- ducing long-term favorable outcomes (OR, 1.26; 95% CI, 1.03e1.54; P [ 0.02). - CONCLUSIONS: Overall, our analyses suggest that direct bypass with or without indire",No,Previously curated in consolidated extraction; denominator audit retained,Yes,Previously curated in consolidated extraction; denominator audit retained,Pooled analysis/direct-comparison meta-analysis,Yes,"r- rhage than was indirect bypass (OR, 0.26; 95% CI, 0.09e0.79; P [ 0.02). Pooled analyses showed that direct is signifi- cantly better (P < 0.01) than indirect (OR, 0.51; 95% CI, 0.33e0.77) and combined (OR, 0.47; 95% CI, 0.31e0.72) bypasses in preventing long-term ischemia. Meta-analysis showed that direct was better than indirect bypass in producing long-term favorable outcomes (OR, 2.62; 95% CI, 1.19e5.79; P [ 0.02), and the pooled analysis showed that combined bypass was better than indirect bypass in pro- ducing long-term favorable outcomes (OR, 1.26; 95% CI, 1.03e1.54; P [ 0.02). - CONCLUSIONS: Overall, our analyses suggest that direct bypass with or without indire",Curated extraction — eligible after final denominator check,,Studies: 47; patients: NR,[MESCLADO 3 p. 193],Observational evidence; pooled single-arm and direct-comparison analyses answer different questions.,retain,,Direct bypass,Indirect bypass,TRUE,TRUE,,TRUE,TRUE,TRUE,TRUE,Clinical events/safety,Adult mixed,Direct vs indirect,Late ischemic stroke,Late/long-term,Mixed/unclear,OR,FALSE,FALSE,NOT_REQUIRED,,,0.51,0.33,0.77,Direct bypass,Indirect bypass,0.51,0.33,0.77,-0.6733445532637656,-1.1086626245216111,-0.2613647641344075,0.6733445532637656,1.1086626245216111,0.2613647641344075,0.2613647641344075,1.1086626245216111,Precise benefit,CI excludes null,OR 0.51 (0.33 to 0.77),OR 0.51 (0.33 to 0.77),FALSE
E0109,R058,MOY-0134,Tier 1 — Core formal synthesis,Perioperative safety/risk,Other,Perioperative Complications and Long-Term Outcomes After Bypasses in Adults with Moyamoya Disease: A Systematic Review and Meta-Analysis,Adults with MMD,Direct bypass,Combined bypass,Long-term ischemia,late,patient/procedure,Studies: 47; patients: NR,OR,0.47,0.31–0.72,<0.01,NR,Reported as direct better than combined,[MESCLADO 3 p. 193],Observational evidence; pooled single-arm and direct-comparison analyses answer different questions.,Critically low,High,Core clinical-surgical evidence table,Previously curated in consolidated extraction; denominator audit retained,"Do not pool across age, MMD/MMS, presentation, early/late horizon or patient/hemisphere/procedure units unless explicitly harmonized.",MOY-0134,Tier 1 — Core formal synthesis,Perioperative Complications and Long-Term Outcomes After Bypasses in Adults with Moyamoya Disease: A Systematic Review and Meta-Analysis,Yes,Critically low,High,0.47,0.31,0.72,TRUE,TRUE,FALSE,TRUE,ADULT_MIX,C04,O02,T3,U07,EM_OR,COMPARATIVE,1,canonical,-1,ADULT_MIX|C04|O02|T3|U07,ADULT_MIX|C04|O02|T3|U07|EM_OR,High,FALSE,FALSE,review_profile,text_rule,keyword,long_term,mixed_or_unclear,exact,,0.31,0.72,TRUE,FALSE,TRUE,-0.7550225842780328,-0.7550225842780328,0.7550225842780328,TRUE,TRUE,TRUE,ADULT_MIX|C04|O02|T3|U07,ADULT_MIX|C04|O02|T3|U07|EM_OR,Curated extraction — eligible after final denominator check,No,,Pooled analysis/direct-comparison meta-analysis,"; 95% CI, 0.09e0.79; P [ 0.02). Pooled analyses showed that direct is signifi- cantly better (P < 0.01) than indirect (OR, 0.51; 95% CI, 0.33e0.77) and combined (OR, 0.47; 95% CI, 0.31e0.72) bypasses in preventing long-term ischemia. Meta-analysis showed that direct was better than indirect bypass in producing long-term favorable outcomes (OR, 2.62; 95% CI, 1.19e5.79; P [ 0.02), and the pooled analysis showed that combined bypass was better than indirect bypass in pro- ducing long-term favorable outcomes (OR, 1.26; 95% CI, 1.03e1.54; P [ 0.02). - CONCLUSIONS: Overall, our analyses suggest that direct bypass with or without indirect augmentation pro- vides the best outcome",No,Previously curated in consolidated extraction; denominator audit retained,Yes,Previously curated in consolidated extraction; denominator audit retained,Pooled analysis/direct-comparison meta-analysis,Yes,"; 95% CI, 0.09e0.79; P [ 0.02). Pooled analyses showed that direct is signifi- cantly better (P < 0.01) than indirect (OR, 0.51; 95% CI, 0.33e0.77) and combined (OR, 0.47; 95% CI, 0.31e0.72) bypasses in preventing long-term ischemia. Meta-analysis showed that direct was better than indirect bypass in producing long-term favorable outcomes (OR, 2.62; 95% CI, 1.19e5.79; P [ 0.02), and the pooled analysis showed that combined bypass was better than indirect bypass in pro- ducing long-term favorable outcomes (OR, 1.26; 95% CI, 1.03e1.54; P [ 0.02). - CONCLUSIONS: Overall, our analyses suggest that direct bypass with or without indirect augmentation pro- vides the best outcome",Curated extraction — eligible after final denominator check,,Studies: 47; patients: NR,[MESCLADO 3 p. 193],Observational evidence; pooled single-arm and direct-comparison analyses answer different questions.,retain,,Direct bypass,Combined bypass,TRUE,TRUE,,TRUE,TRUE,TRUE,TRUE,Clinical events/safety,Adult mixed,Direct vs combined,Late ischemic stroke,Late/long-term,Mixed/unclear,OR,FALSE,FALSE,NOT_REQUIRED,,,0.47,0.31,0.72,Direct bypass,Combined bypass,0.47,0.31,0.72,-0.7550225842780328,-1.171182981502945,-0.3285040669720361,0.7550225842780328,1.171182981502945,0.3285040669720361,0.3285040669720361,1.171182981502945,Precise benefit,CI excludes null,OR 0.47 (0.31 to 0.72),OR 0.47 (0.31 to 0.72),FALSE
E0110,R058,MOY-0134,Tier 1 — Core formal synthesis,Perioperative safety/risk,Other,Perioperative Complications and Long-Term Outcomes After Bypasses in Adults with Moyamoya Disease: A Systematic Review and Meta-Analysis,Adults with MMD,Direct bypass,Indirect bypass,Long-term favorable outcome,late,patient/procedure,Studies: 47; patients: NR,OR,2.62,1.19–5.79,0.02,NR,Favours direct,[MESCLADO 3 p. 193],Observational evidence; pooled single-arm and direct-comparison analyses answer different questions.,Critically low,High,Core clinical-surgical evidence table,Previously curated in consolidated extraction; denominator audit retained,"Do not pool across age, MMD/MMS, presentation, early/late horizon or patient/hemisphere/procedure units unless explicitly harmonized.",MOY-0134,Tier 1 — Core formal synthesis,Perioperative Complications and Long-Term Outcomes After Bypasses in Adults with Moyamoya Disease: A Systematic Review and Meta-Analysis,Yes,Critically low,High,2.62,1.19,5.79,TRUE,TRUE,FALSE,TRUE,ADULT_MIX,C02,O06,T3,U07,EM_OR,COMPARATIVE,1,canonical,1,ADULT_MIX|C02|O06|T3|U07,ADULT_MIX|C02|O06|T3|U07|EM_OR,High,FALSE,FALSE,review_profile,text_rule,keyword,long_term,mixed_or_unclear,exact,,1.19,5.79,TRUE,FALSE,TRUE,0.9631743177730056,0.9631743177730056,0.9631743177730056,TRUE,TRUE,TRUE,ADULT_MIX|C02|O06|T3|U07,ADULT_MIX|C02|O06|T3|U07|EM_OR,Curated extraction — eligible after final denominator check,No,,Pooled analysis/direct-comparison meta-analysis,"0.31e0.72) bypasses in preventing long-term ischemia. Meta-analysis showed that direct was better than indirect bypass in producing long-term favorable outcomes (OR, 2.62; 95% CI, 1.19e5.79; P [ 0.02), and the pooled analysis showed that combined bypass was better than indirect bypass in pro- ducing long-term favorable outcomes (OR, 1.26; 95% CI, 1.03e1.54; P [ 0.02). - CONCLUSIONS: Overall, our analyses suggest that direct bypass with or without indirect augmentation pro- vides the best outcomes for adults with MD. INTRODUCTION M oyamoya disease (MD) is characterized by idiopathic progressive narrowing or occlusion of the bilateral distal internal carotid arteries. Over",No,Previously curated in consolidated extraction; denominator audit retained,Yes,Previously curated in consolidated extraction; denominator audit retained,Pooled analysis/direct-comparison meta-analysis,Yes,"0.31e0.72) bypasses in preventing long-term ischemia. Meta-analysis showed that direct was better than indirect bypass in producing long-term favorable outcomes (OR, 2.62; 95% CI, 1.19e5.79; P [ 0.02), and the pooled analysis showed that combined bypass was better than indirect bypass in pro- ducing long-term favorable outcomes (OR, 1.26; 95% CI, 1.03e1.54; P [ 0.02). - CONCLUSIONS: Overall, our analyses suggest that direct bypass with or without indirect augmentation pro- vides the best outcomes for adults with MD. INTRODUCTION M oyamoya disease (MD) is characterized by idiopathic progressive narrowing or occlusion of the bilateral distal internal carotid arteries. Over",Curated extraction — eligible after final denominator check,,Studies: 47; patients: NR,[MESCLADO 3 p. 193],Observational evidence; pooled single-arm and direct-comparison analyses answer different questions.,retain,,Direct bypass,Indirect bypass,TRUE,TRUE,,TRUE,TRUE,TRUE,TRUE,Functional,Adult mixed,Direct vs indirect,Favorable functional outcome,Late/long-term,Mixed/unclear,OR,FALSE,FALSE,NOT_REQUIRED,,,2.62,1.19,5.79,Direct bypass,Indirect bypass,2.62,1.19,5.79,0.9631743177730056,0.17395330712343798,1.7561322915849038,0.9631743177730056,0.17395330712343798,1.7561322915849038,0.17395330712343798,1.7561322915849038,Precise benefit,CI excludes null,OR 2.62 (1.19 to 5.79),OR 2.62 (1.19 to 5.79),FALSE
E0111,R058,MOY-0134,Tier 1 — Core formal synthesis,Perioperative safety/risk,Other,Perioperative Complications and Long-Term Outcomes After Bypasses in Adults with Moyamoya Disease: A Systematic Review and Meta-Analysis,Adults with MMD,Combined bypass,Indirect bypass,Long-term favorable outcome,late,patient/procedure,Studies: 47; patients: NR,OR,1.26,1.03–1.54,0.02,NR,Favours combined,[MESCLADO 3 p. 193],Observational evidence; pooled single-arm and direct-comparison analyses answer different questions.,Critically low,High,Core clinical-surgical evidence table,Previously curated in consolidated extraction; denominator audit retained,"Do not pool across age, MMD/MMS, presentation, early/late horizon or patient/hemisphere/procedure units unless explicitly harmonized.",MOY-0134,Tier 1 — Core formal synthesis,Perioperative Complications and Long-Term Outcomes After Bypasses in Adults with Moyamoya Disease: A Systematic Review and Meta-Analysis,Yes,Critically low,High,1.26,1.03,1.54,TRUE,TRUE,FALSE,TRUE,ADULT_MIX,C03,O06,T3,U07,EM_OR,COMPARATIVE,1,canonical,1,ADULT_MIX|C03|O06|T3|U07,ADULT_MIX|C03|O06|T3|U07|EM_OR,High,FALSE,FALSE,review_profile,text_rule,keyword,long_term,mixed_or_unclear,exact,,1.03,1.54,TRUE,FALSE,TRUE,0.23111172096338664,0.23111172096338664,0.23111172096338664,TRUE,TRUE,TRUE,ADULT_MIX|C03|O06|T3|U07,ADULT_MIX|C03|O06|T3|U07|EM_OR,Curated extraction — eligible after final denominator check,No,,Pooled analysis/direct-comparison meta-analysis,"2; 95% CI, 1.19e5.79; P [ 0.02), and the pooled analysis showed that combined bypass was better than indirect bypass in pro- ducing long-term favorable outcomes (OR, 1.26; 95% CI, 1.03e1.54; P [ 0.02). - CONCLUSIONS: Overall, our analyses suggest that direct bypass with or without indirect augmentation pro- vides the best outcomes for adults with MD. INTRODUCTION M oyamoya disease (MD) is characterized by idiopathic progressive narrowing or occlusion of the bilateral distal internal carotid arteries. Over time, compensa- tory collateral vasculature develops in the basal brain, which is commonly seen on angiography as a puff of smoke.1 Without treatment, adults with MD pro",No,Previously curated in consolidated extraction; denominator audit retained,Yes,Previously curated in consolidated extraction; denominator audit retained,Pooled analysis/direct-comparison meta-analysis,Yes,"2; 95% CI, 1.19e5.79; P [ 0.02), and the pooled analysis showed that combined bypass was better than indirect bypass in pro- ducing long-term favorable outcomes (OR, 1.26; 95% CI, 1.03e1.54; P [ 0.02). - CONCLUSIONS: Overall, our analyses suggest that direct bypass with or without indirect augmentation pro- vides the best outcomes for adults with MD. INTRODUCTION M oyamoya disease (MD) is characterized by idiopathic progressive narrowing or occlusion of the bilateral distal internal carotid arteries. Over time, compensa- tory collateral vasculature develops in the basal brain, which is commonly seen on angiography as a puff of smoke.1 Without treatment, adults with MD pro",Curated extraction — eligible after final denominator check,,Studies: 47; patients: NR,[MESCLADO 3 p. 193],Observational evidence; pooled single-arm and direct-comparison analyses answer different questions.,retain,,Combined bypass,Indirect bypass,TRUE,TRUE,,TRUE,TRUE,TRUE,TRUE,Functional,Adult mixed,Combined vs indirect,Favorable functional outcome,Late/long-term,Mixed/unclear,OR,FALSE,FALSE,NOT_REQUIRED,,,1.26,1.03,1.54,Combined bypass,Indirect bypass,1.26,1.03,1.54,0.23111172096338664,0.02955880224154443,0.43178241642553783,0.23111172096338664,0.02955880224154443,0.43178241642553783,0.02955880224154443,0.43178241642553783,Precise benefit,CI excludes null,OR 1.26 (1.03 to 1.54),OR 1.26 (1.03 to 1.54),FALSE
E0112,R060,MOY-0020,Tier 1 — Core formal synthesis,Angiography/hemodynamics/monitoring,Angiographic/technical success,Angiographic outcomes after indirect revascularization in pediatric Moyamoya disease: a systematic review and meta-analysis,Pediatric MMD after indirect revascularization,Indirect revascularization,NA,Matsushima grade A,angiographic follow-up,hemisphere,Studies: 17; patients: NR,pooled proportion,47%,NR,NR,NR,Angiographic collateralization distribution,[MESCLADO 3 p. 212],Matsushima grade is angiographic; do not equate it automatically with fewer clinical events.,Low,Unclear,Core clinical-surgical evidence table,Previously curated in consolidated extraction; denominator audit retained,"Do not pool across age, MMD/MMS, presentation, early/late horizon or patient/hemisphere/procedure units unless explicitly harmonized.",MOY-0020,Tier 1 — Core formal synthesis,Angiographic outcomes after indirect revascularization in pediatric Moyamoya disease: a systematic review and meta-analysis,Yes,Low,Unclear,,,,FALSE,FALSE,FALSE,,PED_MIX,C12,O10,T4,U02,EM_PROPORTION,DESCRIPTIVE_WITH_COMPARATOR,0,not_orientable,1,PED_MIX|C12|O10|T4|U02,PED_MIX|C12|O10|T4|U02|EM_PROPORTION,High,FALSE,FALSE,review_profile,review_profile,keyword,mixed_or_unspecified_followup,exact,proportion,,,,FALSE,FALSE,FALSE,,,,TRUE,TRUE,FALSE,PED_MIX|C12|O10|T4|U02,PED_MIX|C12|O10|T4|U02|EM_PROPORTION,Curated extraction — eligible after final denominator check,No,,Single-arm proportional meta-analysis,"chniques in pediatric Moyamoya show favorable angiographic and clinical results, with low complications and high functional inde pendence. According to the Matsushima scale, about 47% of the hemispheres achieved grade A, 38% grade B and 12% grade C. Pial synangiosis and EDAMS were more effective in grade A, whereas EDAS showed a lower proportion in grade A and slightly more in grade C. Postoperative complications were low and most patients achieved good functional status (mRS ≤2). These findings suggest the safe and effective use of indirect techniques, although the high heterogene ity and methodological limitations evidence the need for randomized studies to validate and",No,Previously curated in consolidated extraction; denominator audit retained,Yes,Previously curated in consolidated extraction; denominator audit retained,Single-arm proportional meta-analysis,Yes,"chniques in pediatric Moyamoya show favorable angiographic and clinical results, with low complications and high functional inde pendence. According to the Matsushima scale, about 47% of the hemispheres achieved grade A, 38% grade B and 12% grade C. Pial synangiosis and EDAMS were more effective in grade A, whereas EDAS showed a lower proportion in grade A and slightly more in grade C. Postoperative complications were low and most patients achieved good functional status (mRS ≤2). These findings suggest the safe and effective use of indirect techniques, although the high heterogene ity and methodological limitations evidence the need for randomized studies to validate and",Curated extraction — eligible after final denominator check,,Studies: 17; patients: NR,[MESCLADO 3 p. 212],Matsushima grade is angiographic; do not equate it automatically with fewer clinical events.,retain,,Indirect revascularization,NA,TRUE,TRUE,,TRUE,FALSE,FALSE,TRUE,Angiographic,Pediatric mixed MMD/MMS,Indirect technique subtypes,Matsushima/collateralization,Mixed/unspecified follow-up,Hemisphere,Proportion,FALSE,FALSE,NOT_REQUIRED,,,,,,Indirect revascularization,NA,,,,,,,,,,,,Direction not prespecified,Not orientable,NR,NR,FALSE
E0113,R060,MOY-0020,Tier 1 — Core formal synthesis,Angiography/hemodynamics/monitoring,Angiographic/technical success,Angiographic outcomes after indirect revascularization in pediatric Moyamoya disease: a systematic review and meta-analysis,Pediatric MMD after indirect revascularization,Indirect revascularization,NA,Matsushima grade B,angiographic follow-up,hemisphere,Studies: 17; patients: NR,pooled proportion,38%,NR,NR,NR,Angiographic collateralization distribution,[MESCLADO 3 p. 212],Matsushima grade is angiographic; do not equate it automatically with fewer clinical events.,Low,Unclear,Core clinical-surgical evidence table,Previously curated in consolidated extraction; denominator audit retained,"Do not pool across age, MMD/MMS, presentation, early/late horizon or patient/hemisphere/procedure units unless explicitly harmonized.",MOY-0020,Tier 1 — Core formal synthesis,Angiographic outcomes after indirect revascularization in pediatric Moyamoya disease: a systematic review and meta-analysis,Yes,Low,Unclear,,,,FALSE,FALSE,FALSE,,PED_MIX,C12,O10,T4,U02,EM_PROPORTION,DESCRIPTIVE_WITH_COMPARATOR,0,not_orientable,1,PED_MIX|C12|O10|T4|U02,PED_MIX|C12|O10|T4|U02|EM_PROPORTION,High,FALSE,FALSE,review_profile,review_profile,keyword,mixed_or_unspecified_followup,exact,proportion,,,,FALSE,FALSE,FALSE,,,,TRUE,TRUE,FALSE,PED_MIX|C12|O10|T4|U02,PED_MIX|C12|O10|T4|U02|EM_PROPORTION,Curated extraction — eligible after final denominator check,No,,Single-arm proportional meta-analysis,"able angiographic and clinical results, with low complications and high functional inde pendence. According to the Matsushima scale, about 47% of the hemispheres achieved grade A, 38% grade B and 12% grade C. Pial synangiosis and EDAMS were more effective in grade A, whereas EDAS showed a lower proportion in grade A and slightly more in grade C. Postoperative complications were low and most patients achieved good functional status (mRS ≤2). These findings suggest the safe and effective use of indirect techniques, although the high heterogene ity and methodological limitations evidence the need for randomized studies to validate and optimize these results in the long term.",No,Previously curated in consolidated extraction; denominator audit retained,Yes,Previously curated in consolidated extraction; denominator audit retained,Single-arm proportional meta-analysis,Yes,"able angiographic and clinical results, with low complications and high functional inde pendence. According to the Matsushima scale, about 47% of the hemispheres achieved grade A, 38% grade B and 12% grade C. Pial synangiosis and EDAMS were more effective in grade A, whereas EDAS showed a lower proportion in grade A and slightly more in grade C. Postoperative complications were low and most patients achieved good functional status (mRS ≤2). These findings suggest the safe and effective use of indirect techniques, although the high heterogene ity and methodological limitations evidence the need for randomized studies to validate and optimize these results in the long term.",Curated extraction — eligible after final denominator check,,Studies: 17; patients: NR,[MESCLADO 3 p. 212],Matsushima grade is angiographic; do not equate it automatically with fewer clinical events.,retain,,Indirect revascularization,NA,TRUE,TRUE,,TRUE,FALSE,FALSE,TRUE,Angiographic,Pediatric mixed MMD/MMS,Indirect technique subtypes,Matsushima/collateralization,Mixed/unspecified follow-up,Hemisphere,Proportion,FALSE,FALSE,NOT_REQUIRED,,,,,,Indirect revascularization,NA,,,,,,,,,,,,Direction not prespecified,Not orientable,NR,NR,FALSE
E0114,R060,MOY-0020,Tier 1 — Core formal synthesis,Angiography/hemodynamics/monitoring,Angiographic/technical success,Angiographic outcomes after indirect revascularization in pediatric Moyamoya disease: a systematic review and meta-analysis,Pediatric MMD after indirect revascularization,Indirect revascularization,NA,Matsushima grade C,angiographic follow-up,hemisphere,Studies: 17; patients: NR,pooled proportion,12%,NR,NR,NR,Angiographic collateralization distribution,[MESCLADO 3 p. 212],Matsushima grade is angiographic; do not equate it automatically with fewer clinical events.,Low,Unclear,Core clinical-surgical evidence table,Previously curated in consolidated extraction; denominator audit retained,"Do not pool across age, MMD/MMS, presentation, early/late horizon or patient/hemisphere/procedure units unless explicitly harmonized.",MOY-0020,Tier 1 — Core formal synthesis,Angiographic outcomes after indirect revascularization in pediatric Moyamoya disease: a systematic review and meta-analysis,Yes,Low,Unclear,,,,FALSE,FALSE,FALSE,,PED_MIX,C12,O10,T4,U02,EM_PROPORTION,DESCRIPTIVE_WITH_COMPARATOR,0,not_orientable,1,PED_MIX|C12|O10|T4|U02,PED_MIX|C12|O10|T4|U02|EM_PROPORTION,High,FALSE,FALSE,review_profile,review_profile,keyword,mixed_or_unspecified_followup,exact,proportion,,,,FALSE,FALSE,FALSE,,,,TRUE,TRUE,FALSE,PED_MIX|C12|O10|T4|U02,PED_MIX|C12|O10|T4|U02|EM_PROPORTION,Curated extraction — eligible after final denominator check,No,,Single-arm proportional meta-analysis,"c and clinical results, with low complications and high functional inde pendence. According to the Matsushima scale, about 47% of the hemispheres achieved grade A, 38% grade B and 12% grade C. Pial synangiosis and EDAMS were more effective in grade A, whereas EDAS showed a lower proportion in grade A and slightly more in grade C. Postoperative complications were low and most patients achieved good functional status (mRS ≤2). These findings suggest the safe and effective use of indirect techniques, although the high heterogene ity and methodological limitations evidence the need for randomized studies to validate and optimize these results in the long term. Keywords Pediat",No,Previously curated in consolidated extraction; denominator audit retained,Yes,Previously curated in consolidated extraction; denominator audit retained,Single-arm proportional meta-analysis,Yes,"c and clinical results, with low complications and high functional inde pendence. According to the Matsushima scale, about 47% of the hemispheres achieved grade A, 38% grade B and 12% grade C. Pial synangiosis and EDAMS were more effective in grade A, whereas EDAS showed a lower proportion in grade A and slightly more in grade C. Postoperative complications were low and most patients achieved good functional status (mRS ≤2). These findings suggest the safe and effective use of indirect techniques, although the high heterogene ity and methodological limitations evidence the need for randomized studies to validate and optimize these results in the long term. Keywords Pediat",Curated extraction — eligible after final denominator check,,Studies: 17; patients: NR,[MESCLADO 3 p. 212],Matsushima grade is angiographic; do not equate it automatically with fewer clinical events.,retain,,Indirect revascularization,NA,TRUE,TRUE,,TRUE,FALSE,FALSE,TRUE,Angiographic,Pediatric mixed MMD/MMS,Indirect technique subtypes,Matsushima/collateralization,Mixed/unspecified follow-up,Hemisphere,Proportion,FALSE,FALSE,NOT_REQUIRED,,,,,,Indirect revascularization,NA,,,,,,,,,,,,Direction not prespecified,Not orientable,NR,NR,FALSE
E0115,R061,MOY-0120,Tier 2 — Contextual formal synthesis/evidence map,General revascularization/technique comparison,Other,Moyamoya disease in Latin America: A systematic literature review with an illustrative case,Latin American MMD,Medical and surgical management,NA,Included patient denominator,follow-up,patient,21 studies + illustrative case,count,47 in abstract; 32 in Results,NR,NR,NR,Internal discrepancy retained,[MESCLADO 4 p. 1],Do not reconcile or recalculate; verify against individual case table before any pooled denominator.,Critically low,Unclear,Contextual formal evidence table,Previously curated in consolidated extraction; denominator audit retained,"Do not pool across age, MMD/MMS, presentation, early/late horizon or patient/hemisphere/procedure units unless explicitly harmonized.",MOY-0120,Tier 2 — Contextual formal synthesis/evidence map,Moyamoya disease in Latin America: A systematic literature review with an illustrative case,Yes,Critically low,Unclear,,,,FALSE,FALSE,FALSE,,MIXED_UNSEP,C00,O99,T4,U01,EM_COUNT,DESCRIPTIVE,0,not_orientable,0,MIXED_UNSEP|C00|O99|T4|U01,MIXED_UNSEP|C00|O99|T4|U01|EM_COUNT,Moderate,TRUE,FALSE,review_profile,review_profile,other_or_composite,mixed_or_unspecified_followup,exact,exact,C00 and O99 are operational noninferential codes and do not create new SAP comparisons/outcomes.,,,FALSE,FALSE,FALSE,,,,FALSE,FALSE,FALSE,MIXED_UNSEP|C00|O99|T4|U01,MIXED_UNSEP|C00|O99|T4|U01|EM_COUNT,Curated extraction — eligible after final denominator check,No,,Systematic review inventory,"l presentation, diagnostics, treatments, and outcomes were extracted. Risk of bias was assessed using the Joanna Briggs Institute checklist. Results: Twenty-one studies comprising 47 patients from Brazil, Mexico, Colombia, Cuba, and Peru were included. Ischemic strokes were the most frequent presentation (78%), followed by hemorrhagic events (22%). Digital subtraction angiography (DSA) was the most frequently used diagnostic tool. Treatments ranged from medical therapy to surgical revascularization, mainly encephaloduroarteriosynangiosis. Across studies, most patients showed favorable outcomes, particularly those undergoing surgical intervention, while neurological sequel",No,Previously curated in consolidated extraction; denominator audit retained,Yes,Previously curated in consolidated extraction; denominator audit retained,Systematic review inventory,Yes,"l presentation, diagnostics, treatments, and outcomes were extracted. Risk of bias was assessed using the Joanna Briggs Institute checklist. Results: Twenty-one studies comprising 47 patients from Brazil, Mexico, Colombia, Cuba, and Peru were included. Ischemic strokes were the most frequent presentation (78%), followed by hemorrhagic events (22%). Digital subtraction angiography (DSA) was the most frequently used diagnostic tool. Treatments ranged from medical therapy to surgical revascularization, mainly encephaloduroarteriosynangiosis. Across studies, most patients showed favorable outcomes, particularly those undergoing surgical intervention, while neurological sequel",Curated extraction — eligible after final denominator check,,21 studies + illustrative case,[MESCLADO 4 p. 1],Do not reconcile or recalculate; verify against individual case table before any pooled denominator.,retain,,Medical and surgical management,NA,TRUE,TRUE,,TRUE,FALSE,FALSE,TRUE,Other/composite,Mixed/unseparated,No formal comparison,Other/composite,Mixed/unspecified follow-up,Patient,Count,TRUE,FALSE,NOT_REQUIRED_AFTER_INITIAL_HARMONIZATION,,,,,,Medical and surgical management,NA,,,,,,,,,,,,Direction not prespecified,Not orientable,NR,NR,FALSE
E0116,R061,MOY-0120,Tier 2 — Contextual formal synthesis/evidence map,General revascularization/technique comparison,Ischemic/stroke events,Moyamoya disease in Latin America: A systematic literature review with an illustrative case,Latin American MMD,NA,NA,Ischemic presentation,presentation,patient,Studies: 21; patients: 47 in abstract versus 32 in Results (internal discrepancy),proportion,78%,NR,NR,NR,Ischemic presentation predominated,[MESCLADO 4 p. 1],Cannot infer regional treatment superiority or epidemiology from published cases. Apparent favorable surgical outcomes versus severe publication/selection bias and sparse follow-up.,Critically low,Unclear,Contextual formal evidence table,Previously curated in consolidated extraction; denominator audit retained,"Do not pool across age, MMD/MMS, presentation, early/late horizon or patient/hemisphere/procedure units unless explicitly harmonized.",MOY-0120,Tier 2 — Contextual formal synthesis/evidence map,Moyamoya disease in Latin America: A systematic literature review with an illustrative case,Yes,Critically low,Unclear,,,,FALSE,FALSE,FALSE,,MIXED_UNSEP,C00,O02,T9,U01,EM_PROPORTION,DESCRIPTIVE,0,not_orientable,-1,MIXED_UNSEP|C00|O02|T9|U01,MIXED_UNSEP|C00|O02|T9|U01|EM_PROPORTION,Moderate,TRUE,FALSE,review_profile,review_profile,keyword,not_analytic,exact,proportion,C00 and O99 are operational noninferential codes and do not create new SAP comparisons/outcomes.,,,FALSE,FALSE,FALSE,,,,FALSE,TRUE,FALSE,MIXED_UNSEP|C00|O02|T9|U01,MIXED_UNSEP|C00|O02|T9|U01|EM_PROPORTION,Curated extraction — eligible after final denominator check,No,,Pooled descriptive review,"te checklist. Results: Twenty-one studies comprising 47 patients from Brazil, Mexico, Colombia, Cuba, and Peru were included. Ischemic strokes were the most frequent presentation (78%), followed by hemorrhagic events (22%). Digital subtraction angiography (DSA) was the most frequently used diagnostic tool. Treatments ranged from medical therapy to surgical revascularization, mainly encephaloduroarteriosynangiosis. Across studies, most patients showed favorable outcomes, particularly those undergoing surgical intervention, while neurological sequelae were reported in a subset of cases. Conclusion: In Latin America, MMD mainly presents with ischemic symptoms and is typicall",No,Previously curated in consolidated extraction; denominator audit retained,Yes,Previously curated in consolidated extraction; denominator audit retained,Pooled descriptive review,Yes,"te checklist. Results: Twenty-one studies comprising 47 patients from Brazil, Mexico, Colombia, Cuba, and Peru were included. Ischemic strokes were the most frequent presentation (78%), followed by hemorrhagic events (22%). Digital subtraction angiography (DSA) was the most frequently used diagnostic tool. Treatments ranged from medical therapy to surgical revascularization, mainly encephaloduroarteriosynangiosis. Across studies, most patients showed favorable outcomes, particularly those undergoing surgical intervention, while neurological sequelae were reported in a subset of cases. Conclusion: In Latin America, MMD mainly presents with ischemic symptoms and is typicall",Curated extraction — eligible after final denominator check,,Studies: 21; patients: 47 in abstract versus 32 in Results (internal discrepancy),[MESCLADO 4 p. 1],Cannot infer regional treatment superiority or epidemiology from published cases. Apparent favorable surgical outcomes versus severe publication/selection bias and sparse follow-up.,retain,,NA,NA,TRUE,TRUE,,TRUE,FALSE,FALSE,TRUE,Clinical events/safety,Mixed/unseparated,No formal comparison,Late ischemic stroke,Not reported/not analytic,Patient,Proportion,TRUE,FALSE,NOT_REQUIRED_AFTER_INITIAL_HARMONIZATION,,,,,,NA,NA,,,,,,,,,,,,Direction not prespecified,Not orientable,NR,NR,FALSE
E0117,R061,MOY-0120,Tier 2 — Contextual formal synthesis/evidence map,General revascularization/technique comparison,Hemorrhagic events,Moyamoya disease in Latin America: A systematic literature review with an illustrative case,Latin American MMD,NA,NA,Hemorrhagic presentation,presentation,patient,Studies: 21; patients: 47 in abstract versus 32 in Results (internal discrepancy),proportion,22%,NR,NR,NR,Minority hemorrhagic presentation,[MESCLADO 4 p. 1],Cannot infer regional treatment superiority or epidemiology from published cases. Apparent favorable surgical outcomes versus severe publication/selection bias and sparse follow-up.,Critically low,Unclear,Contextual formal evidence table,Previously curated in consolidated extraction; denominator audit retained,"Do not pool across age, MMD/MMS, presentation, early/late horizon or patient/hemisphere/procedure units unless explicitly harmonized.",MOY-0120,Tier 2 — Contextual formal synthesis/evidence map,Moyamoya disease in Latin America: A systematic literature review with an illustrative case,Yes,Critically low,Unclear,,,,FALSE,FALSE,FALSE,,MIXED_UNSEP,C00,O05,T9,U01,EM_PROPORTION,DESCRIPTIVE,0,not_orientable,-1,MIXED_UNSEP|C00|O05|T9|U01,MIXED_UNSEP|C00|O05|T9|U01|EM_PROPORTION,Moderate,TRUE,FALSE,review_profile,review_profile,keyword,not_analytic,exact,proportion,C00 and O99 are operational noninferential codes and do not create new SAP comparisons/outcomes.,,,FALSE,FALSE,FALSE,,,,FALSE,TRUE,FALSE,MIXED_UNSEP|C00|O05|T9|U01,MIXED_UNSEP|C00|O05|T9|U01|EM_PROPORTION,Curated extraction — eligible after final denominator check,No,,Pooled descriptive review,"ies comprising 47 patients from Brazil, Mexico, Colombia, Cuba, and Peru were included. Ischemic strokes were the most frequent presentation (78%), followed by hemorrhagic events (22%). Digital subtraction angiography (DSA) was the most frequently used diagnostic tool. Treatments ranged from medical therapy to surgical revascularization, mainly encephaloduroarteriosynangiosis. Across studies, most patients showed favorable outcomes, particularly those undergoing surgical intervention, while neurological sequelae were reported in a subset of cases. Conclusion: In Latin America, MMD mainly presents with ischemic symptoms and is typically diagnosed through DSA. Surgical reva",No,Previously curated in consolidated extraction; denominator audit retained,Yes,Previously curated in consolidated extraction; denominator audit retained,Pooled descriptive review,Yes,"ies comprising 47 patients from Brazil, Mexico, Colombia, Cuba, and Peru were included. Ischemic strokes were the most frequent presentation (78%), followed by hemorrhagic events (22%). Digital subtraction angiography (DSA) was the most frequently used diagnostic tool. Treatments ranged from medical therapy to surgical revascularization, mainly encephaloduroarteriosynangiosis. Across studies, most patients showed favorable outcomes, particularly those undergoing surgical intervention, while neurological sequelae were reported in a subset of cases. Conclusion: In Latin America, MMD mainly presents with ischemic symptoms and is typically diagnosed through DSA. Surgical reva",Curated extraction — eligible after final denominator check,,Studies: 21; patients: 47 in abstract versus 32 in Results (internal discrepancy),[MESCLADO 4 p. 1],Cannot infer regional treatment superiority or epidemiology from published cases. Apparent favorable surgical outcomes versus severe publication/selection bias and sparse follow-up.,retain,,NA,NA,TRUE,TRUE,,TRUE,FALSE,FALSE,TRUE,Clinical events/safety,Mixed/unseparated,No formal comparison,Late hemorrhage/rebleeding,Not reported/not analytic,Patient,Proportion,TRUE,FALSE,NOT_REQUIRED_AFTER_INITIAL_HARMONIZATION,,,,,,NA,NA,,,,,,,,,,,,Direction not prespecified,Not orientable,NR,NR,FALSE
E0118,R063,MOY-0075,Tier 1 — Core formal synthesis,Hemorrhagic phenotype,Ischemic/stroke events,Efficacy of Surgical Treatment on the Recurrent Stroke Prevention for Adult Patients With Hemorrhagic Moyamoya Disease,Adults with hemorrhagic MMD,Surgical revascularization,Conservative treatment,Recurrent stroke,follow-up,patient,Studies: 3; patients: 146,RR,0.43,0.24–0.76,0.004,NR,Favours surgery,[MESCLADO 4 p. 21],"Cannot generalize the magnitude to ischemic-onset, pediatric or non-East Asian populations. Perioperative risk versus late recurrent-event reduction.",Critically low,High,Core clinical-surgical evidence table,Previously curated in consolidated extraction; denominator audit retained,"Do not pool across age, MMD/MMS, presentation, early/late horizon or patient/hemisphere/procedure units unless explicitly harmonized.",MOY-0075,Tier 1 — Core formal synthesis,Efficacy of Surgical Treatment on the Recurrent Stroke Prevention for Adult Patients With Hemorrhagic Moyamoya Disease,Yes,Critically low,High,0.43,0.24,0.76,TRUE,TRUE,FALSE,TRUE,ADULT_HEM,C06,O02,T4,U01,EM_RR,COMPARATIVE,1,canonical,-1,ADULT_HEM|C06|O02|T4|U01,ADULT_HEM|C06|O02|T4|U01|EM_RR,High,FALSE,FALSE,review_profile,review_profile,keyword,mixed_or_unspecified_followup,exact,exact,,0.24,0.76,TRUE,FALSE,TRUE,-0.843970070294529,-0.843970070294529,0.843970070294529,TRUE,TRUE,TRUE,ADULT_HEM|C06|O02|T4|U01,ADULT_HEM|C06|O02|T4|U01|EM_RR,Curated extraction — eligible after final denominator check,No,,Meta-analysis,"e 2 groups when the authors compared the overall recurrent stroke rate at the end of the follow-up period. Surgical treatment significantly reduced the risk of stroke (risk ratio, 0.43; 95% CI, 0.24–0.76; P ¼ 0.004). Conclusions: The current meta-analysis suggests that surgical treatment is better for conservative treatment in adult hemorrhagic MMD with recurrent stroke rate. Future studies are required to confirm this conclusion. Key Words: Adult, conservative treatment, meta-analysis, moyamoya disease, surgical treatment (J Craniofac Surg 2017;28: 2113–2116) M oyamoya disease (MMD) is a chronic, occlusive cerebrovas- cular disease involving unilateral or bilateral steno",No,Previously curated in consolidated extraction; denominator audit retained,Yes,Previously curated in consolidated extraction; denominator audit retained,Meta-analysis,Yes,"e 2 groups when the authors compared the overall recurrent stroke rate at the end of the follow-up period. Surgical treatment significantly reduced the risk of stroke (risk ratio, 0.43; 95% CI, 0.24–0.76; P ¼ 0.004). Conclusions: The current meta-analysis suggests that surgical treatment is better for conservative treatment in adult hemorrhagic MMD with recurrent stroke rate. Future studies are required to confirm this conclusion. Key Words: Adult, conservative treatment, meta-analysis, moyamoya disease, surgical treatment (J Craniofac Surg 2017;28: 2113–2116) M oyamoya disease (MMD) is a chronic, occlusive cerebrovas- cular disease involving unilateral or bilateral steno",Curated extraction — eligible after final denominator check,,Studies: 3; patients: 146,[MESCLADO 4 p. 21],"Cannot generalize the magnitude to ischemic-onset, pediatric or non-East Asian populations. Perioperative risk versus late recurrent-event reduction.",exclude_duplicate,E0295,Surgical revascularization,Conservative treatment,FALSE,FALSE,Duplicate representation of the same review-level result; retain E0295.,TRUE,TRUE,FALSE,FALSE,Clinical events/safety,Adult hemorrhagic,Hemorrhagic MMD: revascularization comparison,Late ischemic stroke,Mixed/unspecified follow-up,Patient,RR,FALSE,FALSE,NOT_REQUIRED,,,0.43,0.24,0.76,Surgical revascularization,Conservative treatment,0.43,0.24,0.76,-0.843970070294529,-1.4271163556401458,-0.2744368457017603,0.843970070294529,1.4271163556401458,0.2744368457017603,0.2744368457017603,1.4271163556401458,Precise benefit,CI excludes null,RR 0.43 (0.24 to 0.76),RR 0.43 (0.24 to 0.76),FALSE
E0119,R064,MOY-0152,Tier 1 — Core formal synthesis,Perioperative safety/risk,Ischemic/stroke events,Risk factors for postoperative stroke in adult patients with moyamoya disease: a systematic review with meta-analysis,Adults with MMD undergoing surgery,Revascularization surgery,Risk factor absent/reference,Preoperative ischemic presentation,postoperative,patient,"Studies: 8; patients: 1,649",OR,1.40,1.02–1.92,NR,NR,Higher postoperative stroke risk,[MESCLADO 4 p. 25],Prognostic association; bypass-technique association is confounded by indication and is not randomized.,Critically low,Unclear,Core clinical-surgical evidence table,Previously curated in consolidated extraction; denominator audit retained,"Do not pool across age, MMD/MMS, presentation, early/late horizon or patient/hemisphere/procedure units unless explicitly harmonized.",MOY-0152,Tier 1 — Core formal synthesis,Risk factors for postoperative stroke in adult patients with moyamoya disease: a systematic review with meta-analysis,Yes,Critically low,Unclear,1.4,1.02,1.92,TRUE,TRUE,FALSE,TRUE,ADULT_ISCH,C00,O01,T4,U01,EM_OR,PROGNOSTIC,0,not_orientable,-1,ADULT_ISCH|C00|O01|T4|U01,ADULT_ISCH|C00|O01|T4|U01|EM_OR,High,FALSE,FALSE,subgroup_text,no_authorized_comparison,risk_review_target,mixed_or_unspecified_followup,exact,exact,C00 and O99 are operational noninferential codes and do not create new SAP comparisons/outcomes.,1.02,1.92,TRUE,FALSE,TRUE,0.3364722366212129,,,FALSE,TRUE,FALSE,ADULT_ISCH|C00|O01|T4|U01,ADULT_ISCH|C00|O01|T4|U01|EM_OR,Curated extraction — eligible after final denominator check,No,,Risk-factor meta-analysis,"ompassing 1649 patients who underwent surgery with MMD were selected for analysis. Preoperative ischemic event significantly increase the risk of postoperative stroke events (OR = 1.40; 95%CI = 1.02–1.92; P = 0.039). PCA involvement correlate with an increased risk of post-infarction (OR = 4.60; 95%CI = 2.61– 8.11; P = 0.000). Compared to direct bypass, patients who underwent indirect bypass or combined bypass could significantly increase the risk of postoperative stroke events. (OR = 1.17; 95%CI = 1.03–1.33; p = 0.017). MMD patients with diabetes were associated with an increased risk of postoperative stroke events (OR = 4.02, 95% CI = 1.59–10.16; p = 0.003). MMD patient",No,Previously curated in consolidated extraction; denominator audit retained,Yes,Previously curated in consolidated extraction; denominator audit retained,Risk-factor meta-analysis,Yes,"ompassing 1649 patients who underwent surgery with MMD were selected for analysis. Preoperative ischemic event significantly increase the risk of postoperative stroke events (OR = 1.40; 95%CI = 1.02–1.92; P = 0.039). PCA involvement correlate with an increased risk of post-infarction (OR = 4.60; 95%CI = 2.61– 8.11; P = 0.000). Compared to direct bypass, patients who underwent indirect bypass or combined bypass could significantly increase the risk of postoperative stroke events. (OR = 1.17; 95%CI = 1.03–1.33; p = 0.017). MMD patients with diabetes were associated with an increased risk of postoperative stroke events (OR = 4.02, 95% CI = 1.59–10.16; p = 0.003). MMD patient",Curated extraction — eligible after final denominator check,,"Studies: 8; patients: 1,649",[MESCLADO 4 p. 25],Prognostic association; bypass-technique association is confounded by indication and is not randomized.,retain,,Revascularization surgery,Risk factor absent/reference,TRUE,TRUE,,TRUE,FALSE,FALSE,TRUE,Clinical events/safety,Adult ischemic,No formal comparison,Early ischemic stroke,Mixed/unspecified follow-up,Patient,OR,FALSE,FALSE,NOT_REQUIRED,,,1.4,1.02,1.92,Revascularization surgery,Risk factor absent/reference,1.4,1.02,1.92,0.3364722366212129,0.01980262729617973,0.6523251860396901,-0.3364722366212129,-0.01980262729617973,-0.6523251860396901,-0.6523251860396901,-0.01980262729617973,Precise harm,CI excludes null,OR 1.40 (1.02 to 1.92),OR 1.40 (1.02 to 1.92),FALSE
E0120,R064,MOY-0152,Tier 1 — Core formal synthesis,Perioperative safety/risk,Other,Risk factors for postoperative stroke in adult patients with moyamoya disease: a systematic review with meta-analysis,Adults with MMD undergoing surgery,Revascularization surgery,Risk factor absent/reference,Posterior cerebral artery involvement,postoperative,patient,"Studies: 8; patients: 1,649",OR,4.60,2.61–8.11,NR,NR,Higher postoperative stroke risk,[MESCLADO 4 p. 25],Prognostic association; bypass-technique association is confounded by indication and is not randomized.,Critically low,Unclear,Core clinical-surgical evidence table,Previously curated in consolidated extraction; denominator audit retained,"Do not pool across age, MMD/MMS, presentation, early/late horizon or patient/hemisphere/procedure units unless explicitly harmonized.",MOY-0152,Tier 1 — Core formal synthesis,Risk factors for postoperative stroke in adult patients with moyamoya disease: a systematic review with meta-analysis,Yes,Critically low,Unclear,4.6,2.61,8.11,TRUE,TRUE,FALSE,TRUE,ADULT_MIX,C00,O01,T4,U01,EM_OR,PROGNOSTIC,0,not_orientable,-1,ADULT_MIX|C00|O01|T4|U01,ADULT_MIX|C00|O01|T4|U01|EM_OR,High,FALSE,FALSE,review_profile,no_authorized_comparison,risk_review_target,mixed_or_unspecified_followup,exact,exact,C00 and O99 are operational noninferential codes and do not create new SAP comparisons/outcomes.,2.61,8.11,TRUE,FALSE,TRUE,1.5260563034950492,,,FALSE,TRUE,FALSE,ADULT_MIX|C00|O01|T4|U01,ADULT_MIX|C00|O01|T4|U01|EM_OR,Curated extraction — eligible after final denominator check,No,,Risk-factor meta-analysis,"significantly increase the risk of postoperative stroke events (OR = 1.40; 95%CI = 1.02–1.92; P = 0.039). PCA involvement correlate with an increased risk of post-infarction (OR = 4.60; 95%CI = 2.61– 8.11; P = 0.000). Compared to direct bypass, patients who underwent indirect bypass or combined bypass could significantly increase the risk of postoperative stroke events. (OR = 1.17; 95%CI = 1.03–1.33; p = 0.017). MMD patients with diabetes were associated with an increased risk of postoperative stroke events (OR = 4.02, 95% CI = 1.59–10.16; p = 0.003). MMD patients with hypertension, age at onset and male sex were not associated with an increased risk of postoperative stro",No,Previously curated in consolidated extraction; denominator audit retained,Yes,Previously curated in consolidated extraction; denominator audit retained,Risk-factor meta-analysis,Yes,"significantly increase the risk of postoperative stroke events (OR = 1.40; 95%CI = 1.02–1.92; P = 0.039). PCA involvement correlate with an increased risk of post-infarction (OR = 4.60; 95%CI = 2.61– 8.11; P = 0.000). Compared to direct bypass, patients who underwent indirect bypass or combined bypass could significantly increase the risk of postoperative stroke events. (OR = 1.17; 95%CI = 1.03–1.33; p = 0.017). MMD patients with diabetes were associated with an increased risk of postoperative stroke events (OR = 4.02, 95% CI = 1.59–10.16; p = 0.003). MMD patients with hypertension, age at onset and male sex were not associated with an increased risk of postoperative stro",Curated extraction — eligible after final denominator check,,"Studies: 8; patients: 1,649",[MESCLADO 4 p. 25],Prognostic association; bypass-technique association is confounded by indication and is not randomized.,retain,,Revascularization surgery,Risk factor absent/reference,TRUE,TRUE,,TRUE,FALSE,FALSE,TRUE,Clinical events/safety,Adult mixed,No formal comparison,Early ischemic stroke,Mixed/unspecified follow-up,Patient,OR,FALSE,FALSE,NOT_REQUIRED,,,4.6,2.61,8.11,Revascularization surgery,Risk factor absent/reference,4.6,2.61,8.11,1.5260563034950492,0.959350221334602,2.0930978681273213,-1.5260563034950492,-0.959350221334602,-2.0930978681273213,-2.0930978681273213,-0.959350221334602,Precise harm,CI excludes null,OR 4.60 (2.61 to 8.11),OR 4.60 (2.61 to 8.11),FALSE
E0121,R064,MOY-0152,Tier 1 — Core formal synthesis,Perioperative safety/risk,Other,Risk factors for postoperative stroke in adult patients with moyamoya disease: a systematic review with meta-analysis,Adults with MMD undergoing surgery,Revascularization surgery,Risk factor absent/reference,Indirect/combined versus direct bypass,postoperative,patient,"Studies: 8; patients: 1,649",OR,1.17,1.03–1.33,NR,NR,Higher reported risk with indirect/combined,[MESCLADO 4 p. 25],Prognostic association; bypass-technique association is confounded by indication and is not randomized.,Critically low,Unclear,Core clinical-surgical evidence table,Previously curated in consolidated extraction; denominator audit retained,"Do not pool across age, MMD/MMS, presentation, early/late horizon or patient/hemisphere/procedure units unless explicitly harmonized.",MOY-0152,Tier 1 — Core formal synthesis,Risk factors for postoperative stroke in adult patients with moyamoya disease: a systematic review with meta-analysis,Yes,Critically low,Unclear,1.17,1.03,1.33,TRUE,TRUE,FALSE,TRUE,ADULT_MIX,C00,O01,T4,U01,EM_OR,PROGNOSTIC,0,not_orientable,-1,ADULT_MIX|C00|O01|T4|U01,ADULT_MIX|C00|O01|T4|U01|EM_OR,High,FALSE,FALSE,review_profile,no_authorized_comparison,risk_review_target,mixed_or_unspecified_followup,exact,exact,C00 and O99 are operational noninferential codes and do not create new SAP comparisons/outcomes.,1.03,1.33,TRUE,FALSE,TRUE,0.1570037488096647,,,FALSE,TRUE,FALSE,ADULT_MIX|C00|O01|T4|U01,ADULT_MIX|C00|O01|T4|U01|EM_OR,Curated extraction — eligible after final denominator check,No,,Risk-factor meta-analysis,"8.11; P = 0.000). Compared to direct bypass, patients who underwent indirect bypass or combined bypass could significantly increase the risk of postoperative stroke events. (OR = 1.17; 95%CI = 1.03–1.33; p = 0.017). MMD patients with diabetes were associated with an increased risk of postoperative stroke events (OR = 4.02, 95% CI = 1.59–10.16; p = 0.003). MMD patients with hypertension, age at onset and male sex were not associated with an increased risk of postoperative stroke events (P > 0.05). Conclusions: This systematic review and meta-analysis indicated that preoperative ischemic events, PCA involvement and diabetes were independent risk factors for postoperative s",No,Previously curated in consolidated extraction; denominator audit retained,Yes,Previously curated in consolidated extraction; denominator audit retained,Risk-factor meta-analysis,Yes,"8.11; P = 0.000). Compared to direct bypass, patients who underwent indirect bypass or combined bypass could significantly increase the risk of postoperative stroke events. (OR = 1.17; 95%CI = 1.03–1.33; p = 0.017). MMD patients with diabetes were associated with an increased risk of postoperative stroke events (OR = 4.02, 95% CI = 1.59–10.16; p = 0.003). MMD patients with hypertension, age at onset and male sex were not associated with an increased risk of postoperative stroke events (P > 0.05). Conclusions: This systematic review and meta-analysis indicated that preoperative ischemic events, PCA involvement and diabetes were independent risk factors for postoperative s",Curated extraction — eligible after final denominator check,,"Studies: 8; patients: 1,649",[MESCLADO 4 p. 25],Prognostic association; bypass-technique association is confounded by indication and is not randomized.,retain,,Revascularization surgery,Risk factor absent/reference,TRUE,TRUE,,TRUE,FALSE,FALSE,TRUE,Clinical events/safety,Adult mixed,No formal comparison,Early ischemic stroke,Mixed/unspecified follow-up,Patient,OR,FALSE,FALSE,NOT_REQUIRED,,,1.17,1.03,1.33,Revascularization surgery,Risk factor absent/reference,1.17,1.03,1.33,0.1570037488096647,0.02955880224154443,0.28517894223366247,-0.1570037488096647,-0.02955880224154443,-0.28517894223366247,-0.28517894223366247,-0.02955880224154443,Precise harm,CI excludes null,OR 1.17 (1.03 to 1.33),OR 1.17 (1.03 to 1.33),FALSE
E0122,R064,MOY-0152,Tier 1 — Core formal synthesis,Perioperative safety/risk,Prognostic factors,Risk factors for postoperative stroke in adult patients with moyamoya disease: a systematic review with meta-analysis,Adults with MMD undergoing surgery,Revascularization surgery,Risk factor absent/reference,Diabetes mellitus,postoperative,patient,"Studies: 8; patients: 1,649",OR,4.02,1.59–10.16,NR,NR,Higher postoperative stroke risk,[MESCLADO 4 p. 25],Prognostic association; bypass-technique association is confounded by indication and is not randomized.,Critically low,Unclear,Core clinical-surgical evidence table,Previously curated in consolidated extraction; denominator audit retained,"Do not pool across age, MMD/MMS, presentation, early/late horizon or patient/hemisphere/procedure units unless explicitly harmonized.",MOY-0152,Tier 1 — Core formal synthesis,Risk factors for postoperative stroke in adult patients with moyamoya disease: a systematic review with meta-analysis,Yes,Critically low,Unclear,4.02,1.59,10.16,TRUE,TRUE,FALSE,TRUE,ADULT_MIX,C00,O01,T4,U01,EM_OR,PROGNOSTIC,0,not_orientable,-1,ADULT_MIX|C00|O01|T4|U01,ADULT_MIX|C00|O01|T4|U01|EM_OR,High,FALSE,FALSE,review_profile,no_authorized_comparison,risk_review_target,mixed_or_unspecified_followup,exact,exact,C00 and O99 are operational noninferential codes and do not create new SAP comparisons/outcomes.,1.59,10.16,TRUE,FALSE,TRUE,1.3912819026309295,,,FALSE,TRUE,FALSE,ADULT_MIX|C00|O01|T4|U01,ADULT_MIX|C00|O01|T4|U01|EM_OR,Curated extraction — eligible after final denominator check,No,,Risk-factor meta-analysis,"k of postoperative stroke events. (OR = 1.17; 95%CI = 1.03–1.33; p = 0.017). MMD patients with diabetes were associated with an increased risk of postoperative stroke events (OR = 4.02, 95% CI = 1.59–10.16; p = 0.003). MMD patients with hypertension, age at onset and male sex were not associated with an increased risk of postoperative stroke events (P > 0.05). Conclusions: This systematic review and meta-analysis indicated that preoperative ischemic events, PCA involvement and diabetes were independent risk factors for postoperative stroke in MMD patients. Therefore, in order to ensure the curative effect of patients with MMD, it is very necessary to detect these risk fac",No,Previously curated in consolidated extraction; denominator audit retained,Yes,Previously curated in consolidated extraction; denominator audit retained,Risk-factor meta-analysis,Yes,"k of postoperative stroke events. (OR = 1.17; 95%CI = 1.03–1.33; p = 0.017). MMD patients with diabetes were associated with an increased risk of postoperative stroke events (OR = 4.02, 95% CI = 1.59–10.16; p = 0.003). MMD patients with hypertension, age at onset and male sex were not associated with an increased risk of postoperative stroke events (P > 0.05). Conclusions: This systematic review and meta-analysis indicated that preoperative ischemic events, PCA involvement and diabetes were independent risk factors for postoperative stroke in MMD patients. Therefore, in order to ensure the curative effect of patients with MMD, it is very necessary to detect these risk fac",Curated extraction — eligible after final denominator check,,"Studies: 8; patients: 1,649",[MESCLADO 4 p. 25],Prognostic association; bypass-technique association is confounded by indication and is not randomized.,exclude_duplicate,E0253,Revascularization surgery,Risk factor absent/reference,FALSE,FALSE,Duplicate representation of the same review-level result; retain E0253.,TRUE,FALSE,FALSE,FALSE,Clinical events/safety,Adult mixed,No formal comparison,Early ischemic stroke,Mixed/unspecified follow-up,Patient,OR,FALSE,FALSE,NOT_REQUIRED,,,4.02,1.59,10.16,Revascularization surgery,Risk factor absent/reference,4.02,1.59,10.16,1.3912819026309295,0.4637340162321402,2.318458442150336,-1.3912819026309295,-0.4637340162321402,-2.318458442150336,-2.318458442150336,-0.4637340162321402,Precise harm,CI excludes null,OR 4.02 (1.59 to 10.16),OR 4.02 (1.59 to 10.16),FALSE
E0123,R066,MOY-0040,Tier 1 — Core formal synthesis,General revascularization/technique comparison,Ischemic/stroke events,Cerebrovascular events after surgery versus conservative therapy for moyamoya disease: a meta-analysis,MMD patients in comparative cohorts,Surgical revascularization,Conservative therapy,All stroke during follow-up,follow-up,patient,"Studies: 10; patients: 2,484",OR,0.38,0.23–0.64,NR,NR,Favours surgery; 14.1% vs 30.0%,[MESCLADO 4 p. 40],"Cannot generalize the magnitude to ischemic-onset, pediatric or non-East Asian populations. Perioperative risk versus late recurrent-event reduction.",Critically low,High,Core clinical-surgical evidence table,Previously curated in consolidated extraction; denominator audit retained,"Do not pool across age, MMD/MMS, presentation, early/late horizon or patient/hemisphere/procedure units unless explicitly harmonized.",MOY-0040,Tier 1 — Core formal synthesis,Cerebrovascular events after surgery versus conservative therapy for moyamoya disease: a meta-analysis,Yes,Critically low,High,0.38,0.23,0.64,TRUE,TRUE,FALSE,TRUE,MIXED_UNSEP,C01,O16,T4,U01,EM_OR,COMPARATIVE,1,canonical,-1,MIXED_UNSEP|C01|O16|T4|U01,MIXED_UNSEP|C01|O16|T4|U01|EM_OR,High,FALSE,FALSE,review_profile,text_rule,keyword,mixed_or_unspecified_followup,exact,exact,,0.23,0.64,TRUE,FALSE,TRUE,-0.9675840262617056,-0.9675840262617056,0.9675840262617056,TRUE,TRUE,TRUE,MIXED_UNSEP|C01|O16|T4|U01,MIXED_UNSEP|C01|O16|T4|U01|EM_OR,Curated extraction — eligible after final denominator check,No,,Comparative meta-analysis,"analyses on odds ratios (ORs). We included 2,484 patients from 10 studies. The rate of all stroke was 14.1% in surgical treated compared to 30.0% in non-surgical-treated patients [pooled OR 0.38, 95%; confidence interval (CI) 0.23–0.64]. In subgroup analyses, we identified an association between surgery and all stroke in patients presenting with hemorrhagic, but not in patients with ischemic MMD. Hemorrhagic stroke during follow-up was less frequent in patients who underwent a surgical intervention, 4.6% compared to 18.6% of the conservatively treated patients (pooled OR 0.27, 95% CI 0.14–0.53). In addition, we observed a difference in mortality, 0.6% vs. 2.9% (pooled OR",No,Previously curated in consolidated extraction; denominator audit retained,Yes,Previously curated in consolidated extraction; denominator audit retained,Comparative meta-analysis,Yes,"analyses on odds ratios (ORs). We included 2,484 patients from 10 studies. The rate of all stroke was 14.1% in surgical treated compared to 30.0% in non-surgical-treated patients [pooled OR 0.38, 95%; confidence interval (CI) 0.23–0.64]. In subgroup analyses, we identified an association between surgery and all stroke in patients presenting with hemorrhagic, but not in patients with ischemic MMD. Hemorrhagic stroke during follow-up was less frequent in patients who underwent a surgical intervention, 4.6% compared to 18.6% of the conservatively treated patients (pooled OR 0.27, 95% CI 0.14–0.53). In addition, we observed a difference in mortality, 0.6% vs. 2.9% (pooled OR",Curated extraction — eligible after final denominator check,,"Studies: 10; patients: 2,484",[MESCLADO 4 p. 40],"Cannot generalize the magnitude to ischemic-onset, pediatric or non-East Asian populations. Perioperative risk versus late recurrent-event reduction.",retain,,Surgical revascularization,Conservative therapy,TRUE,TRUE,Reclassified as any/recurrent stroke or composite cerebrovascular event rather than ischemic or hemorrhagic stroke alone.,TRUE,TRUE,TRUE,TRUE,Clinical events/safety,Mixed/unseparated,Surgery vs conservative,Any/recurrent stroke,Mixed/unspecified follow-up,Patient,OR,FALSE,FALSE,NOT_REQUIRED,,,0.38,0.23,0.64,Surgical revascularization,Conservative therapy,0.38,0.23,0.64,-0.9675840262617056,-1.4696759700589417,-0.4462871026284195,0.9675840262617056,1.4696759700589417,0.4462871026284195,0.4462871026284195,1.4696759700589417,Precise benefit,CI excludes null,OR 0.38 (0.23 to 0.64),OR 0.38 (0.23 to 0.64),FALSE
E0124,R066,MOY-0040,Tier 1 — Core formal synthesis,General revascularization/technique comparison,Hemorrhagic events,Cerebrovascular events after surgery versus conservative therapy for moyamoya disease: a meta-analysis,MMD patients in comparative cohorts,Surgical revascularization,Conservative therapy,Hemorrhagic stroke during follow-up,follow-up,patient,"Studies: 10; patients: 2,484",OR,0.27,0.14–0.53,NR,NR,Favours surgery; 4.6% vs 18.6%,[MESCLADO 4 p. 40],"Cannot generalize the magnitude to ischemic-onset, pediatric or non-East Asian populations. Perioperative risk versus late recurrent-event reduction.",Critically low,High,Core clinical-surgical evidence table,Previously curated in consolidated extraction; denominator audit retained,"Do not pool across age, MMD/MMS, presentation, early/late horizon or patient/hemisphere/procedure units unless explicitly harmonized.",MOY-0040,Tier 1 — Core formal synthesis,Cerebrovascular events after surgery versus conservative therapy for moyamoya disease: a meta-analysis,Yes,Critically low,High,0.27,0.14,0.53,TRUE,TRUE,FALSE,TRUE,MIXED_UNSEP,C01,O05,T4,U01,EM_OR,COMPARATIVE,1,canonical,-1,MIXED_UNSEP|C01|O05|T4|U01,MIXED_UNSEP|C01|O05|T4|U01|EM_OR,High,FALSE,FALSE,review_profile,text_rule,keyword,mixed_or_unspecified_followup,exact,exact,,0.14,0.53,TRUE,FALSE,TRUE,-1.3093333199837622,-1.3093333199837622,1.3093333199837622,TRUE,TRUE,TRUE,MIXED_UNSEP|C01|O05|T4|U01,MIXED_UNSEP|C01|O05|T4|U01|EM_OR,Curated extraction — eligible after final denominator check,No,,Comparative meta-analysis,"chemic MMD. Hemorrhagic stroke during follow-up was less frequent in patients who underwent a surgical intervention, 4.6% compared to 18.6% of the conservatively treated patients (pooled OR 0.27, 95% CI 0.14–0.53). In addition, we observed a difference in mortality, 0.6% vs. 2.9% (pooled OR 0.32, 95% CI 0.13–0.77), but did not identify an association between surgical treatment and ischemic stroke (pooled OR 0.71, 95% CI 0.46–1.09). Surgical intervention in MMD is associated with a decreased risk of stroke most striking in patients presenting with hemorrhagic MMD. The relationship was present between surgical treatment and the outcome of hemorrhagic, but not ischemic strok",No,Previously curated in consolidated extraction; denominator audit retained,Yes,Previously curated in consolidated extraction; denominator audit retained,Comparative meta-analysis,Yes,"chemic MMD. Hemorrhagic stroke during follow-up was less frequent in patients who underwent a surgical intervention, 4.6% compared to 18.6% of the conservatively treated patients (pooled OR 0.27, 95% CI 0.14–0.53). In addition, we observed a difference in mortality, 0.6% vs. 2.9% (pooled OR 0.32, 95% CI 0.13–0.77), but did not identify an association between surgical treatment and ischemic stroke (pooled OR 0.71, 95% CI 0.46–1.09). Surgical intervention in MMD is associated with a decreased risk of stroke most striking in patients presenting with hemorrhagic MMD. The relationship was present between surgical treatment and the outcome of hemorrhagic, but not ischemic strok",Curated extraction — eligible after final denominator check,,"Studies: 10; patients: 2,484",[MESCLADO 4 p. 40],"Cannot generalize the magnitude to ischemic-onset, pediatric or non-East Asian populations. Perioperative risk versus late recurrent-event reduction.",exclude_duplicate,E0256,Surgical revascularization,Conservative therapy,FALSE,FALSE,Duplicate representation of the same review-level result; retain E0256.,TRUE,TRUE,FALSE,FALSE,Clinical events/safety,Mixed/unseparated,Surgery vs conservative,Late hemorrhage/rebleeding,Mixed/unspecified follow-up,Patient,OR,FALSE,FALSE,NOT_REQUIRED,,,0.27,0.14,0.53,Surgical revascularization,Conservative therapy,0.27,0.14,0.53,-1.3093333199837622,-1.9661128563728327,-0.6348782724359695,1.3093333199837622,1.9661128563728327,0.6348782724359695,0.6348782724359695,1.9661128563728327,Precise benefit,CI excludes null,OR 0.27 (0.14 to 0.53),OR 0.27 (0.14 to 0.53),FALSE
E0125,R066,MOY-0040,Tier 1 — Core formal synthesis,General revascularization/technique comparison,Mortality,Cerebrovascular events after surgery versus conservative therapy for moyamoya disease: a meta-analysis,MMD patients in comparative cohorts,Surgical revascularization,Conservative therapy,Mortality,follow-up,patient,"Studies: 10; patients: 2,484",OR,NR,NR,NR,NR,Lower descriptive mortality after surgery,[MESCLADO 4 p. 40],"Cannot generalize the magnitude to ischemic-onset, pediatric or non-East Asian populations. Perioperative risk versus late recurrent-event reduction.",Critically low,High,Core clinical-surgical evidence table,Previously curated in consolidated extraction; denominator audit retained,"Do not pool across age, MMD/MMS, presentation, early/late horizon or patient/hemisphere/procedure units unless explicitly harmonized.",MOY-0040,Tier 1 — Core formal synthesis,Cerebrovascular events after surgery versus conservative therapy for moyamoya disease: a meta-analysis,Yes,Critically low,High,,,,TRUE,FALSE,FALSE,,MIXED_UNSEP,C01,O07,T4,U01,EM_OR,COMPARATIVE,1,canonical,-1,MIXED_UNSEP|C01|O07|T4|U01,MIXED_UNSEP|C01|O07|T4|U01|EM_OR,High,FALSE,FALSE,review_profile,text_rule,keyword,mixed_or_unspecified_followup,exact,exact,,,,TRUE,FALSE,FALSE,,,,TRUE,TRUE,FALSE,MIXED_UNSEP|C01|O07|T4|U01,MIXED_UNSEP|C01|O07|T4|U01|EM_OR,Curated extraction — eligible after final denominator check,No,,Comparative meta-analysis,"went a surgical intervention, 4.6% compared to 18.6% of the conservatively treated patients (pooled OR 0.27, 95% CI 0.14–0.53). In addition, we observed a difference in mortality, 0.6% vs. 2.9% (pooled OR 0.32, 95% CI 0.13–0.77), but did not identify an association between surgical treatment and ischemic stroke (pooled OR 0.71, 95% CI 0.46–1.09). Surgical intervention in MMD is associated with a decreased risk of stroke most striking in patients presenting with hemorrhagic MMD. The relationship was present between surgical treatment and the outcome of hemorrhagic, but not ischemic stroke. Keywords Moyamoya disease · Moyamoya · Meta-analysis · Outcome · Surgical interventi",No,Previously curated in consolidated extraction; denominator audit retained,Yes,Previously curated in consolidated extraction; denominator audit retained,Comparative meta-analysis,Yes,"went a surgical intervention, 4.6% compared to 18.6% of the conservatively treated patients (pooled OR 0.27, 95% CI 0.14–0.53). In addition, we observed a difference in mortality, 0.6% vs. 2.9% (pooled OR 0.32, 95% CI 0.13–0.77), but did not identify an association between surgical treatment and ischemic stroke (pooled OR 0.71, 95% CI 0.46–1.09). Surgical intervention in MMD is associated with a decreased risk of stroke most striking in patients presenting with hemorrhagic MMD. The relationship was present between surgical treatment and the outcome of hemorrhagic, but not ischemic stroke. Keywords Moyamoya disease · Moyamoya · Meta-analysis · Outcome · Surgical interventi",Curated extraction — eligible after final denominator check,,"Studies: 10; patients: 2,484",[MESCLADO 4 p. 40],"Cannot generalize the magnitude to ischemic-onset, pediatric or non-East Asian populations. Perioperative risk versus late recurrent-event reduction.",retain,,Surgical revascularization,Conservative therapy,TRUE,TRUE,,FALSE,FALSE,FALSE,TRUE,Clinical events/safety,Mixed/unseparated,Surgery vs conservative,Mortality,Mixed/unspecified follow-up,Patient,OR,FALSE,FALSE,NOT_REQUIRED,,,,,,Surgical revascularization,Conservative therapy,,,,,,,,,,,,Direction not prespecified,Not orientable,NR,NR,FALSE
E0126,R067,MOY-0151,Tier 1 — Core formal synthesis,Perioperative safety/risk,Other,Risk factors for perioperative cerebral infarction in moyamoya disease: a meta-analysis,MMD undergoing revascularization,Revascularization surgery,Risk factor absent/reference,Posterior cerebral artery involvement,perioperative,patient,"Studies: 10 retrospective cohorts; patients: 3,239",OR,2.62,1.36–5.06,NR,NR,Higher perioperative infarction risk,[MESCLADO 4 p. 49],Prognostic association; the exact MRA variable must be interpreted using the review’s definition.,Critically low,Unclear,Core clinical-surgical evidence table,Previously curated in consolidated extraction; denominator audit retained,"Do not pool across age, MMD/MMS, presentation, early/late horizon or patient/hemisphere/procedure units unless explicitly harmonized.",MOY-0151,Tier 1 — Core formal synthesis,Risk factors for perioperative cerebral infarction in moyamoya disease: a meta-analysis,Yes,Critically low,Unclear,2.62,1.36,5.06,TRUE,TRUE,FALSE,TRUE,MIXED_UNSEP,C00,O01,T1,U01,EM_OR,PROGNOSTIC,0,not_orientable,-1,MIXED_UNSEP|C00|O01|T1|U01,MIXED_UNSEP|C00|O01|T1|U01|EM_OR,Moderate,TRUE,FALSE,review_profile,no_authorized_comparison,risk_review_target,early,exact,exact,C00 and O99 are operational noninferential codes and do not create new SAP comparisons/outcomes.,1.36,5.06,TRUE,FALSE,TRUE,0.9631743177730056,,,FALSE,TRUE,FALSE,MIXED_UNSEP|C00|O01|T1|U01,MIXED_UNSEP|C00|O01|T1|U01|EM_OR,Curated extraction — eligible after final denominator check,No,,Risk-factor meta-analysis,"a was analyzed by using stata15.0. Result: Ten retrospective cohort studies (N = 3,239) were included. Meta- analysis results suggested posterior cerebral artery involvement [OR = 2.62, 95%CI (1.36, 5.06)], preoperative magnetic resonance angiography [OR = 2.81, 95%CI (1.27, 6.22)], previous infarction [OR = 2.52, 95% CI (1.69, 3.75)] were risk factor for the development of cerebral infarction perioperative moyamoya disease. Conclusion: This study proves that posterior cerebral artery involvement and grade of preoperative magnetic resonance angiography is higher, and the previous infarction happened moyamoya disease a risk factor for cerebral infarction. Therefore, people",No,Previously curated in consolidated extraction; denominator audit retained,Yes,Previously curated in consolidated extraction; denominator audit retained,Risk-factor meta-analysis,Yes,"a was analyzed by using stata15.0. Result: Ten retrospective cohort studies (N = 3,239) were included. Meta- analysis results suggested posterior cerebral artery involvement [OR = 2.62, 95%CI (1.36, 5.06)], preoperative magnetic resonance angiography [OR = 2.81, 95%CI (1.27, 6.22)], previous infarction [OR = 2.52, 95% CI (1.69, 3.75)] were risk factor for the development of cerebral infarction perioperative moyamoya disease. Conclusion: This study proves that posterior cerebral artery involvement and grade of preoperative magnetic resonance angiography is higher, and the previous infarction happened moyamoya disease a risk factor for cerebral infarction. Therefore, people",Curated extraction — eligible after final denominator check,,"Studies: 10 retrospective cohorts; patients: 3,239",[MESCLADO 4 p. 49],Prognostic association; the exact MRA variable must be interpreted using the review’s definition.,exclude_duplicate,E0296,Revascularization surgery,Risk factor absent/reference,FALSE,FALSE,Duplicate representation of the same review-level result; retain E0296.,TRUE,FALSE,FALSE,FALSE,Clinical events/safety,Mixed/unseparated,No formal comparison,Early ischemic stroke,Early/perioperative,Patient,OR,TRUE,FALSE,NOT_REQUIRED_AFTER_INITIAL_HARMONIZATION,,,2.62,1.36,5.06,Revascularization surgery,Risk factor absent/reference,2.62,1.36,5.06,0.9631743177730056,0.3074846997479607,1.6213664832993742,-0.9631743177730056,-0.3074846997479607,-1.6213664832993742,-1.6213664832993742,-0.3074846997479607,Precise harm,CI excludes null,OR 2.62 (1.36 to 5.06),OR 2.62 (1.36 to 5.06),FALSE
E0127,R067,MOY-0151,Tier 1 — Core formal synthesis,Perioperative safety/risk,Other,Risk factors for perioperative cerebral infarction in moyamoya disease: a meta-analysis,MMD undergoing revascularization,Revascularization surgery,Risk factor absent/reference,Preoperative MRA-related factor as defined by review,perioperative,patient,"Studies: 10 retrospective cohorts; patients: 3,239",OR,2.81,1.27–6.22,NR,NR,Higher perioperative infarction risk,[MESCLADO 4 p. 49],Prognostic association; the exact MRA variable must be interpreted using the review’s definition.,Critically low,Unclear,Core clinical-surgical evidence table,Previously curated in consolidated extraction; denominator audit retained,"Do not pool across age, MMD/MMS, presentation, early/late horizon or patient/hemisphere/procedure units unless explicitly harmonized.",MOY-0151,Tier 1 — Core formal synthesis,Risk factors for perioperative cerebral infarction in moyamoya disease: a meta-analysis,Yes,Critically low,Unclear,2.81,1.27,6.22,TRUE,TRUE,FALSE,TRUE,MIXED_UNSEP,C00,O01,T1,U01,EM_OR,PROGNOSTIC,0,not_orientable,-1,MIXED_UNSEP|C00|O01|T1|U01,MIXED_UNSEP|C00|O01|T1|U01|EM_OR,Moderate,TRUE,FALSE,review_profile,no_authorized_comparison,risk_review_target,early,exact,exact,C00 and O99 are operational noninferential codes and do not create new SAP comparisons/outcomes.,1.27,6.22,TRUE,FALSE,TRUE,1.0331844833456545,,,FALSE,TRUE,FALSE,MIXED_UNSEP|C00|O01|T1|U01,MIXED_UNSEP|C00|O01|T1|U01|EM_OR,Curated extraction — eligible after final denominator check,No,,Risk-factor meta-analysis,"N = 3,239) were included. Meta- analysis results suggested posterior cerebral artery involvement [OR = 2.62, 95%CI (1.36, 5.06)], preoperative magnetic resonance angiography [OR = 2.81, 95%CI (1.27, 6.22)], previous infarction [OR = 2.52, 95% CI (1.69, 3.75)] were risk factor for the development of cerebral infarction perioperative moyamoya disease. Conclusion: This study proves that posterior cerebral artery involvement and grade of preoperative magnetic resonance angiography is higher, and the previous infarction happened moyamoya disease a risk factor for cerebral infarction. Therefore, people with these risk factors should be intervened in advance to prevent the occur",No,Previously curated in consolidated extraction; denominator audit retained,Yes,Previously curated in consolidated extraction; denominator audit retained,Risk-factor meta-analysis,Yes,"N = 3,239) were included. Meta- analysis results suggested posterior cerebral artery involvement [OR = 2.62, 95%CI (1.36, 5.06)], preoperative magnetic resonance angiography [OR = 2.81, 95%CI (1.27, 6.22)], previous infarction [OR = 2.52, 95% CI (1.69, 3.75)] were risk factor for the development of cerebral infarction perioperative moyamoya disease. Conclusion: This study proves that posterior cerebral artery involvement and grade of preoperative magnetic resonance angiography is higher, and the previous infarction happened moyamoya disease a risk factor for cerebral infarction. Therefore, people with these risk factors should be intervened in advance to prevent the occur",Curated extraction — eligible after final denominator check,,"Studies: 10 retrospective cohorts; patients: 3,239",[MESCLADO 4 p. 49],Prognostic association; the exact MRA variable must be interpreted using the review’s definition.,retain,,Revascularization surgery,Risk factor absent/reference,TRUE,TRUE,,TRUE,FALSE,FALSE,TRUE,Clinical events/safety,Mixed/unseparated,No formal comparison,Early ischemic stroke,Early/perioperative,Patient,OR,TRUE,FALSE,NOT_REQUIRED_AFTER_INITIAL_HARMONIZATION,,,2.81,1.27,6.22,Revascularization surgery,Risk factor absent/reference,2.81,1.27,6.22,1.0331844833456545,0.23901690047049992,1.827769906751088,-1.0331844833456545,-0.23901690047049992,-1.827769906751088,-1.827769906751088,-0.23901690047049992,Precise harm,CI excludes null,OR 2.81 (1.27 to 6.22),OR 2.81 (1.27 to 6.22),FALSE
E0128,R067,MOY-0151,Tier 1 — Core formal synthesis,Perioperative safety/risk,Other,Risk factors for perioperative cerebral infarction in moyamoya disease: a meta-analysis,MMD undergoing revascularization,Revascularization surgery,Risk factor absent/reference,Prior cerebral infarction,perioperative,patient,"Studies: 10 retrospective cohorts; patients: 3,239",OR,2.52,1.69–3.75,NR,NR,Higher perioperative infarction risk,[MESCLADO 4 p. 49],Prognostic association; the exact MRA variable must be interpreted using the review’s definition.,Critically low,Unclear,Core clinical-surgical evidence table,Previously curated in consolidated extraction; denominator audit retained,"Do not pool across age, MMD/MMS, presentation, early/late horizon or patient/hemisphere/procedure units unless explicitly harmonized.",MOY-0151,Tier 1 — Core formal synthesis,Risk factors for perioperative cerebral infarction in moyamoya disease: a meta-analysis,Yes,Critically low,Unclear,2.52,1.69,3.75,TRUE,TRUE,FALSE,TRUE,MIXED_UNSEP,C00,O01,T1,U01,EM_OR,PROGNOSTIC,0,not_orientable,-1,MIXED_UNSEP|C00|O01|T1|U01,MIXED_UNSEP|C00|O01|T1|U01|EM_OR,Moderate,TRUE,FALSE,review_profile,no_authorized_comparison,risk_review_target,early,exact,exact,C00 and O99 are operational noninferential codes and do not create new SAP comparisons/outcomes.,1.69,3.75,TRUE,FALSE,TRUE,0.9242589015233319,,,FALSE,TRUE,FALSE,MIXED_UNSEP|C00|O01|T1|U01,MIXED_UNSEP|C00|O01|T1|U01|EM_OR,Curated extraction — eligible after final denominator check,No,,Risk-factor meta-analysis,"ested posterior cerebral artery involvement [OR = 2.62, 95%CI (1.36, 5.06)], preoperative magnetic resonance angiography [OR = 2.81, 95%CI (1.27, 6.22)], previous infarction [OR = 2.52, 95% CI (1.69, 3.75)] were risk factor for the development of cerebral infarction perioperative moyamoya disease. Conclusion: This study proves that posterior cerebral artery involvement and grade of preoperative magnetic resonance angiography is higher, and the previous infarction happened moyamoya disease a risk factor for cerebral infarction. Therefore, people with these risk factors should be intervened in advance to prevent the occurrence of perioperative cerebral infarction. KEYWORDS",No,Previously curated in consolidated extraction; denominator audit retained,Yes,Previously curated in consolidated extraction; denominator audit retained,Risk-factor meta-analysis,Yes,"ested posterior cerebral artery involvement [OR = 2.62, 95%CI (1.36, 5.06)], preoperative magnetic resonance angiography [OR = 2.81, 95%CI (1.27, 6.22)], previous infarction [OR = 2.52, 95% CI (1.69, 3.75)] were risk factor for the development of cerebral infarction perioperative moyamoya disease. Conclusion: This study proves that posterior cerebral artery involvement and grade of preoperative magnetic resonance angiography is higher, and the previous infarction happened moyamoya disease a risk factor for cerebral infarction. Therefore, people with these risk factors should be intervened in advance to prevent the occurrence of perioperative cerebral infarction. KEYWORDS",Curated extraction — eligible after final denominator check,,"Studies: 10 retrospective cohorts; patients: 3,239",[MESCLADO 4 p. 49],Prognostic association; the exact MRA variable must be interpreted using the review’s definition.,retain,,Revascularization surgery,Risk factor absent/reference,TRUE,TRUE,,TRUE,FALSE,FALSE,TRUE,Clinical events/safety,Mixed/unseparated,No formal comparison,Early ischemic stroke,Early/perioperative,Patient,OR,TRUE,FALSE,NOT_REQUIRED_AFTER_INITIAL_HARMONIZATION,,,2.52,1.69,3.75,Revascularization surgery,Risk factor absent/reference,2.52,1.69,3.75,0.9242589015233319,0.5247285289349821,1.3217558399823195,-0.9242589015233319,-0.5247285289349821,-1.3217558399823195,-1.3217558399823195,-0.5247285289349821,Precise harm,CI excludes null,OR 2.52 (1.69 to 3.75),OR 2.52 (1.69 to 3.75),FALSE
E0129,R068,MOY-0009,Tier 1 — Core formal synthesis,Adult revascularization,Ischemic/stroke events,A Comprehensive Meta-Analysis for Bypass Surgery in Adult Moyamoya,Adults with MMD,Surgery,Conservative treatment,Overall stroke recurrence: surgery vs conservative,follow-up,patient/hemisphere,"Studies: 17; patients: 2,224",OR,0.404,0.279–0.585,NR,NR,Favours surgery,[MESCLADO 4 p. 58],Observational technique selection; angiographic benefit is not automatically a clinical stroke benefit.,Critically low,High,Core clinical-surgical evidence table,Previously curated in consolidated extraction; denominator audit retained,"Do not pool across age, MMD/MMS, presentation, early/late horizon or patient/hemisphere/procedure units unless explicitly harmonized.",MOY-0009,Tier 1 — Core formal synthesis,A Comprehensive Meta-Analysis for Bypass Surgery in Adult Moyamoya,Yes,Critically low,High,0.404,0.279,0.585,TRUE,TRUE,FALSE,TRUE,ADULT_MIX,C01,O16,T4,U07,EM_OR,COMPARATIVE,1,canonical,-1,ADULT_MIX|C01|O16|T4|U07,ADULT_MIX|C01|O16|T4|U07|EM_OR,High,FALSE,FALSE,review_profile,text_rule,keyword,mixed_or_unspecified_followup,mixed_or_unclear,exact,,0.279,0.585,TRUE,FALSE,TRUE,-0.9063404010209869,-0.9063404010209869,0.9063404010209869,TRUE,TRUE,TRUE,ADULT_MIX|C01|O16|T4|U07,ADULT_MIX|C01|O16|T4|U07|EM_OR,Curated extraction — eligible after final denominator check,No,,Meta-analysis,"ients with moyamoya were included in the meta-analysis. Compared with CT, surgical revascularization significantly decreased the future stroke events in the total population ([OR] 0.404; 95% confidence interval [CI] 0.279e0.585; P < 0.001) and in the hemorrhagic-onset patients as well (OR 0.259; 95% CI 0.138e0.486; P < 0.001). However, for those patients with moyamoya and ischemia, there was no sig- nificant difference for future stroke events between the bypass and CT groups (OR 0.470; 95% CI 0.140e1.579; P [ 0.222). Bypass also showed no mortality reduction compared with CT (OR 0.372; 95% CI 0.120e1.154; P [ 0.087). For different surgical techniques, no differences for",No,Previously curated in consolidated extraction; denominator audit retained,Yes,Previously curated in consolidated extraction; denominator audit retained,Meta-analysis,Yes,"ients with moyamoya were included in the meta-analysis. Compared with CT, surgical revascularization significantly decreased the future stroke events in the total population ([OR] 0.404; 95% confidence interval [CI] 0.279e0.585; P < 0.001) and in the hemorrhagic-onset patients as well (OR 0.259; 95% CI 0.138e0.486; P < 0.001). However, for those patients with moyamoya and ischemia, there was no sig- nificant difference for future stroke events between the bypass and CT groups (OR 0.470; 95% CI 0.140e1.579; P [ 0.222). Bypass also showed no mortality reduction compared with CT (OR 0.372; 95% CI 0.120e1.154; P [ 0.087). For different surgical techniques, no differences for",Curated extraction — eligible after final denominator check,,"Studies: 17; patients: 2,224",[MESCLADO 4 p. 58],Observational technique selection; angiographic benefit is not automatically a clinical stroke benefit.,retain,,Surgery,Conservative treatment,TRUE,TRUE,Reclassified as any/recurrent stroke or composite cerebrovascular event rather than ischemic or hemorrhagic stroke alone.,TRUE,TRUE,TRUE,TRUE,Clinical events/safety,Adult mixed,Surgery vs conservative,Any/recurrent stroke,Mixed/unspecified follow-up,Mixed/unclear,OR,FALSE,FALSE,NOT_REQUIRED,,,0.404,0.279,0.585,Surgery,Conservative treatment,0.404,0.279,0.585,-0.9063404010209869,-1.2765434971607714,-0.5361434317502807,0.9063404010209869,1.2765434971607714,0.5361434317502807,0.5361434317502807,1.2765434971607714,Precise benefit,CI excludes null,OR 0.40 (0.28 to 0.58),OR 0.40 (0.28 to 0.58),FALSE
E0130,R068,MOY-0009,Tier 1 — Core formal synthesis,Adult revascularization,Hemorrhagic events,A Comprehensive Meta-Analysis for Bypass Surgery in Adult Moyamoya,Adults with MMD,Direct bypass,Indirect bypass,Stroke recurrence in hemorrhagic-presentation MMD,follow-up,patient/hemisphere,"Studies: 17; patients: 2,224",OR,0.259,0.138–0.486,NR,NR,Favours surgery,[MESCLADO 4 p. 58],Observational technique selection; angiographic benefit is not automatically a clinical stroke benefit.,Critically low,High,Core clinical-surgical evidence table,Previously curated in consolidated extraction; denominator audit retained,"Do not pool across age, MMD/MMS, presentation, early/late horizon or patient/hemisphere/procedure units unless explicitly harmonized.",MOY-0009,Tier 1 — Core formal synthesis,A Comprehensive Meta-Analysis for Bypass Surgery in Adult Moyamoya,Yes,Critically low,High,0.259,0.138,0.486,TRUE,TRUE,FALSE,TRUE,ADULT_HEM,C02,O16,T4,U07,EM_OR,COMPARATIVE,1,canonical,-1,ADULT_HEM|C02|O16|T4|U07,ADULT_HEM|C02|O16|T4|U07|EM_OR,High,FALSE,FALSE,subgroup_text,text_rule,keyword,mixed_or_unspecified_followup,mixed_or_unclear,exact,,0.138,0.486,TRUE,FALSE,TRUE,-1.3509272172825992,-1.3509272172825992,1.3509272172825992,TRUE,TRUE,TRUE,ADULT_HEM|C02|O16|T4|U07,ADULT_HEM|C02|O16|T4|U07|EM_OR,Curated extraction — eligible after final denominator check,No,,Meta-analysis,"ntly decreased the future stroke events in the total population ([OR] 0.404; 95% confidence interval [CI] 0.279e0.585; P < 0.001) and in the hemorrhagic-onset patients as well (OR 0.259; 95% CI 0.138e0.486; P < 0.001). However, for those patients with moyamoya and ischemia, there was no sig- nificant difference for future stroke events between the bypass and CT groups (OR 0.470; 95% CI 0.140e1.579; P [ 0.222). Bypass also showed no mortality reduction compared with CT (OR 0.372; 95% CI 0.120e1.154; P [ 0.087). For different surgical techniques, no differences for future stroke events, mortality, and perioperative complications were found between direct bypass and indirect",No,Previously curated in consolidated extraction; denominator audit retained,Yes,Previously curated in consolidated extraction; denominator audit retained,Meta-analysis,Yes,"ntly decreased the future stroke events in the total population ([OR] 0.404; 95% confidence interval [CI] 0.279e0.585; P < 0.001) and in the hemorrhagic-onset patients as well (OR 0.259; 95% CI 0.138e0.486; P < 0.001). However, for those patients with moyamoya and ischemia, there was no sig- nificant difference for future stroke events between the bypass and CT groups (OR 0.470; 95% CI 0.140e1.579; P [ 0.222). Bypass also showed no mortality reduction compared with CT (OR 0.372; 95% CI 0.120e1.154; P [ 0.087). For different surgical techniques, no differences for future stroke events, mortality, and perioperative complications were found between direct bypass and indirect",Curated extraction — eligible after final denominator check,,"Studies: 17; patients: 2,224",[MESCLADO 4 p. 58],Observational technique selection; angiographic benefit is not automatically a clinical stroke benefit.,retain,,Direct bypass,Indirect bypass,TRUE,TRUE,Reclassified as any/recurrent stroke or composite cerebrovascular event rather than ischemic or hemorrhagic stroke alone.,TRUE,TRUE,TRUE,TRUE,Clinical events/safety,Adult hemorrhagic,Direct vs indirect,Any/recurrent stroke,Mixed/unspecified follow-up,Mixed/unclear,OR,FALSE,FALSE,NOT_REQUIRED,,,0.259,0.138,0.486,Direct bypass,Indirect bypass,0.259,0.138,0.486,-1.3509272172825992,-1.9805015938249322,-0.7215466550816433,1.3509272172825992,1.9805015938249322,0.7215466550816433,0.7215466550816433,1.9805015938249322,Precise benefit,CI excludes null,OR 0.26 (0.14 to 0.49),OR 0.26 (0.14 to 0.49),FALSE
E0131,R068,MOY-0009,Tier 1 — Core formal synthesis,Adult revascularization,Ischemic/stroke events,A Comprehensive Meta-Analysis for Bypass Surgery in Adult Moyamoya,Adults with MMD,Direct bypass,Indirect bypass,Stroke recurrence in ischemic-presentation MMD,follow-up,patient/hemisphere,"Studies: 17; patients: 2,224",OR,0.470,0.140–1.579,NR,NR,No significant difference,[MESCLADO 4 p. 58],Observational technique selection; angiographic benefit is not automatically a clinical stroke benefit.,Critically low,High,Core clinical-surgical evidence table,Previously curated in consolidated extraction; denominator audit retained,"Do not pool across age, MMD/MMS, presentation, early/late horizon or patient/hemisphere/procedure units unless explicitly harmonized.",MOY-0009,Tier 1 — Core formal synthesis,A Comprehensive Meta-Analysis for Bypass Surgery in Adult Moyamoya,Yes,Critically low,High,0.47,0.14,1.579,TRUE,TRUE,FALSE,TRUE,ADULT_ISCH,C02,O02,T4,U07,EM_OR,COMPARATIVE,1,canonical,-1,ADULT_ISCH|C02|O02|T4|U07,ADULT_ISCH|C02|O02|T4|U07|EM_OR,High,FALSE,FALSE,subgroup_text,text_rule,keyword,mixed_or_unspecified_followup,mixed_or_unclear,exact,,0.14,1.579,TRUE,FALSE,TRUE,-0.7550225842780328,-0.7550225842780328,0.7550225842780328,TRUE,TRUE,TRUE,ADULT_ISCH|C02|O02|T4|U07,ADULT_ISCH|C02|O02|T4|U07|EM_OR,Curated extraction — eligible after final denominator check,No,,Meta-analysis,".138e0.486; P < 0.001). However, for those patients with moyamoya and ischemia, there was no sig- nificant difference for future stroke events between the bypass and CT groups (OR 0.470; 95% CI 0.140e1.579; P [ 0.222). Bypass also showed no mortality reduction compared with CT (OR 0.372; 95% CI 0.120e1.154; P [ 0.087). For different surgical techniques, no differences for future stroke events, mortality, and perioperative complications were found between direct bypass and indirect bypass, whereas the degree of angiographic revascularization was better in the direct bypass group than in the indirect group (OR 4.720; 95% CI 1.222e18.230; P [ 0.024). - CONCLUSIONS: The bypas",No,Previously curated in consolidated extraction; denominator audit retained,Yes,Previously curated in consolidated extraction; denominator audit retained,Meta-analysis,Yes,".138e0.486; P < 0.001). However, for those patients with moyamoya and ischemia, there was no sig- nificant difference for future stroke events between the bypass and CT groups (OR 0.470; 95% CI 0.140e1.579; P [ 0.222). Bypass also showed no mortality reduction compared with CT (OR 0.372; 95% CI 0.120e1.154; P [ 0.087). For different surgical techniques, no differences for future stroke events, mortality, and perioperative complications were found between direct bypass and indirect bypass, whereas the degree of angiographic revascularization was better in the direct bypass group than in the indirect group (OR 4.720; 95% CI 1.222e18.230; P [ 0.024). - CONCLUSIONS: The bypas",Curated extraction — eligible after final denominator check,,"Studies: 17; patients: 2,224",[MESCLADO 4 p. 58],Observational technique selection; angiographic benefit is not automatically a clinical stroke benefit.,exclude_duplicate,E0258,Direct bypass,Indirect bypass,FALSE,FALSE,Duplicate representation of the same review-level result; retain E0258.,TRUE,TRUE,FALSE,FALSE,Clinical events/safety,Adult ischemic,Direct vs indirect,Late ischemic stroke,Mixed/unspecified follow-up,Mixed/unclear,OR,FALSE,FALSE,NOT_REQUIRED,,,0.47,0.14,1.579,Direct bypass,Indirect bypass,0.47,0.14,1.579,-0.7550225842780328,-1.9661128563728327,0.45679173527350503,0.7550225842780328,1.9661128563728327,-0.45679173527350503,-0.45679173527350503,1.9661128563728327,Imprecise benefit direction,CI includes null,OR 0.47 (0.14 to 1.58),OR 0.47 (0.14 to 1.58),FALSE
E0132,R068,MOY-0009,Tier 1 — Core formal synthesis,Adult revascularization,Mortality,A Comprehensive Meta-Analysis for Bypass Surgery in Adult Moyamoya,Adults with MMD,Surgery,Conservative treatment,Mortality: surgery vs conservative,follow-up,patient/hemisphere,"Studies: 17; patients: 2,224",OR,0.372,0.120–1.154,NR,NR,No significant difference,[MESCLADO 4 p. 58],Observational technique selection; angiographic benefit is not automatically a clinical stroke benefit.,Critically low,High,Core clinical-surgical evidence table,Previously curated in consolidated extraction; denominator audit retained,"Do not pool across age, MMD/MMS, presentation, early/late horizon or patient/hemisphere/procedure units unless explicitly harmonized.",MOY-0009,Tier 1 — Core formal synthesis,A Comprehensive Meta-Analysis for Bypass Surgery in Adult Moyamoya,Yes,Critically low,High,0.372,0.12,1.154,TRUE,TRUE,FALSE,TRUE,ADULT_MIX,C01,O07,T4,U07,EM_OR,COMPARATIVE,1,canonical,-1,ADULT_MIX|C01|O07|T4|U07,ADULT_MIX|C01|O07|T4|U07|EM_OR,High,FALSE,FALSE,review_profile,text_rule,keyword,mixed_or_unspecified_followup,mixed_or_unclear,exact,,0.12,1.154,TRUE,FALSE,TRUE,-0.9888614247089905,-0.9888614247089905,0.9888614247089905,TRUE,TRUE,TRUE,ADULT_MIX|C01|O07|T4|U07,ADULT_MIX|C01|O07|T4|U07|EM_OR,Curated extraction — eligible after final denominator check,No,,Meta-analysis,"cant difference for future stroke events between the bypass and CT groups (OR 0.470; 95% CI 0.140e1.579; P [ 0.222). Bypass also showed no mortality reduction compared with CT (OR 0.372; 95% CI 0.120e1.154; P [ 0.087). For different surgical techniques, no differences for future stroke events, mortality, and perioperative complications were found between direct bypass and indirect bypass, whereas the degree of angiographic revascularization was better in the direct bypass group than in the indirect group (OR 4.720; 95% CI 1.222e18.230; P [ 0.024). - CONCLUSIONS: The bypass treatment was superior to conservative treatment in preventing recurrent stroke in adult patients wi",No,Previously curated in consolidated extraction; denominator audit retained,Yes,Previously curated in consolidated extraction; denominator audit retained,Meta-analysis,Yes,"cant difference for future stroke events between the bypass and CT groups (OR 0.470; 95% CI 0.140e1.579; P [ 0.222). Bypass also showed no mortality reduction compared with CT (OR 0.372; 95% CI 0.120e1.154; P [ 0.087). For different surgical techniques, no differences for future stroke events, mortality, and perioperative complications were found between direct bypass and indirect bypass, whereas the degree of angiographic revascularization was better in the direct bypass group than in the indirect group (OR 4.720; 95% CI 1.222e18.230; P [ 0.024). - CONCLUSIONS: The bypass treatment was superior to conservative treatment in preventing recurrent stroke in adult patients wi",Curated extraction — eligible after final denominator check,,"Studies: 17; patients: 2,224",[MESCLADO 4 p. 58],Observational technique selection; angiographic benefit is not automatically a clinical stroke benefit.,retain,,Surgery,Conservative treatment,TRUE,TRUE,,TRUE,TRUE,TRUE,TRUE,Clinical events/safety,Adult mixed,Surgery vs conservative,Mortality,Mixed/unspecified follow-up,Mixed/unclear,OR,FALSE,FALSE,NOT_REQUIRED,,,0.372,0.12,1.154,Surgery,Conservative treatment,0.372,0.12,1.154,-0.9888614247089905,-2.120263536200091,0.14323416808590775,0.9888614247089905,2.120263536200091,-0.14323416808590775,-0.14323416808590775,2.120263536200091,Imprecise benefit direction,CI includes null,OR 0.37 (0.12 to 1.15),OR 0.37 (0.12 to 1.15),FALSE
E0133,R068,MOY-0009,Tier 1 — Core formal synthesis,Adult revascularization,Angiographic/technical success,A Comprehensive Meta-Analysis for Bypass Surgery in Adult Moyamoya,Adults with MMD,Direct bypass,Indirect bypass,Good angiographic revascularization: direct vs indirect,follow-up,patient/hemisphere,"Studies: 17; patients: 2,224",OR,4.720,1.222–18.230,NR,NR,Favours direct for angiographic outcome,[MESCLADO 4 p. 58],Observational technique selection; angiographic benefit is not automatically a clinical stroke benefit.,Critically low,High,Core clinical-surgical evidence table,Previously curated in consolidated extraction; denominator audit retained,"Do not pool across age, MMD/MMS, presentation, early/late horizon or patient/hemisphere/procedure units unless explicitly harmonized.",MOY-0009,Tier 1 — Core formal synthesis,A Comprehensive Meta-Analysis for Bypass Surgery in Adult Moyamoya,Yes,Critically low,High,4.72,1.222,18.23,TRUE,TRUE,FALSE,TRUE,ADULT_MIX,C02,O10,T4,U07,EM_OR,COMPARATIVE,1,canonical,1,ADULT_MIX|C02|O10|T4|U07,ADULT_MIX|C02|O10|T4|U07|EM_OR,High,FALSE,FALSE,review_profile,text_rule,keyword,mixed_or_unspecified_followup,mixed_or_unclear,exact,,1.222,18.23,TRUE,FALSE,TRUE,1.5518087995974639,1.5518087995974639,1.5518087995974639,TRUE,TRUE,TRUE,ADULT_MIX|C02|O10|T4|U07,ADULT_MIX|C02|O10|T4|U07|EM_OR,Curated extraction — eligible after final denominator check,No,,Meta-analysis,"ons were found between direct bypass and indirect bypass, whereas the degree of angiographic revascularization was better in the direct bypass group than in the indirect group (OR 4.720; 95% CI 1.222e18.230; P [ 0.024). - CONCLUSIONS: The bypass treatment was superior to conservative treatment in preventing recurrent stroke in adult patients with moyamoya, especially in those with a hemorrhagic onset. Direct bypass is associated with better revascularization results compared with indirect bypass. Key words - Adult moyamoya - Bypass - Conservative treatment - Meta-analysis - Recurrent stroke Abbreviations and Acronyms CB: Combined bypass CI: Confidence interval CT: Conserv",No,Previously curated in consolidated extraction; denominator audit retained,Yes,Previously curated in consolidated extraction; denominator audit retained,Meta-analysis,Yes,"ons were found between direct bypass and indirect bypass, whereas the degree of angiographic revascularization was better in the direct bypass group than in the indirect group (OR 4.720; 95% CI 1.222e18.230; P [ 0.024). - CONCLUSIONS: The bypass treatment was superior to conservative treatment in preventing recurrent stroke in adult patients with moyamoya, especially in those with a hemorrhagic onset. Direct bypass is associated with better revascularization results compared with indirect bypass. Key words - Adult moyamoya - Bypass - Conservative treatment - Meta-analysis - Recurrent stroke Abbreviations and Acronyms CB: Combined bypass CI: Confidence interval CT: Conserv",Curated extraction — eligible after final denominator check,,"Studies: 17; patients: 2,224",[MESCLADO 4 p. 58],Observational technique selection; angiographic benefit is not automatically a clinical stroke benefit.,retain,,Direct bypass,Indirect bypass,TRUE,TRUE,,TRUE,TRUE,TRUE,TRUE,Angiographic,Adult mixed,Direct vs indirect,Matsushima/collateralization,Mixed/unspecified follow-up,Mixed/unclear,OR,FALSE,FALSE,NOT_REQUIRED,,,4.72,1.222,18.23,Direct bypass,Indirect bypass,4.72,1.222,18.23,1.5518087995974639,0.20048886074940356,2.9030685886905716,1.5518087995974639,0.20048886074940356,2.9030685886905716,0.20048886074940356,2.9030685886905716,Precise benefit,CI excludes null,OR 4.72 (1.22 to 18.23),OR 4.72 (1.22 to 18.23),FALSE
E0134,R071,MOY-0071,Tier 1 — Core formal synthesis,General revascularization/technique comparison,Patient-centered/functional,Effect of Surgery on the Long-Term Functional Outcome of Moyamoya Disease: A Meta-Analysis,MMD after surgery,Any revascularization surgery,NA,Good long-term functional outcome,long-term,patient,"Studies: NR; patients: 2,666",pooled proportion,0.87,0.84–0.90,NR,NR,High pooled favorable-outcome proportion,[MESCLADO 4 p. 70],Single-arm pooled proportion cannot establish treatment superiority; outcome definitions and case mix vary.,Critically low,High,Core clinical-surgical evidence table,Previously curated in consolidated extraction; denominator audit retained,"Do not pool across age, MMD/MMS, presentation, early/late horizon or patient/hemisphere/procedure units unless explicitly harmonized.",MOY-0071,Tier 1 — Core formal synthesis,Effect of Surgery on the Long-Term Functional Outcome of Moyamoya Disease: A Meta-Analysis,Yes,Critically low,High,0.87,0.84,0.9,FALSE,FALSE,FALSE,,MIXED_UNSEP,C01,O06,T3,U01,EM_PROPORTION,DESCRIPTIVE_WITH_COMPARATOR,0,not_orientable,1,MIXED_UNSEP|C01|O06|T3|U01,MIXED_UNSEP|C01|O06|T3|U01|EM_PROPORTION,High,FALSE,FALSE,review_profile,review_text_rule,keyword,long_term,exact,proportion,,0.84,0.9,FALSE,FALSE,TRUE,,,,TRUE,TRUE,FALSE,MIXED_UNSEP|C01|O06|T3|U01,MIXED_UNSEP|C01|O06|T3|U01|EM_PROPORTION,Curated extraction — eligible after final denominator check,No,,Single-arm meta-analysis,"up analyses were stratified by study type, population, age phase, presentation, surgical procedure and outcome measurement. RESULTS: The overall estimated rate of good outcome was 0.87 (95%CI, 0.84 0.90), with substantial heterogeneity. In the subgroup analyses, the outcome measured with GOS led to the highest rate of 91%, while Kim’s category had the lowest rate of 82%. The combined bypass surgery group resulted in a higher good outcome rate of 0.92 (95%CI, 0.89 0.96) than the indirect bypass group of 0.83% (95%CI, 0.78 0.88). CONCLUSION: Moyamoya disease after surgical treatment could achieve a good outcome rate of 87%. Kim’s category reflected the functional outcome be",No,Previously curated in consolidated extraction; denominator audit retained,Yes,Previously curated in consolidated extraction; denominator audit retained,Single-arm meta-analysis,Yes,"up analyses were stratified by study type, population, age phase, presentation, surgical procedure and outcome measurement. RESULTS: The overall estimated rate of good outcome was 0.87 (95%CI, 0.84 0.90), with substantial heterogeneity. In the subgroup analyses, the outcome measured with GOS led to the highest rate of 91%, while Kim’s category had the lowest rate of 82%. The combined bypass surgery group resulted in a higher good outcome rate of 0.92 (95%CI, 0.89 0.96) than the indirect bypass group of 0.83% (95%CI, 0.78 0.88). CONCLUSION: Moyamoya disease after surgical treatment could achieve a good outcome rate of 87%. Kim’s category reflected the functional outcome be",Curated extraction — eligible after final denominator check,,"Studies: NR; patients: 2,666",[MESCLADO 4 p. 70],Single-arm pooled proportion cannot establish treatment superiority; outcome definitions and case mix vary.,exclude_duplicate,E0259,Any revascularization surgery,NA,FALSE,FALSE,Duplicate representation of the same review-level result; retain E0259.,TRUE,FALSE,FALSE,FALSE,Functional,Mixed/unseparated,Surgery vs conservative,Favorable functional outcome,Late/long-term,Patient,Proportion,FALSE,FALSE,NOT_REQUIRED,,,0.87,0.84,0.9,Any revascularization surgery,NA,0.87,0.84,0.9,,,,,,,,,Direction not prespecified,Not orientable,Proportion 0.87 (0.84 to 0.90),Proportion 0.87 (0.84 to 0.90),FALSE
E0135,R071,MOY-0071,Tier 1 — Core formal synthesis,General revascularization/technique comparison,Patient-centered/functional,Effect of Surgery on the Long-Term Functional Outcome of Moyamoya Disease: A Meta-Analysis,"MMD patients after revascularization, mixed ages/presentations.",Combined bypass,Indirect bypass (descriptive subgroup),Good functional outcome after combined bypass,long-term,patient,"Studies: NR; patients: 2,666",pooled proportion,0.92,0.89–0.96,NR,NR,Higher descriptive proportion,[MESCLADO 4 p. 70],Not a randomized head-to-head comparison; severe confounding and heterogeneity.,Critically low,High,Core clinical-surgical evidence table,Previously curated in consolidated extraction; denominator audit retained,"Do not pool across age, MMD/MMS, presentation, early/late horizon or patient/hemisphere/procedure units unless explicitly harmonized.",MOY-0071,Tier 1 — Core formal synthesis,Effect of Surgery on the Long-Term Functional Outcome of Moyamoya Disease: A Meta-Analysis,Yes,Critically low,High,0.92,0.89,0.96,FALSE,FALSE,FALSE,,MIXED_UNSEP,C03,O06,T3,U01,EM_PROPORTION,DESCRIPTIVE_WITH_COMPARATOR,1,canonical,1,MIXED_UNSEP|C03|O06|T3|U01,MIXED_UNSEP|C03|O06|T3|U01|EM_PROPORTION,High,FALSE,FALSE,review_profile,text_rule,keyword,long_term,exact,proportion,,0.89,0.96,FALSE,FALSE,TRUE,,,,TRUE,TRUE,FALSE,MIXED_UNSEP|C03|O06|T3|U01,MIXED_UNSEP|C03|O06|T3|U01|EM_PROPORTION,Curated extraction — eligible after final denominator check,No,,Subgroup,"come measured with GOS led to the highest rate of 91%, while Kim’s category had the lowest rate of 82%. The combined bypass surgery group resulted in a higher good outcome rate of 0.92 (95%CI, 0.89 0.96) than the indirect bypass group of 0.83% (95%CI, 0.78 0.88). CONCLUSION: Moyamoya disease after surgical treatment could achieve a good outcome rate of 87%. Kim’s category reflected the functional outcome better, resulting in a good outcome rate of 82%. The combined bypass surgery led to better outcomes than indirect bypass. KEYWORDS: Long-term outcome, Meta-analysis, Moyamoya disease, Surgical treatment Original Investigation █ INTRODUCTION M oyamoya disease (MMD) is a ce",No,Previously curated in consolidated extraction; denominator audit retained,Yes,Previously curated in consolidated extraction; denominator audit retained,Subgroup,Yes,"come measured with GOS led to the highest rate of 91%, while Kim’s category had the lowest rate of 82%. The combined bypass surgery group resulted in a higher good outcome rate of 0.92 (95%CI, 0.89 0.96) than the indirect bypass group of 0.83% (95%CI, 0.78 0.88). CONCLUSION: Moyamoya disease after surgical treatment could achieve a good outcome rate of 87%. Kim’s category reflected the functional outcome better, resulting in a good outcome rate of 82%. The combined bypass surgery led to better outcomes than indirect bypass. KEYWORDS: Long-term outcome, Meta-analysis, Moyamoya disease, Surgical treatment Original Investigation █ INTRODUCTION M oyamoya disease (MMD) is a ce",Curated extraction — eligible after final denominator check,,"Studies: NR; patients: 2,666",[MESCLADO 4 p. 70],Not a randomized head-to-head comparison; severe confounding and heterogeneity.,retain,,Combined bypass,Indirect bypass (descriptive subgroup),TRUE,TRUE,,TRUE,FALSE,FALSE,TRUE,Functional,Mixed/unseparated,Combined vs indirect,Favorable functional outcome,Late/long-term,Patient,Proportion,FALSE,FALSE,NOT_REQUIRED,,,0.92,0.89,0.96,Combined bypass,Indirect bypass (descriptive subgroup),0.92,0.89,0.96,,,,,,,,,Direction not prespecified,Not orientable,Proportion 0.92 (0.89 to 0.96),Proportion 0.92 (0.89 to 0.96),FALSE
E0136,R071,MOY-0071,Tier 1 — Core formal synthesis,General revascularization/technique comparison,Patient-centered/functional,Effect of Surgery on the Long-Term Functional Outcome of Moyamoya Disease: A Meta-Analysis,"MMD patients after revascularization, mixed ages/presentations.",Indirect bypass,Combined bypass (descriptive subgroup),Good functional outcome after indirect bypass,long-term,patient,"Studies: NR; patients: 2,666",pooled proportion,0.83,0.78–0.88,NR,NR,Lower descriptive proportion,[MESCLADO 4 p. 70],Not a randomized head-to-head comparison; severe confounding and heterogeneity.,Critically low,High,Core clinical-surgical evidence table,Previously curated in consolidated extraction; denominator audit retained,"Do not pool across age, MMD/MMS, presentation, early/late horizon or patient/hemisphere/procedure units unless explicitly harmonized.",MOY-0071,Tier 1 — Core formal synthesis,Effect of Surgery on the Long-Term Functional Outcome of Moyamoya Disease: A Meta-Analysis,Yes,Critically low,High,0.83,0.78,0.88,FALSE,FALSE,FALSE,,MIXED_UNSEP,C04,O06,T3,U01,EM_PROPORTION,DESCRIPTIVE_WITH_COMPARATOR,1,canonical,1,MIXED_UNSEP|C04|O06|T3|U01,MIXED_UNSEP|C04|O06|T3|U01|EM_PROPORTION,High,FALSE,FALSE,review_profile,text_rule,keyword,long_term,exact,proportion,,0.78,0.88,FALSE,FALSE,TRUE,,,,TRUE,TRUE,FALSE,MIXED_UNSEP|C04|O06|T3|U01,MIXED_UNSEP|C04|O06|T3|U01|EM_PROPORTION,Curated extraction — eligible after final denominator check,No,,Subgroup,"le Kim’s category had the lowest rate of 82%. The combined bypass surgery group resulted in a higher good outcome rate of 0.92 (95%CI, 0.89 0.96) than the indirect bypass group of 0.83% (95%CI, 0.78 0.88). CONCLUSION: Moyamoya disease after surgical treatment could achieve a good outcome rate of 87%. Kim’s category reflected the functional outcome better, resulting in a good outcome rate of 82%. The combined bypass surgery led to better outcomes than indirect bypass. KEYWORDS: Long-term outcome, Meta-analysis, Moyamoya disease, Surgical treatment Original Investigation █ INTRODUCTION M oyamoya disease (MMD) is a cerebrovascular condition, characterized by progressive occl",No,Previously curated in consolidated extraction; denominator audit retained,Yes,Previously curated in consolidated extraction; denominator audit retained,Subgroup,Yes,"le Kim’s category had the lowest rate of 82%. The combined bypass surgery group resulted in a higher good outcome rate of 0.92 (95%CI, 0.89 0.96) than the indirect bypass group of 0.83% (95%CI, 0.78 0.88). CONCLUSION: Moyamoya disease after surgical treatment could achieve a good outcome rate of 87%. Kim’s category reflected the functional outcome better, resulting in a good outcome rate of 82%. The combined bypass surgery led to better outcomes than indirect bypass. KEYWORDS: Long-term outcome, Meta-analysis, Moyamoya disease, Surgical treatment Original Investigation █ INTRODUCTION M oyamoya disease (MMD) is a cerebrovascular condition, characterized by progressive occl",Curated extraction — eligible after final denominator check,,"Studies: NR; patients: 2,666",[MESCLADO 4 p. 70],Not a randomized head-to-head comparison; severe confounding and heterogeneity.,retain,,Indirect bypass,Combined bypass (descriptive subgroup),TRUE,TRUE,,TRUE,FALSE,FALSE,TRUE,Functional,Mixed/unseparated,Direct vs combined,Favorable functional outcome,Late/long-term,Patient,Proportion,FALSE,FALSE,NOT_REQUIRED,,,0.83,0.78,0.88,Indirect bypass,Combined bypass (descriptive subgroup),0.83,0.78,0.88,,,,,,,,,Direction not prespecified,Not orientable,Proportion 0.83 (0.78 to 0.88),Proportion 0.83 (0.78 to 0.88),FALSE
E0137,R072,MOY-0038,Tier 1 — Core formal synthesis,Perioperative safety/risk,Other,Cerebral Hyperperfusion Syndrome After Revascularization Surgery in Patients with Moyamoya Disease: Systematic Review and Meta-Analysis,MMD after revascularization,Direct/combined bypass as applicable,Age/technique descriptive subgroups,Total CHS incidence,early postoperative,patient/procedure,"Studies: 27 cohorts; patients: 2,225",pooled proportion,16.5%,11.3–22.3%,NR,NR,Pooled CHS incidence,[MESCLADO 4 p. 79],Definitions and surveillance intensity vary; subgroup proportions are not causal technique comparisons.,Critically low,High,Core clinical-surgical evidence table,Previously curated in consolidated extraction; denominator audit retained,"Do not pool across age, MMD/MMS, presentation, early/late horizon or patient/hemisphere/procedure units unless explicitly harmonized.",MOY-0038,Tier 1 — Core formal synthesis,Cerebral Hyperperfusion Syndrome After Revascularization Surgery in Patients with Moyamoya Disease: Systematic Review and Meta-Analysis,Yes,Critically low,High,,11.3,22.3,FALSE,FALSE,FALSE,,MIXED_UNSEP,C00,O08,T1,U07,EM_PROPORTION,DESCRIPTIVE,0,not_orientable,-1,MIXED_UNSEP|C00|O08|T1|U07,MIXED_UNSEP|C00|O08|T1|U07|EM_PROPORTION,Moderate,TRUE,FALSE,review_profile,review_profile,keyword,early,mixed_or_unclear,proportion,C00 and O99 are operational noninferential codes and do not create new SAP comparisons/outcomes.,11.3,22.3,FALSE,FALSE,FALSE,,,,FALSE,TRUE,FALSE,MIXED_UNSEP|C00|O08|T1|U07,MIXED_UNSEP|C00|O08|T1|U07|EM_PROPORTION,Curated extraction — eligible after final denominator check,No,,Random-effects proportional meta-analysis,"], hemorrhage, and seizure). - RESULTS: A total of 27 cohort studies with 2225 patients were included in this meta-analysis. The weighted proportions per random-effects model were 16.5% (range, 11.3%e22.3%) for CHS total incidence, 3.8% (range, 0.3%e9.6%) for pe- diatric patients with MMD, 19.9% (range, 11.7%e29.4%) for adult patients with MMD, 15.4% (range, 5.4%e28.8%) for direct bypass surgery, and 15.2% (range, 8.4%e23.2%) for combined bypass surgery. Progress rate was 39.5% (range, 28.7%e50.8%). The most common CHS-related symptom was TNDs (70.2%; range, 56.3%e82.7%), followed by hemorrhage (15.0%; range, 5.5%e26.9%) and seizure (5.3%; range, 0.6%e12.9%). - CONCLUSION",No,Previously curated in consolidated extraction; denominator audit retained,Yes,Previously curated in consolidated extraction; denominator audit retained,Random-effects proportional meta-analysis,Yes,"], hemorrhage, and seizure). - RESULTS: A total of 27 cohort studies with 2225 patients were included in this meta-analysis. The weighted proportions per random-effects model were 16.5% (range, 11.3%e22.3%) for CHS total incidence, 3.8% (range, 0.3%e9.6%) for pe- diatric patients with MMD, 19.9% (range, 11.7%e29.4%) for adult patients with MMD, 15.4% (range, 5.4%e28.8%) for direct bypass surgery, and 15.2% (range, 8.4%e23.2%) for combined bypass surgery. Progress rate was 39.5% (range, 28.7%e50.8%). The most common CHS-related symptom was TNDs (70.2%; range, 56.3%e82.7%), followed by hemorrhage (15.0%; range, 5.5%e26.9%) and seizure (5.3%; range, 0.6%e12.9%). - CONCLUSION",Curated extraction — eligible after final denominator check,,"Studies: 27 cohorts; patients: 2,225",[MESCLADO 4 p. 79],Definitions and surveillance intensity vary; subgroup proportions are not causal technique comparisons.,retain,,Direct/combined bypass as applicable,Age/technique descriptive subgroups,TRUE,TRUE,,TRUE,FALSE,FALSE,TRUE,Clinical events/safety,Mixed/unseparated,No formal comparison,Hyperperfusion syndrome,Early/perioperative,Mixed/unclear,Proportion,TRUE,FALSE,NOT_REQUIRED_AFTER_INITIAL_HARMONIZATION,,,,11.3,22.3,Direct/combined bypass as applicable,Age/technique descriptive subgroups,,11.3,22.3,,,,,,,,,Direction not prespecified,Not orientable,NR,NR,FALSE
E0138,R072,MOY-0038,Tier 1 — Core formal synthesis,Perioperative safety/risk,Other,Cerebral Hyperperfusion Syndrome After Revascularization Surgery in Patients with Moyamoya Disease: Systematic Review and Meta-Analysis,MMD after revascularization,Direct/combined bypass as applicable,Age/technique descriptive subgroups,CHS incidence in children,early postoperative,patient/procedure,"Studies: 27 cohorts; patients: 2,225",pooled proportion,3.8%,0.3–9.6%,NR,NR,Lower pediatric pooled incidence,[MESCLADO 4 p. 79],Definitions and surveillance intensity vary; subgroup proportions are not causal technique comparisons.,Critically low,High,Core clinical-surgical evidence table,Previously curated in consolidated extraction; denominator audit retained,"Do not pool across age, MMD/MMS, presentation, early/late horizon or patient/hemisphere/procedure units unless explicitly harmonized.",MOY-0038,Tier 1 — Core formal synthesis,Cerebral Hyperperfusion Syndrome After Revascularization Surgery in Patients with Moyamoya Disease: Systematic Review and Meta-Analysis,Yes,Critically low,High,,0.3,9.6,FALSE,FALSE,FALSE,,MIXED_UNSEP,C00,O08,T1,U07,EM_PROPORTION,DESCRIPTIVE,0,not_orientable,-1,MIXED_UNSEP|C00|O08|T1|U07,MIXED_UNSEP|C00|O08|T1|U07|EM_PROPORTION,Moderate,TRUE,FALSE,review_profile,review_profile,keyword,early,mixed_or_unclear,proportion,C00 and O99 are operational noninferential codes and do not create new SAP comparisons/outcomes.,0.3,9.6,FALSE,FALSE,FALSE,,,,FALSE,TRUE,FALSE,MIXED_UNSEP|C00|O08|T1|U07,MIXED_UNSEP|C00|O08|T1|U07|EM_PROPORTION,Curated extraction — eligible after final denominator check,No,,Random-effects proportional meta-analysis,"7 cohort studies with 2225 patients were included in this meta-analysis. The weighted proportions per random-effects model were 16.5% (range, 11.3%e22.3%) for CHS total incidence, 3.8% (range, 0.3%e9.6%) for pe- diatric patients with MMD, 19.9% (range, 11.7%e29.4%) for adult patients with MMD, 15.4% (range, 5.4%e28.8%) for direct bypass surgery, and 15.2% (range, 8.4%e23.2%) for combined bypass surgery. Progress rate was 39.5% (range, 28.7%e50.8%). The most common CHS-related symptom was TNDs (70.2%; range, 56.3%e82.7%), followed by hemorrhage (15.0%; range, 5.5%e26.9%) and seizure (5.3%; range, 0.6%e12.9%). - CONCLUSIONS: CHS is a common complication after revascularizat",No,Previously curated in consolidated extraction; denominator audit retained,Yes,Previously curated in consolidated extraction; denominator audit retained,Random-effects proportional meta-analysis,Yes,"7 cohort studies with 2225 patients were included in this meta-analysis. The weighted proportions per random-effects model were 16.5% (range, 11.3%e22.3%) for CHS total incidence, 3.8% (range, 0.3%e9.6%) for pe- diatric patients with MMD, 19.9% (range, 11.7%e29.4%) for adult patients with MMD, 15.4% (range, 5.4%e28.8%) for direct bypass surgery, and 15.2% (range, 8.4%e23.2%) for combined bypass surgery. Progress rate was 39.5% (range, 28.7%e50.8%). The most common CHS-related symptom was TNDs (70.2%; range, 56.3%e82.7%), followed by hemorrhage (15.0%; range, 5.5%e26.9%) and seizure (5.3%; range, 0.6%e12.9%). - CONCLUSIONS: CHS is a common complication after revascularizat",Curated extraction — eligible after final denominator check,,"Studies: 27 cohorts; patients: 2,225",[MESCLADO 4 p. 79],Definitions and surveillance intensity vary; subgroup proportions are not causal technique comparisons.,retain,,Direct/combined bypass as applicable,Age/technique descriptive subgroups,TRUE,TRUE,,TRUE,FALSE,FALSE,TRUE,Clinical events/safety,Mixed/unseparated,No formal comparison,Hyperperfusion syndrome,Early/perioperative,Mixed/unclear,Proportion,TRUE,FALSE,NOT_REQUIRED_AFTER_INITIAL_HARMONIZATION,,,,0.3,9.6,Direct/combined bypass as applicable,Age/technique descriptive subgroups,,0.3,9.6,,,,,,,,,Direction not prespecified,Not orientable,NR,NR,FALSE
E0139,R072,MOY-0038,Tier 1 — Core formal synthesis,Perioperative safety/risk,Other,Cerebral Hyperperfusion Syndrome After Revascularization Surgery in Patients with Moyamoya Disease: Systematic Review and Meta-Analysis,MMD after revascularization,Direct/combined bypass as applicable,Age/technique descriptive subgroups,CHS incidence in adults,early postoperative,patient/procedure,"Studies: 27 cohorts; patients: 2,225",pooled proportion,19.9%,11.7–29.4%,NR,NR,Higher adult pooled incidence,[MESCLADO 4 p. 79],Definitions and surveillance intensity vary; subgroup proportions are not causal technique comparisons.,Critically low,High,Core clinical-surgical evidence table,Previously curated in consolidated extraction; denominator audit retained,"Do not pool across age, MMD/MMS, presentation, early/late horizon or patient/hemisphere/procedure units unless explicitly harmonized.",MOY-0038,Tier 1 — Core formal synthesis,Cerebral Hyperperfusion Syndrome After Revascularization Surgery in Patients with Moyamoya Disease: Systematic Review and Meta-Analysis,Yes,Critically low,High,,11.7,29.4,FALSE,FALSE,FALSE,,MIXED_UNSEP,C00,O08,T1,U07,EM_PROPORTION,DESCRIPTIVE,0,not_orientable,-1,MIXED_UNSEP|C00|O08|T1|U07,MIXED_UNSEP|C00|O08|T1|U07|EM_PROPORTION,Moderate,TRUE,FALSE,review_profile,review_profile,keyword,early,mixed_or_unclear,proportion,C00 and O99 are operational noninferential codes and do not create new SAP comparisons/outcomes.,11.7,29.4,FALSE,FALSE,FALSE,,,,FALSE,TRUE,FALSE,MIXED_UNSEP|C00|O08|T1|U07,MIXED_UNSEP|C00|O08|T1|U07|EM_PROPORTION,Curated extraction — eligible after final denominator check,No,,Random-effects proportional meta-analysis,"eta-analysis. The weighted proportions per random-effects model were 16.5% (range, 11.3%e22.3%) for CHS total incidence, 3.8% (range, 0.3%e9.6%) for pe- diatric patients with MMD, 19.9% (range, 11.7%e29.4%) for adult patients with MMD, 15.4% (range, 5.4%e28.8%) for direct bypass surgery, and 15.2% (range, 8.4%e23.2%) for combined bypass surgery. Progress rate was 39.5% (range, 28.7%e50.8%). The most common CHS-related symptom was TNDs (70.2%; range, 56.3%e82.7%), followed by hemorrhage (15.0%; range, 5.5%e26.9%) and seizure (5.3%; range, 0.6%e12.9%). - CONCLUSIONS: CHS is a common complication after revascularization sur- gery in MMD. It is more frequently seen in adult p",No,Previously curated in consolidated extraction; denominator audit retained,Yes,Previously curated in consolidated extraction; denominator audit retained,Random-effects proportional meta-analysis,Yes,"eta-analysis. The weighted proportions per random-effects model were 16.5% (range, 11.3%e22.3%) for CHS total incidence, 3.8% (range, 0.3%e9.6%) for pe- diatric patients with MMD, 19.9% (range, 11.7%e29.4%) for adult patients with MMD, 15.4% (range, 5.4%e28.8%) for direct bypass surgery, and 15.2% (range, 8.4%e23.2%) for combined bypass surgery. Progress rate was 39.5% (range, 28.7%e50.8%). The most common CHS-related symptom was TNDs (70.2%; range, 56.3%e82.7%), followed by hemorrhage (15.0%; range, 5.5%e26.9%) and seizure (5.3%; range, 0.6%e12.9%). - CONCLUSIONS: CHS is a common complication after revascularization sur- gery in MMD. It is more frequently seen in adult p",Curated extraction — eligible after final denominator check,,"Studies: 27 cohorts; patients: 2,225",[MESCLADO 4 p. 79],Definitions and surveillance intensity vary; subgroup proportions are not causal technique comparisons.,retain,,Direct/combined bypass as applicable,Age/technique descriptive subgroups,TRUE,TRUE,,TRUE,FALSE,FALSE,TRUE,Clinical events/safety,Mixed/unseparated,No formal comparison,Hyperperfusion syndrome,Early/perioperative,Mixed/unclear,Proportion,TRUE,FALSE,NOT_REQUIRED_AFTER_INITIAL_HARMONIZATION,,,,11.7,29.4,Direct/combined bypass as applicable,Age/technique descriptive subgroups,,11.7,29.4,,,,,,,,,Direction not prespecified,Not orientable,NR,NR,FALSE
E0140,R072,MOY-0038,Tier 1 — Core formal synthesis,Perioperative safety/risk,Other,Cerebral Hyperperfusion Syndrome After Revascularization Surgery in Patients with Moyamoya Disease: Systematic Review and Meta-Analysis,MMD after revascularization,Direct/combined bypass as applicable,Age/technique descriptive subgroups,CHS after direct bypass,early postoperative,patient/procedure,"Studies: 27 cohorts; patients: 2,225",pooled proportion,15.4%,5.4–28.8%,NR,NR,Pooled incidence,[MESCLADO 4 p. 79],Definitions and surveillance intensity vary; subgroup proportions are not causal technique comparisons.,Critically low,High,Core clinical-surgical evidence table,Previously curated in consolidated extraction; denominator audit retained,"Do not pool across age, MMD/MMS, presentation, early/late horizon or patient/hemisphere/procedure units unless explicitly harmonized.",MOY-0038,Tier 1 — Core formal synthesis,Cerebral Hyperperfusion Syndrome After Revascularization Surgery in Patients with Moyamoya Disease: Systematic Review and Meta-Analysis,Yes,Critically low,High,,5.4,28.8,FALSE,FALSE,FALSE,,MIXED_UNSEP,C00,O08,T1,U07,EM_PROPORTION,DESCRIPTIVE,0,not_orientable,-1,MIXED_UNSEP|C00|O08|T1|U07,MIXED_UNSEP|C00|O08|T1|U07|EM_PROPORTION,Moderate,TRUE,FALSE,review_profile,review_profile,keyword,early,mixed_or_unclear,proportion,C00 and O99 are operational noninferential codes and do not create new SAP comparisons/outcomes.,5.4,28.8,FALSE,FALSE,FALSE,,,,FALSE,TRUE,FALSE,MIXED_UNSEP|C00|O08|T1|U07,MIXED_UNSEP|C00|O08|T1|U07|EM_PROPORTION,Curated extraction — eligible after final denominator check,No,,Random-effects proportional meta-analysis,"s model were 16.5% (range, 11.3%e22.3%) for CHS total incidence, 3.8% (range, 0.3%e9.6%) for pe- diatric patients with MMD, 19.9% (range, 11.7%e29.4%) for adult patients with MMD, 15.4% (range, 5.4%e28.8%) for direct bypass surgery, and 15.2% (range, 8.4%e23.2%) for combined bypass surgery. Progress rate was 39.5% (range, 28.7%e50.8%). The most common CHS-related symptom was TNDs (70.2%; range, 56.3%e82.7%), followed by hemorrhage (15.0%; range, 5.5%e26.9%) and seizure (5.3%; range, 0.6%e12.9%). - CONCLUSIONS: CHS is a common complication after revascularization sur- gery in MMD. It is more frequently seen in adult patients. The most common CHS-related symptom was TNDs, f",No,Previously curated in consolidated extraction; denominator audit retained,Yes,Previously curated in consolidated extraction; denominator audit retained,Random-effects proportional meta-analysis,Yes,"s model were 16.5% (range, 11.3%e22.3%) for CHS total incidence, 3.8% (range, 0.3%e9.6%) for pe- diatric patients with MMD, 19.9% (range, 11.7%e29.4%) for adult patients with MMD, 15.4% (range, 5.4%e28.8%) for direct bypass surgery, and 15.2% (range, 8.4%e23.2%) for combined bypass surgery. Progress rate was 39.5% (range, 28.7%e50.8%). The most common CHS-related symptom was TNDs (70.2%; range, 56.3%e82.7%), followed by hemorrhage (15.0%; range, 5.5%e26.9%) and seizure (5.3%; range, 0.6%e12.9%). - CONCLUSIONS: CHS is a common complication after revascularization sur- gery in MMD. It is more frequently seen in adult patients. The most common CHS-related symptom was TNDs, f",Curated extraction — eligible after final denominator check,,"Studies: 27 cohorts; patients: 2,225",[MESCLADO 4 p. 79],Definitions and surveillance intensity vary; subgroup proportions are not causal technique comparisons.,retain,,Direct/combined bypass as applicable,Age/technique descriptive subgroups,TRUE,TRUE,,TRUE,FALSE,FALSE,TRUE,Clinical events/safety,Mixed/unseparated,No formal comparison,Hyperperfusion syndrome,Early/perioperative,Mixed/unclear,Proportion,TRUE,FALSE,NOT_REQUIRED_AFTER_INITIAL_HARMONIZATION,,,,5.4,28.8,Direct/combined bypass as applicable,Age/technique descriptive subgroups,,5.4,28.8,,,,,,,,,Direction not prespecified,Not orientable,NR,NR,FALSE
E0141,R072,MOY-0038,Tier 1 — Core formal synthesis,Perioperative safety/risk,Other,Cerebral Hyperperfusion Syndrome After Revascularization Surgery in Patients with Moyamoya Disease: Systematic Review and Meta-Analysis,MMD after revascularization,Direct/combined bypass as applicable,Age/technique descriptive subgroups,CHS after combined bypass,early postoperative,patient/procedure,"Studies: 27 cohorts; patients: 2,225",pooled proportion,15.2%,8.4–23.2%,NR,NR,Pooled incidence,[MESCLADO 4 p. 79],Definitions and surveillance intensity vary; subgroup proportions are not causal technique comparisons.,Critically low,High,Core clinical-surgical evidence table,Previously curated in consolidated extraction; denominator audit retained,"Do not pool across age, MMD/MMS, presentation, early/late horizon or patient/hemisphere/procedure units unless explicitly harmonized.",MOY-0038,Tier 1 — Core formal synthesis,Cerebral Hyperperfusion Syndrome After Revascularization Surgery in Patients with Moyamoya Disease: Systematic Review and Meta-Analysis,Yes,Critically low,High,,8.4,23.2,FALSE,FALSE,FALSE,,MIXED_UNSEP,C00,O08,T1,U07,EM_PROPORTION,DESCRIPTIVE,0,not_orientable,-1,MIXED_UNSEP|C00|O08|T1|U07,MIXED_UNSEP|C00|O08|T1|U07|EM_PROPORTION,Moderate,TRUE,FALSE,review_profile,review_profile,keyword,early,mixed_or_unclear,proportion,C00 and O99 are operational noninferential codes and do not create new SAP comparisons/outcomes.,8.4,23.2,FALSE,FALSE,FALSE,,,,FALSE,TRUE,FALSE,MIXED_UNSEP|C00|O08|T1|U07,MIXED_UNSEP|C00|O08|T1|U07|EM_PROPORTION,Curated extraction — eligible after final denominator check,No,,Random-effects proportional meta-analysis,"idence, 3.8% (range, 0.3%e9.6%) for pe- diatric patients with MMD, 19.9% (range, 11.7%e29.4%) for adult patients with MMD, 15.4% (range, 5.4%e28.8%) for direct bypass surgery, and 15.2% (range, 8.4%e23.2%) for combined bypass surgery. Progress rate was 39.5% (range, 28.7%e50.8%). The most common CHS-related symptom was TNDs (70.2%; range, 56.3%e82.7%), followed by hemorrhage (15.0%; range, 5.5%e26.9%) and seizure (5.3%; range, 0.6%e12.9%). - CONCLUSIONS: CHS is a common complication after revascularization sur- gery in MMD. It is more frequently seen in adult patients. The most common CHS-related symptom was TNDs, followed by hemorrhage and seizure. Key words - Bypass sur",No,Previously curated in consolidated extraction; denominator audit retained,Yes,Previously curated in consolidated extraction; denominator audit retained,Random-effects proportional meta-analysis,Yes,"idence, 3.8% (range, 0.3%e9.6%) for pe- diatric patients with MMD, 19.9% (range, 11.7%e29.4%) for adult patients with MMD, 15.4% (range, 5.4%e28.8%) for direct bypass surgery, and 15.2% (range, 8.4%e23.2%) for combined bypass surgery. Progress rate was 39.5% (range, 28.7%e50.8%). The most common CHS-related symptom was TNDs (70.2%; range, 56.3%e82.7%), followed by hemorrhage (15.0%; range, 5.5%e26.9%) and seizure (5.3%; range, 0.6%e12.9%). - CONCLUSIONS: CHS is a common complication after revascularization sur- gery in MMD. It is more frequently seen in adult patients. The most common CHS-related symptom was TNDs, followed by hemorrhage and seizure. Key words - Bypass sur",Curated extraction — eligible after final denominator check,,"Studies: 27 cohorts; patients: 2,225",[MESCLADO 4 p. 79],Definitions and surveillance intensity vary; subgroup proportions are not causal technique comparisons.,retain,,Direct/combined bypass as applicable,Age/technique descriptive subgroups,TRUE,TRUE,,TRUE,FALSE,FALSE,TRUE,Clinical events/safety,Mixed/unseparated,No formal comparison,Hyperperfusion syndrome,Early/perioperative,Mixed/unclear,Proportion,TRUE,FALSE,NOT_REQUIRED_AFTER_INITIAL_HARMONIZATION,,,,8.4,23.2,Direct/combined bypass as applicable,Age/technique descriptive subgroups,,8.4,23.2,,,,,,,,,Direction not prespecified,Not orientable,NR,NR,FALSE
E0142,R072,MOY-0038,Tier 1 — Core formal synthesis,Perioperative safety/risk,Other,Cerebral Hyperperfusion Syndrome After Revascularization Surgery in Patients with Moyamoya Disease: Systematic Review and Meta-Analysis,MMD after revascularization,Direct/combined bypass as applicable,Age/technique descriptive subgroups,Transient neurological deficits among CHS symptoms,early postoperative,patient/procedure,"Studies: 27 cohorts; patients: 2,225",pooled proportion,70.2%,56.3–82.7%,NR,NR,Most common reported manifestation,[MESCLADO 4 p. 79],Definitions and surveillance intensity vary; subgroup proportions are not causal technique comparisons.,Critically low,High,Core clinical-surgical evidence table,Previously curated in consolidated extraction; denominator audit retained,"Do not pool across age, MMD/MMS, presentation, early/late horizon or patient/hemisphere/procedure units unless explicitly harmonized.",MOY-0038,Tier 1 — Core formal synthesis,Cerebral Hyperperfusion Syndrome After Revascularization Surgery in Patients with Moyamoya Disease: Systematic Review and Meta-Analysis,Yes,Critically low,High,,56.3,82.7,FALSE,FALSE,FALSE,,MIXED_UNSEP,C00,O08,T1,U07,EM_PROPORTION,DESCRIPTIVE,0,not_orientable,-1,MIXED_UNSEP|C00|O08|T1|U07,MIXED_UNSEP|C00|O08|T1|U07|EM_PROPORTION,Moderate,TRUE,FALSE,review_profile,review_profile,keyword,early,mixed_or_unclear,proportion,C00 and O99 are operational noninferential codes and do not create new SAP comparisons/outcomes.,56.3,82.7,FALSE,FALSE,FALSE,,,,FALSE,TRUE,FALSE,MIXED_UNSEP|C00|O08|T1|U07,MIXED_UNSEP|C00|O08|T1|U07|EM_PROPORTION,Curated extraction — eligible after final denominator check,No,,Random-effects proportional meta-analysis,") for direct bypass surgery, and 15.2% (range, 8.4%e23.2%) for combined bypass surgery. Progress rate was 39.5% (range, 28.7%e50.8%). The most common CHS-related symptom was TNDs (70.2%; range, 56.3%e82.7%), followed by hemorrhage (15.0%; range, 5.5%e26.9%) and seizure (5.3%; range, 0.6%e12.9%). - CONCLUSIONS: CHS is a common complication after revascularization sur- gery in MMD. It is more frequently seen in adult patients. The most common CHS-related symptom was TNDs, followed by hemorrhage and seizure. Key words - Bypass surgery - Cerebral hyperperfusion syndrome - Incidence - Moyamoya disease Abbreviations and Acronyms CBF: Cerebral blood flow CHS: Cerebral hyperperfu",No,Previously curated in consolidated extraction; denominator audit retained,Yes,Previously curated in consolidated extraction; denominator audit retained,Random-effects proportional meta-analysis,Yes,") for direct bypass surgery, and 15.2% (range, 8.4%e23.2%) for combined bypass surgery. Progress rate was 39.5% (range, 28.7%e50.8%). The most common CHS-related symptom was TNDs (70.2%; range, 56.3%e82.7%), followed by hemorrhage (15.0%; range, 5.5%e26.9%) and seizure (5.3%; range, 0.6%e12.9%). - CONCLUSIONS: CHS is a common complication after revascularization sur- gery in MMD. It is more frequently seen in adult patients. The most common CHS-related symptom was TNDs, followed by hemorrhage and seizure. Key words - Bypass surgery - Cerebral hyperperfusion syndrome - Incidence - Moyamoya disease Abbreviations and Acronyms CBF: Cerebral blood flow CHS: Cerebral hyperperfu",Curated extraction — eligible after final denominator check,,"Studies: 27 cohorts; patients: 2,225",[MESCLADO 4 p. 79],Definitions and surveillance intensity vary; subgroup proportions are not causal technique comparisons.,retain,,Direct/combined bypass as applicable,Age/technique descriptive subgroups,TRUE,TRUE,,TRUE,FALSE,FALSE,TRUE,Clinical events/safety,Mixed/unseparated,No formal comparison,Hyperperfusion syndrome,Early/perioperative,Mixed/unclear,Proportion,TRUE,FALSE,NOT_REQUIRED_AFTER_INITIAL_HARMONIZATION,,,,56.3,82.7,Direct/combined bypass as applicable,Age/technique descriptive subgroups,,56.3,82.7,,,,,,,,,Direction not prespecified,Not orientable,NR,NR,FALSE
E0143,R072,MOY-0038,Tier 1 — Core formal synthesis,Perioperative safety/risk,Hemorrhagic events,Cerebral Hyperperfusion Syndrome After Revascularization Surgery in Patients with Moyamoya Disease: Systematic Review and Meta-Analysis,MMD after revascularization,Direct/combined bypass as applicable,Age/technique descriptive subgroups,Hemorrhage among CHS symptoms,early postoperative,patient/procedure,"Studies: 27 cohorts; patients: 2,225",pooled proportion,15.0%,5.5–26.9%,NR,NR,Reported manifestation,[MESCLADO 4 p. 79],Definitions and surveillance intensity vary; subgroup proportions are not causal technique comparisons.,Critically low,High,Core clinical-surgical evidence table,Previously curated in consolidated extraction; denominator audit retained,"Do not pool across age, MMD/MMS, presentation, early/late horizon or patient/hemisphere/procedure units unless explicitly harmonized.",MOY-0038,Tier 1 — Core formal synthesis,Cerebral Hyperperfusion Syndrome After Revascularization Surgery in Patients with Moyamoya Disease: Systematic Review and Meta-Analysis,Yes,Critically low,High,,5.5,26.9,FALSE,FALSE,FALSE,,MIXED_UNSEP,C00,O08,T1,U07,EM_PROPORTION,DESCRIPTIVE,0,not_orientable,-1,MIXED_UNSEP|C00|O08|T1|U07,MIXED_UNSEP|C00|O08|T1|U07|EM_PROPORTION,Moderate,TRUE,FALSE,review_profile,review_profile,keyword,early,mixed_or_unclear,proportion,C00 and O99 are operational noninferential codes and do not create new SAP comparisons/outcomes.,5.5,26.9,FALSE,FALSE,FALSE,,,,FALSE,TRUE,FALSE,MIXED_UNSEP|C00|O08|T1|U07,MIXED_UNSEP|C00|O08|T1|U07|EM_PROPORTION,Curated extraction — eligible after final denominator check,No,,Random-effects proportional meta-analysis,"23.2%) for combined bypass surgery. Progress rate was 39.5% (range, 28.7%e50.8%). The most common CHS-related symptom was TNDs (70.2%; range, 56.3%e82.7%), followed by hemorrhage (15.0%; range, 5.5%e26.9%) and seizure (5.3%; range, 0.6%e12.9%). - CONCLUSIONS: CHS is a common complication after revascularization sur- gery in MMD. It is more frequently seen in adult patients. The most common CHS-related symptom was TNDs, followed by hemorrhage and seizure. Key words - Bypass surgery - Cerebral hyperperfusion syndrome - Incidence - Moyamoya disease Abbreviations and Acronyms CBF: Cerebral blood flow CHS: Cerebral hyperperfusion syndrome CI: Confidence interval EC-IC: Extracr",No,Previously curated in consolidated extraction; denominator audit retained,Yes,Previously curated in consolidated extraction; denominator audit retained,Random-effects proportional meta-analysis,Yes,"23.2%) for combined bypass surgery. Progress rate was 39.5% (range, 28.7%e50.8%). The most common CHS-related symptom was TNDs (70.2%; range, 56.3%e82.7%), followed by hemorrhage (15.0%; range, 5.5%e26.9%) and seizure (5.3%; range, 0.6%e12.9%). - CONCLUSIONS: CHS is a common complication after revascularization sur- gery in MMD. It is more frequently seen in adult patients. The most common CHS-related symptom was TNDs, followed by hemorrhage and seizure. Key words - Bypass surgery - Cerebral hyperperfusion syndrome - Incidence - Moyamoya disease Abbreviations and Acronyms CBF: Cerebral blood flow CHS: Cerebral hyperperfusion syndrome CI: Confidence interval EC-IC: Extracr",Curated extraction — eligible after final denominator check,,"Studies: 27 cohorts; patients: 2,225",[MESCLADO 4 p. 79],Definitions and surveillance intensity vary; subgroup proportions are not causal technique comparisons.,retain,,Direct/combined bypass as applicable,Age/technique descriptive subgroups,TRUE,TRUE,,TRUE,FALSE,FALSE,TRUE,Clinical events/safety,Mixed/unseparated,No formal comparison,Hyperperfusion syndrome,Early/perioperative,Mixed/unclear,Proportion,TRUE,FALSE,NOT_REQUIRED_AFTER_INITIAL_HARMONIZATION,,,,5.5,26.9,Direct/combined bypass as applicable,Age/technique descriptive subgroups,,5.5,26.9,,,,,,,,,Direction not prespecified,Not orientable,NR,NR,FALSE
E0144,R072,MOY-0038,Tier 1 — Core formal synthesis,Perioperative safety/risk,Seizure/epilepsy,Cerebral Hyperperfusion Syndrome After Revascularization Surgery in Patients with Moyamoya Disease: Systematic Review and Meta-Analysis,MMD after revascularization,Direct/combined bypass as applicable,Age/technique descriptive subgroups,Seizure among CHS symptoms,early postoperative,patient/procedure,"Studies: 27 cohorts; patients: 2,225",pooled proportion,5.3%,0.6–12.9%,NR,NR,Reported manifestation,[MESCLADO 4 p. 79],Definitions and surveillance intensity vary; subgroup proportions are not causal technique comparisons.,Critically low,High,Core clinical-surgical evidence table,Previously curated in consolidated extraction; denominator audit retained,"Do not pool across age, MMD/MMS, presentation, early/late horizon or patient/hemisphere/procedure units unless explicitly harmonized.",MOY-0038,Tier 1 — Core formal synthesis,Cerebral Hyperperfusion Syndrome After Revascularization Surgery in Patients with Moyamoya Disease: Systematic Review and Meta-Analysis,Yes,Critically low,High,,0.6,12.9,FALSE,FALSE,FALSE,,MIXED_UNSEP,C00,O08,T1,U07,EM_PROPORTION,DESCRIPTIVE,0,not_orientable,-1,MIXED_UNSEP|C00|O08|T1|U07,MIXED_UNSEP|C00|O08|T1|U07|EM_PROPORTION,Moderate,TRUE,FALSE,review_profile,review_profile,keyword,early,mixed_or_unclear,proportion,C00 and O99 are operational noninferential codes and do not create new SAP comparisons/outcomes.,0.6,12.9,FALSE,FALSE,FALSE,,,,FALSE,TRUE,FALSE,MIXED_UNSEP|C00|O08|T1|U07,MIXED_UNSEP|C00|O08|T1|U07|EM_PROPORTION,Curated extraction — eligible after final denominator check,No,,Random-effects proportional meta-analysis,"gress rate was 39.5% (range, 28.7%e50.8%). The most common CHS-related symptom was TNDs (70.2%; range, 56.3%e82.7%), followed by hemorrhage (15.0%; range, 5.5%e26.9%) and seizure (5.3%; range, 0.6%e12.9%). - CONCLUSIONS: CHS is a common complication after revascularization sur- gery in MMD. It is more frequently seen in adult patients. The most common CHS-related symptom was TNDs, followed by hemorrhage and seizure. Key words - Bypass surgery - Cerebral hyperperfusion syndrome - Incidence - Moyamoya disease Abbreviations and Acronyms CBF: Cerebral blood flow CHS: Cerebral hyperperfusion syndrome CI: Confidence interval EC-IC: Extracranial-intracranial MMD: Moyamoya diseas",No,Previously curated in consolidated extraction; denominator audit retained,Yes,Previously curated in consolidated extraction; denominator audit retained,Random-effects proportional meta-analysis,Yes,"gress rate was 39.5% (range, 28.7%e50.8%). The most common CHS-related symptom was TNDs (70.2%; range, 56.3%e82.7%), followed by hemorrhage (15.0%; range, 5.5%e26.9%) and seizure (5.3%; range, 0.6%e12.9%). - CONCLUSIONS: CHS is a common complication after revascularization sur- gery in MMD. It is more frequently seen in adult patients. The most common CHS-related symptom was TNDs, followed by hemorrhage and seizure. Key words - Bypass surgery - Cerebral hyperperfusion syndrome - Incidence - Moyamoya disease Abbreviations and Acronyms CBF: Cerebral blood flow CHS: Cerebral hyperperfusion syndrome CI: Confidence interval EC-IC: Extracranial-intracranial MMD: Moyamoya diseas",Curated extraction — eligible after final denominator check,,"Studies: 27 cohorts; patients: 2,225",[MESCLADO 4 p. 79],Definitions and surveillance intensity vary; subgroup proportions are not causal technique comparisons.,retain,,Direct/combined bypass as applicable,Age/technique descriptive subgroups,TRUE,TRUE,,TRUE,FALSE,FALSE,TRUE,Clinical events/safety,Mixed/unseparated,No formal comparison,Hyperperfusion syndrome,Early/perioperative,Mixed/unclear,Proportion,TRUE,FALSE,NOT_REQUIRED_AFTER_INITIAL_HARMONIZATION,,,,0.6,12.9,Direct/combined bypass as applicable,Age/technique descriptive subgroups,,0.6,12.9,,,,,,,,,Direction not prespecified,Not orientable,NR,NR,FALSE
E0145,R073,MOY-0056,Tier 1 — Core formal synthesis,Hemorrhagic phenotype,Hemorrhagic events,Comparison of revascularization and conservative treatment for hemorrhagic moyamoya disease in East Asian Countries: a single-center case series and a systematic review with meta-analysis,Adults with hemorrhagic MMD in East Asian studies,Revascularization surgery,Conservative treatment,Rebleeding,follow-up,patient,"Studies: 19 review studies + institutional cohort; patients: Review: 1,571; institutional: 24",proportion comparison,13.1% (46/352) vs 32.4% (82/253),NR,<0.00001,NR,Favours surgery,[MESCLADO 4 p. 93],Observational evidence plus institutional cohort; preserve review and institutional components separately.,Critically low,High,Core clinical-surgical evidence table,Previously curated in consolidated extraction; denominator audit retained,"Do not pool across age, MMD/MMS, presentation, early/late horizon or patient/hemisphere/procedure units unless explicitly harmonized.",MOY-0056,Tier 1 — Core formal synthesis,Comparison of revascularization and conservative treatment for hemorrhagic moyamoya disease in East Asian Countries: a single-center case series and a systematic review with meta-analysis,Yes,Critically low,High,,,,FALSE,FALSE,FALSE,,ADULT_HEM,C06,O05,T4,U01,EM_PROPORTION,DESCRIPTIVE_WITH_COMPARATOR,1,canonical,-1,ADULT_HEM|C06|O05|T4|U01,ADULT_HEM|C06|O05|T4|U01|EM_PROPORTION,High,FALSE,FALSE,review_profile,review_profile,keyword,mixed_or_unspecified_followup,exact,proportion,,,,FALSE,FALSE,FALSE,,,,TRUE,TRUE,FALSE,ADULT_HEM|C06|O05|T4|U01,ADULT_HEM|C06|O05|T4|U01|EM_PROPORTION,Curated extraction — eligible after final denominator check,No,,Systematic review/meta-analysis component,"ly studies, those who underwent revascularization had signiﬁcantly lower rates of rebleeding, ischemic events, and mortality compared to those who received conservative treatment (13.1% (46/352) vs. 32.4% (82/253), P < 0.00001; 4.0% (5/124) vs. 14.9% (18/121), P = 0.007; and 3.3% (5/153) vs. 12.6% (12/95), P = 0.01, respectively). In the adult/pediatric patients’ studies, similar statistical results of rebleeding, ischemic events, and mortality have been obtained (70/588 (11.9%) vs. 103/402 (25.6%), P = 0.003 or <0.0001 in a random or ﬁxed-eﬀects model, respectively; 14/296 (4.7%) vs. 26/183 (14.2%), P = 0.001; and 4.6% (15/328) vs. 18.7% (23/123), P = 0.0001, respectivel",No,Previously curated in consolidated extraction; denominator audit retained,Yes,Previously curated in consolidated extraction; denominator audit retained,Systematic review/meta-analysis component,Yes,"ly studies, those who underwent revascularization had signiﬁcantly lower rates of rebleeding, ischemic events, and mortality compared to those who received conservative treatment (13.1% (46/352) vs. 32.4% (82/253), P < 0.00001; 4.0% (5/124) vs. 14.9% (18/121), P = 0.007; and 3.3% (5/153) vs. 12.6% (12/95), P = 0.01, respectively). In the adult/pediatric patients’ studies, similar statistical results of rebleeding, ischemic events, and mortality have been obtained (70/588 (11.9%) vs. 103/402 (25.6%), P = 0.003 or <0.0001 in a random or ﬁxed-eﬀects model, respectively; 14/296 (4.7%) vs. 26/183 (14.2%), P = 0.001; and 4.6% (15/328) vs. 18.7% (23/123), P = 0.0001, respectivel",Curated extraction — eligible after final denominator check,,"Studies: 19 review studies + institutional cohort; patients: Review: 1,571; institutional: 24",[MESCLADO 4 p. 93],Observational evidence plus institutional cohort; preserve review and institutional components separately.,retain,,Revascularization surgery,Conservative treatment,TRUE,TRUE,,TRUE,FALSE,FALSE,TRUE,Clinical events/safety,Adult hemorrhagic,Hemorrhagic MMD: revascularization comparison,Late hemorrhage/rebleeding,Mixed/unspecified follow-up,Patient,Proportion,FALSE,FALSE,NOT_REQUIRED,,,,,,Revascularization surgery,Conservative treatment,,,,,,,,,,,,Direction not prespecified,Not orientable,NR,NR,FALSE
E0146,R073,MOY-0056,Tier 1 — Core formal synthesis,Hemorrhagic phenotype,Ischemic/stroke events,Comparison of revascularization and conservative treatment for hemorrhagic moyamoya disease in East Asian Countries: a single-center case series and a systematic review with meta-analysis,Adults with hemorrhagic MMD in East Asian studies,Revascularization surgery,Conservative treatment,Ischemic events,follow-up,patient,"Studies: 19 review studies + institutional cohort; patients: Review: 1,571; institutional: 24",proportion comparison,4.0% (5/124) vs 14.9% (18/121),NR,0.007,NR,Favours surgery,[MESCLADO 4 p. 93],Observational evidence plus institutional cohort; preserve review and institutional components separately.,Critically low,High,Core clinical-surgical evidence table,Previously curated in consolidated extraction; denominator audit retained,"Do not pool across age, MMD/MMS, presentation, early/late horizon or patient/hemisphere/procedure units unless explicitly harmonized.",MOY-0056,Tier 1 — Core formal synthesis,Comparison of revascularization and conservative treatment for hemorrhagic moyamoya disease in East Asian Countries: a single-center case series and a systematic review with meta-analysis,Yes,Critically low,High,,,,FALSE,FALSE,FALSE,,ADULT_HEM,C06,O02,T4,U01,EM_PROPORTION,DESCRIPTIVE_WITH_COMPARATOR,1,canonical,-1,ADULT_HEM|C06|O02|T4|U01,ADULT_HEM|C06|O02|T4|U01|EM_PROPORTION,High,FALSE,FALSE,review_profile,review_profile,keyword,mixed_or_unspecified_followup,exact,proportion,,,,FALSE,FALSE,FALSE,,,,TRUE,TRUE,FALSE,ADULT_HEM|C06|O02|T4|U01,ADULT_HEM|C06|O02|T4|U01|EM_PROPORTION,Curated extraction — eligible after final denominator check,No,,Systematic review/meta-analysis component,"n had signiﬁcantly lower rates of rebleeding, ischemic events, and mortality compared to those who received conservative treatment (13.1% (46/352) vs. 32.4% (82/253), P < 0.00001; 4.0% (5/124) vs. 14.9% (18/121), P = 0.007; and 3.3% (5/153) vs. 12.6% (12/95), P = 0.01, respectively). In the adult/pediatric patients’ studies, similar statistical results of rebleeding, ischemic events, and mortality have been obtained (70/588 (11.9%) vs. 103/402 (25.6%), P = 0.003 or <0.0001 in a random or ﬁxed-eﬀects model, respectively; 14/296 (4.7%) vs. 26/183 (14.2%), P = 0.001; and 4.6% (15/328) vs. 18.7% (23/123), P = 0.0001, respectively). Conclusion: The current single-center case s",No,Previously curated in consolidated extraction; denominator audit retained,Yes,Previously curated in consolidated extraction; denominator audit retained,Systematic review/meta-analysis component,Yes,"n had signiﬁcantly lower rates of rebleeding, ischemic events, and mortality compared to those who received conservative treatment (13.1% (46/352) vs. 32.4% (82/253), P < 0.00001; 4.0% (5/124) vs. 14.9% (18/121), P = 0.007; and 3.3% (5/153) vs. 12.6% (12/95), P = 0.01, respectively). In the adult/pediatric patients’ studies, similar statistical results of rebleeding, ischemic events, and mortality have been obtained (70/588 (11.9%) vs. 103/402 (25.6%), P = 0.003 or <0.0001 in a random or ﬁxed-eﬀects model, respectively; 14/296 (4.7%) vs. 26/183 (14.2%), P = 0.001; and 4.6% (15/328) vs. 18.7% (23/123), P = 0.0001, respectively). Conclusion: The current single-center case s",Curated extraction — eligible after final denominator check,,"Studies: 19 review studies + institutional cohort; patients: Review: 1,571; institutional: 24",[MESCLADO 4 p. 93],Observational evidence plus institutional cohort; preserve review and institutional components separately.,retain,,Revascularization surgery,Conservative treatment,TRUE,TRUE,,TRUE,FALSE,FALSE,TRUE,Clinical events/safety,Adult hemorrhagic,Hemorrhagic MMD: revascularization comparison,Late ischemic stroke,Mixed/unspecified follow-up,Patient,Proportion,FALSE,FALSE,NOT_REQUIRED,,,,,,Revascularization surgery,Conservative treatment,,,,,,,,,,,,Direction not prespecified,Not orientable,NR,NR,FALSE
E0147,R073,MOY-0056,Tier 1 — Core formal synthesis,Hemorrhagic phenotype,Mortality,Comparison of revascularization and conservative treatment for hemorrhagic moyamoya disease in East Asian Countries: a single-center case series and a systematic review with meta-analysis,Adults with hemorrhagic MMD in East Asian studies,Revascularization surgery,Conservative treatment,Mortality,follow-up,patient,"Studies: 19 review studies + institutional cohort; patients: Review: 1,571; institutional: 24",proportion comparison,3.3% (5/153) vs 12.6% (12/95),NR,0.01,NR,Favours surgery,[MESCLADO 4 p. 93],Observational evidence plus institutional cohort; preserve review and institutional components separately.,Critically low,High,Core clinical-surgical evidence table,Previously curated in consolidated extraction; denominator audit retained,"Do not pool across age, MMD/MMS, presentation, early/late horizon or patient/hemisphere/procedure units unless explicitly harmonized.",MOY-0056,Tier 1 — Core formal synthesis,Comparison of revascularization and conservative treatment for hemorrhagic moyamoya disease in East Asian Countries: a single-center case series and a systematic review with meta-analysis,Yes,Critically low,High,,,,FALSE,FALSE,FALSE,,ADULT_HEM,C06,O07,T4,U01,EM_PROPORTION,DESCRIPTIVE_WITH_COMPARATOR,1,canonical,-1,ADULT_HEM|C06|O07|T4|U01,ADULT_HEM|C06|O07|T4|U01|EM_PROPORTION,High,FALSE,FALSE,review_profile,review_profile,keyword,mixed_or_unspecified_followup,exact,proportion,,,,FALSE,FALSE,FALSE,,,,TRUE,TRUE,FALSE,ADULT_HEM|C06|O07|T4|U01,ADULT_HEM|C06|O07|T4|U01|EM_PROPORTION,Curated extraction — eligible after final denominator check,No,,Systematic review/meta-analysis component,"chemic events, and mortality compared to those who received conservative treatment (13.1% (46/352) vs. 32.4% (82/253), P < 0.00001; 4.0% (5/124) vs. 14.9% (18/121), P = 0.007; and 3.3% (5/153) vs. 12.6% (12/95), P = 0.01, respectively). In the adult/pediatric patients’ studies, similar statistical results of rebleeding, ischemic events, and mortality have been obtained (70/588 (11.9%) vs. 103/402 (25.6%), P = 0.003 or <0.0001 in a random or ﬁxed-eﬀects model, respectively; 14/296 (4.7%) vs. 26/183 (14.2%), P = 0.001; and 4.6% (15/328) vs. 18.7% (23/123), P = 0.0001, respectively). Conclusion: The current single-center case series and systematic review with meta-analysis o",No,Previously curated in consolidated extraction; denominator audit retained,Yes,Previously curated in consolidated extraction; denominator audit retained,Systematic review/meta-analysis component,Yes,"chemic events, and mortality compared to those who received conservative treatment (13.1% (46/352) vs. 32.4% (82/253), P < 0.00001; 4.0% (5/124) vs. 14.9% (18/121), P = 0.007; and 3.3% (5/153) vs. 12.6% (12/95), P = 0.01, respectively). In the adult/pediatric patients’ studies, similar statistical results of rebleeding, ischemic events, and mortality have been obtained (70/588 (11.9%) vs. 103/402 (25.6%), P = 0.003 or <0.0001 in a random or ﬁxed-eﬀects model, respectively; 14/296 (4.7%) vs. 26/183 (14.2%), P = 0.001; and 4.6% (15/328) vs. 18.7% (23/123), P = 0.0001, respectively). Conclusion: The current single-center case series and systematic review with meta-analysis o",Curated extraction — eligible after final denominator check,,"Studies: 19 review studies + institutional cohort; patients: Review: 1,571; institutional: 24",[MESCLADO 4 p. 93],Observational evidence plus institutional cohort; preserve review and institutional components separately.,retain,,Revascularization surgery,Conservative treatment,TRUE,TRUE,,TRUE,FALSE,FALSE,TRUE,Clinical events/safety,Adult hemorrhagic,Hemorrhagic MMD: revascularization comparison,Mortality,Mixed/unspecified follow-up,Patient,Proportion,FALSE,FALSE,NOT_REQUIRED,,,,,,Revascularization surgery,Conservative treatment,,,,,,,,,,,,Direction not prespecified,Not orientable,NR,NR,FALSE
E0148,R074,MOY-0074,Tier 1 — Core formal synthesis,Medical/perioperative adjunct,Ischemic/stroke events,Efficacy of Remote Ischemic Conditioning for Moyamoya Disease: A Meta-Analysis of Randomized Controlled Trials,MMD participants in randomized controlled trials,Remote ischemic conditioning,Control/sham/usual care,Ischemic stroke,treatment/perioperative follow-up,patient,4 RCTs; outcome N=228,OR,0.22,0.07–0.67,0.008,NR,Favours RIC,[MESCLADO 4 p. 104],Small number of RCTs and outcome-specific sample sizes; regimen and timing vary.,Low,Unclear,Core clinical-surgical evidence table,Previously curated in consolidated extraction; denominator audit retained,"Do not pool across age, MMD/MMS, presentation, early/late horizon or patient/hemisphere/procedure units unless explicitly harmonized.",MOY-0074,Tier 1 — Core formal synthesis,Efficacy of Remote Ischemic Conditioning for Moyamoya Disease: A Meta-Analysis of Randomized Controlled Trials,Yes,Low,Unclear,0.22,0.07,0.67,TRUE,TRUE,FALSE,TRUE,MIXED_UNSEP,C11,O01,T4,U01,EM_OR,COMPARATIVE,1,canonical,-1,MIXED_UNSEP|C11|O01|T4|U01,MIXED_UNSEP|C11|O01|T4|U01|EM_OR,High,FALSE,FALSE,review_profile,review_profile,keyword_horizon,mixed_or_unspecified_followup,exact,exact,,0.07,0.67,TRUE,FALSE,TRUE,-1.5141277326297755,-1.5141277326297755,1.5141277326297755,TRUE,TRUE,TRUE,MIXED_UNSEP|C11|O01|T4|U01,MIXED_UNSEP|C11|O01|T4|U01|EM_OR,Curated extraction — eligible after final denominator check,No,,RCT meta-analysis,"Statistical analyses were carried out using Review Manager Version 5.4.1. Results: RIC was associated with a lower incidence of ischemic stroke in patients with MMD (n = 228, OR: 0.22, 95% CI: 0.07– 0.67, p = 0.008). No significant reduction was observed in the incidence of transient ischemic attacks (TIA) (n = 184, OR: 0.73, 95% CI: 0.36–1.47, p = 0.38), CHS (n = 152, OR: 0.28, 95% CI: 0.07–1.12, p = 0.07), or seizures (n = 152, OR: 0.26, 95% CI: 0.04–1.62, p = 0.15). Conclusion: RIC may have potential neuroprotective effects in patients with MMD, particularly regarding ischemic stroke. However, the current evidence remains limited by small sample sizes, sparse events,",No,Previously curated in consolidated extraction; denominator audit retained,Yes,Previously curated in consolidated extraction; denominator audit retained,RCT meta-analysis,Yes,"Statistical analyses were carried out using Review Manager Version 5.4.1. Results: RIC was associated with a lower incidence of ischemic stroke in patients with MMD (n = 228, OR: 0.22, 95% CI: 0.07– 0.67, p = 0.008). No significant reduction was observed in the incidence of transient ischemic attacks (TIA) (n = 184, OR: 0.73, 95% CI: 0.36–1.47, p = 0.38), CHS (n = 152, OR: 0.28, 95% CI: 0.07–1.12, p = 0.07), or seizures (n = 152, OR: 0.26, 95% CI: 0.04–1.62, p = 0.15). Conclusion: RIC may have potential neuroprotective effects in patients with MMD, particularly regarding ischemic stroke. However, the current evidence remains limited by small sample sizes, sparse events,",Curated extraction — eligible after final denominator check,,4 RCTs; outcome N=228,[MESCLADO 4 p. 104],Small number of RCTs and outcome-specific sample sizes; regimen and timing vary.,exclude_duplicate,E0262,Remote ischemic conditioning,Control/sham/usual care,FALSE,FALSE,Duplicate representation of the same review-level result; retain E0262.,TRUE,TRUE,FALSE,FALSE,Clinical events/safety,Mixed/unseparated,Remote ischemic conditioning vs control,Early ischemic stroke,Mixed/unspecified follow-up,Patient,OR,FALSE,FALSE,NOT_REQUIRED,,,0.22,0.07,0.67,Remote ischemic conditioning,Control/sham/usual care,0.22,0.07,0.67,-1.5141277326297755,-2.659260036932778,-0.40047756659712525,1.5141277326297755,2.659260036932778,0.40047756659712525,0.40047756659712525,2.659260036932778,Precise benefit,CI excludes null,OR 0.22 (0.07 to 0.67),OR 0.22 (0.07 to 0.67),FALSE
E0149,R074,MOY-0074,Tier 1 — Core formal synthesis,Medical/perioperative adjunct,Ischemic/stroke events,Efficacy of Remote Ischemic Conditioning for Moyamoya Disease: A Meta-Analysis of Randomized Controlled Trials,MMD participants in randomized controlled trials,Remote ischemic conditioning,Control/sham/usual care,Transient ischemic attack,treatment/perioperative follow-up,patient,4 RCTs; outcome N=184,OR,0.73,0.36–1.47,0.38,NR,No significant difference,[MESCLADO 4 p. 104],Small number of RCTs and outcome-specific sample sizes; regimen and timing vary.,Low,Unclear,Core clinical-surgical evidence table,Previously curated in consolidated extraction; denominator audit retained,"Do not pool across age, MMD/MMS, presentation, early/late horizon or patient/hemisphere/procedure units unless explicitly harmonized.",MOY-0074,Tier 1 — Core formal synthesis,Efficacy of Remote Ischemic Conditioning for Moyamoya Disease: A Meta-Analysis of Randomized Controlled Trials,Yes,Low,Unclear,0.73,0.36,1.47,TRUE,TRUE,FALSE,TRUE,MIXED_UNSEP,C11,O03,T4,U01,EM_OR,COMPARATIVE,1,canonical,-1,MIXED_UNSEP|C11|O03|T4|U01,MIXED_UNSEP|C11|O03|T4|U01|EM_OR,High,FALSE,FALSE,review_profile,review_profile,keyword,mixed_or_unspecified_followup,exact,exact,,0.36,1.47,TRUE,FALSE,TRUE,-0.31471074483970024,-0.31471074483970024,0.31471074483970024,TRUE,TRUE,TRUE,MIXED_UNSEP|C11|O03|T4|U01,MIXED_UNSEP|C11|O03|T4|U01|EM_OR,Curated extraction — eligible after final denominator check,No,,RCT meta-analysis,"e in patients with MMD (n = 228, OR: 0.22, 95% CI: 0.07– 0.67, p = 0.008). No significant reduction was observed in the incidence of transient ischemic attacks (TIA) (n = 184, OR: 0.73, 95% CI: 0.36–1.47, p = 0.38), CHS (n = 152, OR: 0.28, 95% CI: 0.07–1.12, p = 0.07), or seizures (n = 152, OR: 0.26, 95% CI: 0.04–1.62, p = 0.15). Conclusion: RIC may have potential neuroprotective effects in patients with MMD, particularly regarding ischemic stroke. However, the current evidence remains limited by small sample sizes, sparse events, and substantial heterogeneity. Further ade- quately powered multicenter RCTs are required to confirm these findings. 1 | Introduction Moyamoya",No,Previously curated in consolidated extraction; denominator audit retained,Yes,Previously curated in consolidated extraction; denominator audit retained,RCT meta-analysis,Yes,"e in patients with MMD (n = 228, OR: 0.22, 95% CI: 0.07– 0.67, p = 0.008). No significant reduction was observed in the incidence of transient ischemic attacks (TIA) (n = 184, OR: 0.73, 95% CI: 0.36–1.47, p = 0.38), CHS (n = 152, OR: 0.28, 95% CI: 0.07–1.12, p = 0.07), or seizures (n = 152, OR: 0.26, 95% CI: 0.04–1.62, p = 0.15). Conclusion: RIC may have potential neuroprotective effects in patients with MMD, particularly regarding ischemic stroke. However, the current evidence remains limited by small sample sizes, sparse events, and substantial heterogeneity. Further ade- quately powered multicenter RCTs are required to confirm these findings. 1 | Introduction Moyamoya",Curated extraction — eligible after final denominator check,,4 RCTs; outcome N=184,[MESCLADO 4 p. 104],Small number of RCTs and outcome-specific sample sizes; regimen and timing vary.,retain,,Remote ischemic conditioning,Control/sham/usual care,TRUE,TRUE,,TRUE,TRUE,TRUE,TRUE,Clinical events/safety,Mixed/unseparated,Remote ischemic conditioning vs control,TIA,Mixed/unspecified follow-up,Patient,OR,FALSE,FALSE,NOT_REQUIRED,,,0.73,0.36,1.47,Remote ischemic conditioning,Control/sham/usual care,0.73,0.36,1.47,-0.31471074483970024,-1.0216512475319814,0.3852624007906449,0.31471074483970024,1.0216512475319814,-0.3852624007906449,-0.3852624007906449,1.0216512475319814,Imprecise benefit direction,CI includes null,OR 0.73 (0.36 to 1.47),OR 0.73 (0.36 to 1.47),FALSE
E0150,R074,MOY-0074,Tier 1 — Core formal synthesis,Medical/perioperative adjunct,Hemodynamic/perfusion,Efficacy of Remote Ischemic Conditioning for Moyamoya Disease: A Meta-Analysis of Randomized Controlled Trials,MMD participants in randomized controlled trials,Remote ischemic conditioning,Control/sham/usual care,Cerebral hyperperfusion syndrome,treatment/perioperative follow-up,patient,4 RCTs; outcome N=152,OR,0.28,0.07–1.12,0.07,NR,No significant difference,[MESCLADO 4 p. 104],Small number of RCTs and outcome-specific sample sizes; regimen and timing vary.,Low,Unclear,Core clinical-surgical evidence table,Previously curated in consolidated extraction; denominator audit retained,"Do not pool across age, MMD/MMS, presentation, early/late horizon or patient/hemisphere/procedure units unless explicitly harmonized.",MOY-0074,Tier 1 — Core formal synthesis,Efficacy of Remote Ischemic Conditioning for Moyamoya Disease: A Meta-Analysis of Randomized Controlled Trials,Yes,Low,Unclear,0.28,0.07,1.12,TRUE,TRUE,FALSE,TRUE,MIXED_UNSEP,C11,O08,T4,U01,EM_OR,COMPARATIVE,1,canonical,-1,MIXED_UNSEP|C11|O08|T4|U01,MIXED_UNSEP|C11|O08|T4|U01|EM_OR,High,FALSE,FALSE,review_profile,review_profile,keyword,mixed_or_unspecified_followup,exact,exact,,0.07,1.12,TRUE,FALSE,TRUE,-1.2729656758128873,-1.2729656758128873,1.2729656758128873,TRUE,TRUE,TRUE,MIXED_UNSEP|C11|O08|T4|U01,MIXED_UNSEP|C11|O08|T4|U01|EM_OR,Curated extraction — eligible after final denominator check,No,,RCT meta-analysis,"7– 0.67, p = 0.008). No significant reduction was observed in the incidence of transient ischemic attacks (TIA) (n = 184, OR: 0.73, 95% CI: 0.36–1.47, p = 0.38), CHS (n = 152, OR: 0.28, 95% CI: 0.07–1.12, p = 0.07), or seizures (n = 152, OR: 0.26, 95% CI: 0.04–1.62, p = 0.15). Conclusion: RIC may have potential neuroprotective effects in patients with MMD, particularly regarding ischemic stroke. However, the current evidence remains limited by small sample sizes, sparse events, and substantial heterogeneity. Further ade- quately powered multicenter RCTs are required to confirm these findings. 1 | Introduction Moyamoya disease (MMD) represents a complex and rare chronic ce",No,Previously curated in consolidated extraction; denominator audit retained,Yes,Previously curated in consolidated extraction; denominator audit retained,RCT meta-analysis,Yes,"7– 0.67, p = 0.008). No significant reduction was observed in the incidence of transient ischemic attacks (TIA) (n = 184, OR: 0.73, 95% CI: 0.36–1.47, p = 0.38), CHS (n = 152, OR: 0.28, 95% CI: 0.07–1.12, p = 0.07), or seizures (n = 152, OR: 0.26, 95% CI: 0.04–1.62, p = 0.15). Conclusion: RIC may have potential neuroprotective effects in patients with MMD, particularly regarding ischemic stroke. However, the current evidence remains limited by small sample sizes, sparse events, and substantial heterogeneity. Further ade- quately powered multicenter RCTs are required to confirm these findings. 1 | Introduction Moyamoya disease (MMD) represents a complex and rare chronic ce",Curated extraction — eligible after final denominator check,,4 RCTs; outcome N=152,[MESCLADO 4 p. 104],Small number of RCTs and outcome-specific sample sizes; regimen and timing vary.,retain,,Remote ischemic conditioning,Control/sham/usual care,TRUE,TRUE,,TRUE,TRUE,TRUE,TRUE,Clinical events/safety,Mixed/unseparated,Remote ischemic conditioning vs control,Hyperperfusion syndrome,Mixed/unspecified follow-up,Patient,OR,FALSE,FALSE,NOT_REQUIRED,,,0.28,0.07,1.12,Remote ischemic conditioning,Control/sham/usual care,0.28,0.07,1.12,-1.2729656758128873,-2.659260036932778,0.11332868530700327,1.2729656758128873,2.659260036932778,-0.11332868530700327,-0.11332868530700327,2.659260036932778,Imprecise benefit direction,CI includes null,OR 0.28 (0.07 to 1.12),OR 0.28 (0.07 to 1.12),FALSE
E0151,R074,MOY-0074,Tier 1 — Core formal synthesis,Medical/perioperative adjunct,Seizure/epilepsy,Efficacy of Remote Ischemic Conditioning for Moyamoya Disease: A Meta-Analysis of Randomized Controlled Trials,MMD participants in randomized controlled trials,Remote ischemic conditioning,Control/sham/usual care,Seizures,treatment/perioperative follow-up,patient,4 RCTs; outcome N=152,OR,0.26,0.04–1.62,0.15,NR,No significant difference,[MESCLADO 4 p. 104],Small number of RCTs and outcome-specific sample sizes; regimen and timing vary.,Low,Unclear,Core clinical-surgical evidence table,Previously curated in consolidated extraction; denominator audit retained,"Do not pool across age, MMD/MMS, presentation, early/late horizon or patient/hemisphere/procedure units unless explicitly harmonized.",MOY-0074,Tier 1 — Core formal synthesis,Efficacy of Remote Ischemic Conditioning for Moyamoya Disease: A Meta-Analysis of Randomized Controlled Trials,Yes,Low,Unclear,0.26,0.04,1.62,TRUE,TRUE,FALSE,TRUE,MIXED_UNSEP,C11,O09,T4,U01,EM_OR,COMPARATIVE,1,canonical,-1,MIXED_UNSEP|C11|O09|T4|U01,MIXED_UNSEP|C11|O09|T4|U01|EM_OR,High,FALSE,FALSE,review_profile,review_profile,keyword,mixed_or_unspecified_followup,exact,exact,,0.04,1.62,TRUE,FALSE,TRUE,-1.3470736479666092,-1.3470736479666092,1.3470736479666092,TRUE,TRUE,TRUE,MIXED_UNSEP|C11|O09|T4|U01,MIXED_UNSEP|C11|O09|T4|U01|EM_OR,Curated extraction — eligible after final denominator check,No,,RCT meta-analysis,"the incidence of transient ischemic attacks (TIA) (n = 184, OR: 0.73, 95% CI: 0.36–1.47, p = 0.38), CHS (n = 152, OR: 0.28, 95% CI: 0.07–1.12, p = 0.07), or seizures (n = 152, OR: 0.26, 95% CI: 0.04–1.62, p = 0.15). Conclusion: RIC may have potential neuroprotective effects in patients with MMD, particularly regarding ischemic stroke. However, the current evidence remains limited by small sample sizes, sparse events, and substantial heterogeneity. Further ade- quately powered multicenter RCTs are required to confirm these findings. 1 | Introduction Moyamoya disease (MMD) represents a complex and rare chronic cerebrovascular illness [1], primarily affecting young adults an",No,Previously curated in consolidated extraction; denominator audit retained,Yes,Previously curated in consolidated extraction; denominator audit retained,RCT meta-analysis,Yes,"the incidence of transient ischemic attacks (TIA) (n = 184, OR: 0.73, 95% CI: 0.36–1.47, p = 0.38), CHS (n = 152, OR: 0.28, 95% CI: 0.07–1.12, p = 0.07), or seizures (n = 152, OR: 0.26, 95% CI: 0.04–1.62, p = 0.15). Conclusion: RIC may have potential neuroprotective effects in patients with MMD, particularly regarding ischemic stroke. However, the current evidence remains limited by small sample sizes, sparse events, and substantial heterogeneity. Further ade- quately powered multicenter RCTs are required to confirm these findings. 1 | Introduction Moyamoya disease (MMD) represents a complex and rare chronic cerebrovascular illness [1], primarily affecting young adults an",Curated extraction — eligible after final denominator check,,4 RCTs; outcome N=152,[MESCLADO 4 p. 104],Small number of RCTs and outcome-specific sample sizes; regimen and timing vary.,retain,,Remote ischemic conditioning,Control/sham/usual care,TRUE,TRUE,,TRUE,TRUE,TRUE,TRUE,Clinical events/safety,Mixed/unseparated,Remote ischemic conditioning vs control,Postoperative seizure,Mixed/unspecified follow-up,Patient,OR,FALSE,FALSE,NOT_REQUIRED,,,0.26,0.04,1.62,Remote ischemic conditioning,Control/sham/usual care,0.26,0.04,1.62,-1.3470736479666092,-3.2188758248682006,0.4824261492442928,1.3470736479666092,3.2188758248682006,-0.4824261492442928,-0.4824261492442928,3.2188758248682006,Imprecise benefit direction,CI includes null,OR 0.26 (0.04 to 1.62),OR 0.26 (0.04 to 1.62),FALSE
E0152,R002,MOY-0170,Tier 2 — Contextual formal synthesis/evidence map,MMS — sickle cell disease,Ischemic/stroke events,Surgical Revascularization for Pediatric Patients with Sickle Cell Disease and Moyamoya Disease in the Prevention of Ischemic Strokes: A Single-Center Case Series and a Systematic Review,"Predominantly pediatric MMS associated with sickle cell disease, often with prior ischemic stroke despite chronic transfusion.","Mostly indirect revascularization (EDAS, pial synangiosis, EMAS) added to chronic transfusion.",Chronic transfusion alone or preoperative event rate; largely nonconcurrent comparisons.,Ischemic stroke-free survival,median follow-up 37 months,patient,53 total patients; survival analysis in 52 with follow-up,Kaplan–Meier survival proportion,94.3%,83.3–98.1,NR,NR,High stroke-free survival after indirect revascularization in SCD-associated MMS; uncontrolled evidence.,[MESCLADO 1 p. 9],"Cannot prove superiority over optimized transfusion from nonrandomized, overlapping cohorts. Low perioperative event rate versus delayed collateral development and evidence from small retrospective cohorts.",Critically low,High,Contextual formal evidence table,Source-verified during final effect audit,"Do not pool across age, MMD/MMS, presentation, early/late horizon or patient/hemisphere/procedure units unless explicitly harmonized.",MOY-0170,Tier 2 — Contextual formal synthesis/evidence map,Surgical Revascularization for Pediatric Patients with Sickle Cell Disease and Moyamoya Disease in the Prevention of Ischemic Strokes: A Single-Center Case Series and a Systematic Review,Yes,Critically low,High,,83.3,98.1,FALSE,FALSE,FALSE,,MMS_SCD,C14,O02,T3,U01,EM_PROPORTION,DESCRIPTIVE_WITH_COMPARATOR,1,canonical,-1,MMS_SCD|C14|O02|T3|U01,MMS_SCD|C14|O02|T3|U01|EM_PROPORTION,High,FALSE,FALSE,review_profile,review_profile,keyword,long_term,exact,proportion,,83.3,98.1,FALSE,FALSE,FALSE,,,,TRUE,TRUE,FALSE,MMS_SCD|C14|O02|T3|U01,MMS_SCD|C14|O02|T3|U01|EM_PROPORTION,Corrected — manuscript-ready quantitative result,Corrected from source,"94.3% is ischemic stroke-free survival, not an event proportion; 3/52 strokes occurred, all within 30 days.",Additional quantitative result extracted from full text,"All ischemic strokes occurred within the first 30 days after the surgery and the rate of ischemic stroke-free survival was 94.3% (95% confidence in- terval, 83.3e98.1).",No,Source-verified during final effect audit,Yes,Source-verified during final effect audit,Additional quantitative result extracted from full text,Yes,"All ischemic strokes occurred within the first 30 days after the surgery and the rate of ischemic stroke-free survival was 94.3% (95% confidence in- terval, 83.3e98.1).",Corrected — manuscript-ready quantitative result,"94.3% is ischemic stroke-free survival, not an event proportion; 3/52 strokes occurred, all within 30 days.",53 total patients; survival analysis in 52 with follow-up,[MESCLADO 1 p. 9],"Cannot prove superiority over optimized transfusion from nonrandomized, overlapping cohorts. Low perioperative event rate versus delayed collateral development and evidence from small retrospective cohorts.",retain,,"Mostly indirect revascularization (EDAS, pial synangiosis, EMAS) added to chronic transfusion.",Chronic transfusion alone or preoperative event rate; largely nonconcurrent comparisons.,TRUE,TRUE,,TRUE,FALSE,FALSE,TRUE,Clinical events/safety,SCD-associated MMS,SCD-MMS: surgery + transfusion,Late ischemic stroke,Late/long-term,Patient,Proportion,FALSE,FALSE,NOT_REQUIRED,,,,83.3,98.1,"Mostly indirect revascularization (EDAS, pial synangiosis, EMAS) added to chronic transfusion.",Chronic transfusion alone or preoperative event rate; largely nonconcurrent comparisons.,,83.3,98.1,,,,,,,,,Direction not prespecified,Not orientable,NR,NR,FALSE
E0153,R002,MOY-0170,Tier 2 — Contextual formal synthesis/evidence map,MMS — sickle cell disease,Ischemic/stroke events,Surgical Revascularization for Pediatric Patients with Sickle Cell Disease and Moyamoya Disease in the Prevention of Ischemic Strokes: A Single-Center Case Series and a Systematic Review,"Predominantly pediatric MMS associated with sickle cell disease, often with prior ischemic stroke despite chronic transfusion.","Mostly indirect revascularization (EDAS, pial synangiosis, EMAS) added to chronic transfusion.",Chronic transfusion alone or preoperative event rate; largely nonconcurrent comparisons.,Preoperative ischemic insult (stroke or TIA),preoperative,patient,48/53 patients,proportion,90.6%,NR,NR,NR,Severe preoperative cerebrovascular burden in SCD-associated MMS.,[MESCLADO 1 p. 13],"Cannot prove superiority over optimized transfusion from nonrandomized, overlapping cohorts. Low perioperative event rate versus delayed collateral development and evidence from small retrospective cohorts.",Critically low,High,Evidence map only,Source-verified during final effect audit,"Do not pool across age, MMD/MMS, presentation, early/late horizon or patient/hemisphere/procedure units unless explicitly harmonized.",MOY-0170,Tier 2 — Contextual formal synthesis/evidence map,Surgical Revascularization for Pediatric Patients with Sickle Cell Disease and Moyamoya Disease in the Prevention of Ischemic Strokes: A Single-Center Case Series and a Systematic Review,Yes,Critically low,High,,,,FALSE,FALSE,FALSE,,MMS_SCD,C14,O03,T9,U01,EM_PROPORTION,DESCRIPTIVE_WITH_COMPARATOR,1,canonical,-1,MMS_SCD|C14|O03|T9|U01,MMS_SCD|C14|O03|T9|U01|EM_PROPORTION,High,FALSE,FALSE,review_profile,review_profile,keyword,not_analytic,exact,proportion,,,,FALSE,FALSE,FALSE,,,,TRUE,TRUE,FALSE,MMS_SCD|C14|O03|T9|U01,MMS_SCD|C14|O03|T9|U01|EM_PROPORTION,Corrected — evidence-map descriptive statistic,Corrected from source,"The source reports preoperative ischemic insults (stroke or TIA) in 48/53, not postoperative stroke.",Additional quantitative result extracted from full text,90.6%) had had ischemic insults (stroke or TIA) before the intervention.,No,Source-verified during final effect audit,Yes — descriptive only,Source-verified during final effect audit,Additional quantitative result extracted from full text,Yes — descriptive only,90.6%) had had ischemic insults (stroke or TIA) before the intervention.,Corrected — evidence-map descriptive statistic,"The source reports preoperative ischemic insults (stroke or TIA) in 48/53, not postoperative stroke.",48/53 patients,[MESCLADO 1 p. 13],"Cannot prove superiority over optimized transfusion from nonrandomized, overlapping cohorts. Low perioperative event rate versus delayed collateral development and evidence from small retrospective cohorts.",retain,,"Mostly indirect revascularization (EDAS, pial synangiosis, EMAS) added to chronic transfusion.",Chronic transfusion alone or preoperative event rate; largely nonconcurrent comparisons.,TRUE,TRUE,,TRUE,FALSE,FALSE,TRUE,Clinical events/safety,SCD-associated MMS,SCD-MMS: surgery + transfusion,TIA,Not reported/not analytic,Patient,Proportion,FALSE,FALSE,NOT_REQUIRED,,,,,,"Mostly indirect revascularization (EDAS, pial synangiosis, EMAS) added to chronic transfusion.",Chronic transfusion alone or preoperative event rate; largely nonconcurrent comparisons.,,,,,,,,,,,,Direction not prespecified,Not orientable,NR,NR,FALSE
E0156,R005,MOY-0041,Tier 2 — Contextual formal synthesis/evidence map,MMS/special etiologic phenotype,Ischemic/stroke events,Characteristics of Moyamoya Syndrome in Pediatric Patients With Neurofibromatosis Type 1,"Children with NF1-associated MMS, including an institutional cohort and published cases/series.","Observation, medical management and revascularization.",Descriptive; no robust concurrent comparison.,Stroke or TIA at diagnosis,presentation,patient,140 patients,proportion,46%,NR,NR,NR,"More frequent in bilateral than unilateral disease (62% vs 34%, p=0.001) and age <4 years (61% vs 40%, p=0.02).",[MESCLADO 1 p. 48],Cannot infer technique superiority or universal screening interval. Potential stroke prevention versus uncertain natural history and treatment-selection bias.,Critically low,High,Evidence map only,Source-verified during final effect audit,"Do not pool across age, MMD/MMS, presentation, early/late horizon or patient/hemisphere/procedure units unless explicitly harmonized.",MOY-0041,Tier 2 — Contextual formal synthesis/evidence map,Characteristics of Moyamoya Syndrome in Pediatric Patients With Neurofibromatosis Type 1,Yes,Critically low,High,,,,FALSE,FALSE,FALSE,,MMS_NF1,C01,O03,T9,U01,EM_PROPORTION,DESCRIPTIVE_WITH_COMPARATOR,0,not_orientable,-1,MMS_NF1|C01|O03|T9|U01,MMS_NF1|C01|O03|T9|U01|EM_PROPORTION,High,FALSE,FALSE,review_profile,text_rule,keyword,not_analytic,exact,proportion,,,,FALSE,FALSE,FALSE,,,,TRUE,TRUE,FALSE,MMS_NF1|C01|O03|T9|U01,MMS_NF1|C01|O03|T9|U01|EM_PROPORTION,Corrected — evidence-map descriptive statistic,Corrected from source,Corrected to baseline diagnostic phenotype; not an intervention effect.,Additional quantitative result extracted from full text,Stroke or transient ischemic attack (TIA) was present at diagnosis in 46%.,No,Source-verified during final effect audit,Yes — descriptive only,Source-verified during final effect audit,Additional quantitative result extracted from full text,Yes — descriptive only,Stroke or transient ischemic attack (TIA) was present at diagnosis in 46%.,Corrected — evidence-map descriptive statistic,Corrected to baseline diagnostic phenotype; not an intervention effect.,140 patients,[MESCLADO 1 p. 48],Cannot infer technique superiority or universal screening interval. Potential stroke prevention versus uncertain natural history and treatment-selection bias.,retain,,"Observation, medical management and revascularization.",Descriptive; no robust concurrent comparison.,TRUE,TRUE,,TRUE,FALSE,FALSE,TRUE,Clinical events/safety,NF1-associated MMS,Surgery vs conservative,TIA,Not reported/not analytic,Patient,Proportion,FALSE,FALSE,NOT_REQUIRED,,,,,,"Observation, medical management and revascularization.",Descriptive; no robust concurrent comparison.,,,,,,,,,,,,Direction not prespecified,Not orientable,NR,NR,FALSE
E0157,R005,MOY-0041,Tier 2 — Contextual formal synthesis/evidence map,MMS/special etiologic phenotype,Hemorrhagic events,Characteristics of Moyamoya Syndrome in Pediatric Patients With Neurofibromatosis Type 1,"Children with NF1-associated MMS, including an institutional cohort and published cases/series.","Observation, medical management and revascularization.",Descriptive; no robust concurrent comparison.,Intracranial hemorrhage at diagnosis,presentation,patient,2/140 patients,proportion,1.4%,NR,NR,NR,As reported; verify event coding in source statement,[MESCLADO 1 p. 49],Cannot infer technique superiority or universal screening interval. Potential stroke prevention versus uncertain natural history and treatment-selection bias.,Critically low,High,Evidence map only,Source-verified during final effect audit,"Do not pool across age, MMD/MMS, presentation, early/late horizon or patient/hemisphere/procedure units unless explicitly harmonized.",MOY-0041,Tier 2 — Contextual formal synthesis/evidence map,Characteristics of Moyamoya Syndrome in Pediatric Patients With Neurofibromatosis Type 1,Yes,Critically low,High,,,,FALSE,FALSE,FALSE,,MMS_NF1,C01,O05,T9,U01,EM_PROPORTION,DESCRIPTIVE_WITH_COMPARATOR,0,not_orientable,-1,MMS_NF1|C01|O05|T9|U01,MMS_NF1|C01|O05|T9|U01|EM_PROPORTION,High,FALSE,FALSE,review_profile,text_rule,keyword,not_analytic,exact,proportion,,,,FALSE,FALSE,FALSE,,,,TRUE,TRUE,FALSE,MMS_NF1|C01|O05|T9|U01,MMS_NF1|C01|O05|T9|U01|EM_PROPORTION,Corrected — evidence-map descriptive statistic,Corrected from source,Intracranial hemorrhage at diagnosis was 2/140.,Additional quantitative result extracted from full text,An additional two of 140 patients (1%) had intracranial hemorrhage.,No,Source-verified during final effect audit,Yes — descriptive only,Source-verified during final effect audit,Additional quantitative result extracted from full text,Yes — descriptive only,An additional two of 140 patients (1%) had intracranial hemorrhage.,Corrected — evidence-map descriptive statistic,Intracranial hemorrhage at diagnosis was 2/140.,2/140 patients,[MESCLADO 1 p. 49],Cannot infer technique superiority or universal screening interval. Potential stroke prevention versus uncertain natural history and treatment-selection bias.,retain,,"Observation, medical management and revascularization.",Descriptive; no robust concurrent comparison.,TRUE,TRUE,,TRUE,FALSE,FALSE,TRUE,Clinical events/safety,NF1-associated MMS,Surgery vs conservative,Late hemorrhage/rebleeding,Not reported/not analytic,Patient,Proportion,FALSE,FALSE,NOT_REQUIRED,,,,,,"Observation, medical management and revascularization.",Descriptive; no robust concurrent comparison.,,,,,,,,,,,,Direction not prespecified,Not orientable,NR,NR,FALSE
E0158,R005,MOY-0041,Tier 2 — Contextual formal synthesis/evidence map,MMS/special etiologic phenotype,Ischemic/stroke events,Characteristics of Moyamoya Syndrome in Pediatric Patients With Neurofibromatosis Type 1,"Children with NF1-associated MMS, including an institutional cohort and published cases/series.","Observation, medical management and revascularization.",Descriptive; no robust concurrent comparison.,Stroke or TIA at diagnosis,presentation,patient,6/19 patients,proportion,31.6%,NR,NR,NR,As reported; verify event coding in source statement,[MESCLADO 1 p. 50],Cannot infer technique superiority or universal screening interval. Potential stroke prevention versus uncertain natural history and treatment-selection bias.,Critically low,High,Evidence map only,Source-verified during final effect audit,"Do not pool across age, MMD/MMS, presentation, early/late horizon or patient/hemisphere/procedure units unless explicitly harmonized.",MOY-0041,Tier 2 — Contextual formal synthesis/evidence map,Characteristics of Moyamoya Syndrome in Pediatric Patients With Neurofibromatosis Type 1,Yes,Critically low,High,,,,FALSE,FALSE,FALSE,,MMS_NF1,C01,O03,T9,U01,EM_PROPORTION,DESCRIPTIVE_WITH_COMPARATOR,0,not_orientable,-1,MMS_NF1|C01|O03|T9|U01,MMS_NF1|C01|O03|T9|U01|EM_PROPORTION,High,FALSE,FALSE,review_profile,text_rule,keyword,not_analytic,exact,proportion,,,,FALSE,FALSE,FALSE,,,,TRUE,TRUE,FALSE,MMS_NF1|C01|O03|T9|U01,MMS_NF1|C01|O03|T9|U01|EM_PROPORTION,Corrected — evidence-map descriptive statistic,Corrected from source,Corrected to stroke/TIA at diagnosis in the smaller imaging cohort.,Additional quantitative result extracted from full text,"For the six patients (32%) who presented with TIA (three, 16%) or stroke (three, 16%) at the time of diagnosis, the median age of MMS diagnosis was 4 years (IQR 1.5 to 7.3 years, range 1.2 to 11 years), whereas those without stroke or TIA at presentation were diagnosed at a median age of 7.3 years (IQR 2.7 to 9.3 years, range 1.5 to 16.5 years, P ¼ 0.18, Wilcoxon rank-sum).",No,Source-verified during final effect audit,Yes — descriptive only,Source-verified during final effect audit,Additional quantitative result extracted from full text,Yes — descriptive only,"For the six patients (32%) who presented with TIA (three, 16%) or stroke (three, 16%) at the time of diagnosis, the median age of MMS diagnosis was 4 years (IQR 1.5 to 7.3 years, range 1.2 to 11 years), whereas those without stroke or TIA at presentation were diagnosed at a median age of 7.3 years (IQR 2.7 to 9.3 years, range 1.5 to 16.5 years, P ¼ 0.18, Wilcoxon rank-sum).",Corrected — evidence-map descriptive statistic,Corrected to stroke/TIA at diagnosis in the smaller imaging cohort.,6/19 patients,[MESCLADO 1 p. 50],Cannot infer technique superiority or universal screening interval. Potential stroke prevention versus uncertain natural history and treatment-selection bias.,retain,,"Observation, medical management and revascularization.",Descriptive; no robust concurrent comparison.,TRUE,TRUE,,TRUE,FALSE,FALSE,TRUE,Clinical events/safety,NF1-associated MMS,Surgery vs conservative,TIA,Not reported/not analytic,Patient,Proportion,FALSE,FALSE,NOT_REQUIRED,,,,,,"Observation, medical management and revascularization.",Descriptive; no robust concurrent comparison.,,,,,,,,,,,,Direction not prespecified,Not orientable,NR,NR,FALSE
E0162,R007,MOY-0045,Tier 2 — Contextual formal synthesis/evidence map,Natural history/progression,Ischemic/stroke events,Clinical and radiological course of asymptomatic and hemodynamically stable moyamoya disease: a systematic review and meta-analysis,Asymptomatic/hemodynamically stable MMD or cohorts evaluated for disease progression.,Observation/monitoring; surgery may appear as subsequent treatment.,Risk-factor strata or baseline phenotypes.,Transient ischemic attack,NR,NR,surgical versus conservative comparison,OR,0.47,0.11–2.01,NR,NR,No statistically demonstrable difference; pooled event proportions approximately 0.2% versus 3.6%.,[MESCLADO 1 p. 66],Cannot convert prognostic association into a causal indication for a specific technique. Avoiding unnecessary surgery versus risk of silent or clinical progression.,Low,High,Contextual formal evidence table,Source-verified during final effect audit,"Do not pool across age, MMD/MMS, presentation, early/late horizon or patient/hemisphere/procedure units unless explicitly harmonized.",MOY-0045,Tier 2 — Contextual formal synthesis/evidence map,Clinical and radiological course of asymptomatic and hemodynamically stable moyamoya disease: a systematic review and meta-analysis,Yes,Low,High,0.47,0.11,2.01,TRUE,TRUE,FALSE,TRUE,ASYM_STABLE,C08,O03,T4,U07,EM_OR,COMPARATIVE,1,not_orientable,-1,ASYM_STABLE|C08|O03|T4|U07,ASYM_STABLE|C08|O03|T4|U07|EM_OR,Moderate,TRUE,FALSE,review_profile,review_profile,keyword,not_analytic,mixed_or_unclear,exact,,0.11,2.01,TRUE,FALSE,TRUE,-0.7550225842780328,,,TRUE,TRUE,TRUE,ASYM_STABLE|C08|O03|T4|U07,ASYM_STABLE|C08|O03|T4|U07|EM_OR,Verified — manuscript-ready quantitative result,No,Source-confirmed comparison; retain with wide imprecision.,Additional quantitative result extracted from full text,"Four studies compared the incident rate of TIA for the surgical vs. conservative groups, and the rate difference was not significant (OR 0.47, 95% CI 0.11–2.01).",No,Source-verified during final effect audit,Yes,Source-verified during final effect audit,Additional quantitative result extracted from full text,Yes,"Four studies compared the incident rate of TIA for the surgical vs. conservative groups, and the rate difference was not significant (OR 0.47, 95% CI 0.11–2.01).",Verified — manuscript-ready quantitative result,Source-confirmed comparison; retain with wide imprecision.,surgical versus conservative comparison,[MESCLADO 1 p. 66],Cannot convert prognostic association into a causal indication for a specific technique. Avoiding unnecessary surgery versus risk of silent or clinical progression.,retain,,Surgery,Conservative surveillance,TRUE,TRUE,Source text reports follow-up TIA comparison between surgical and conservative management.,TRUE,TRUE,TRUE,TRUE,Clinical events/safety,Asymptomatic/stable,Asymptomatic: surgery vs surveillance,TIA,Mixed/unspecified follow-up,Mixed/unclear,OR,FALSE,FALSE,RESOLVED,Asymptomatic/hemodynamically stable review explicitly compares surgical management with conservative follow-up for TIA.,,0.47,0.11,2.01,Surgery,Conservative surveillance,0.47,0.11,2.01,-0.7550225842780328,-2.2072749131897207,0.6981347220709843,0.7550225842780328,2.2072749131897207,-0.6981347220709843,-0.6981347220709843,2.2072749131897207,Imprecise benefit direction,CI includes null,OR 0.47 (0.11 to 2.01),OR 0.47 (0.11 to 2.01),FALSE
E0163,R007,MOY-0045,Tier 2 — Contextual formal synthesis/evidence map,Natural history/progression,Hemorrhagic events,Clinical and radiological course of asymptomatic and hemodynamically stable moyamoya disease: a systematic review and meta-analysis,Asymptomatic/hemodynamically stable MMD or cohorts evaluated for disease progression.,Observation/monitoring; surgery may appear as subsequent treatment.,Risk-factor strata or baseline phenotypes.,Hemorrhagic stroke under conservative management,follow-up,patient,Studies: 7; patients: 393,pooled proportion,3.8%,0.4–7.2,NR,NR,As reported; verify event coding in source statement,[MESCLADO 1 p. 66],Cannot convert prognostic association into a causal indication for a specific technique. Avoiding unnecessary surgery versus risk of silent or clinical progression.,Low,High,Contextual formal evidence table,Source-verified during final effect audit,"Do not pool across age, MMD/MMS, presentation, early/late horizon or patient/hemisphere/procedure units unless explicitly harmonized.",MOY-0045,Tier 2 — Contextual formal synthesis/evidence map,Clinical and radiological course of asymptomatic and hemodynamically stable moyamoya disease: a systematic review and meta-analysis,Yes,Low,High,,0.4,7.2,FALSE,FALSE,FALSE,,ASYM_STABLE,C08,O05,T4,U01,EM_PROPORTION,DESCRIPTIVE_WITH_COMPARATOR,0,not_orientable,-1,ASYM_STABLE|C08|O05|T4|U01,ASYM_STABLE|C08|O05|T4|U01|EM_PROPORTION,High,FALSE,FALSE,review_profile,review_profile,keyword,mixed_or_unspecified_followup,exact,proportion,,0.4,7.2,FALSE,FALSE,FALSE,,,,TRUE,TRUE,FALSE,ASYM_STABLE|C08|O05|T4|U01,ASYM_STABLE|C08|O05|T4|U01|EM_PROPORTION,Corrected — manuscript-ready quantitative result,Corrected from source,The 3.8% proportion refers to hemorrhagic stroke under conservative management.,Additional quantitative result extracted from full text,"Six studies provided data on stroke in the conservative group, showing the pooled rate of hemorrhagic stroke of 3.8% (95% CI 0.4–7.2%) and ischemic stroke of 0.7% (95% CI 0–2.3%).",No,Source-verified during final effect audit,Yes,Source-verified during final effect audit,Additional quantitative result extracted from full text,Yes,"Six studies provided data on stroke in the conservative group, showing the pooled rate of hemorrhagic stroke of 3.8% (95% CI 0.4–7.2%) and ischemic stroke of 0.7% (95% CI 0–2.3%).",Corrected — manuscript-ready quantitative result,The 3.8% proportion refers to hemorrhagic stroke under conservative management.,Studies: 7; patients: 393,[MESCLADO 1 p. 66],Cannot convert prognostic association into a causal indication for a specific technique. Avoiding unnecessary surgery versus risk of silent or clinical progression.,retain,,Observation/monitoring; surgery may appear as subsequent treatment.,Risk-factor strata or baseline phenotypes.,TRUE,TRUE,,TRUE,FALSE,FALSE,TRUE,Clinical events/safety,Asymptomatic/stable,Asymptomatic: surgery vs surveillance,Late hemorrhage/rebleeding,Mixed/unspecified follow-up,Patient,Proportion,FALSE,FALSE,NOT_REQUIRED,,,,0.4,7.2,Observation/monitoring; surgery may appear as subsequent treatment.,Risk-factor strata or baseline phenotypes.,,0.4,7.2,,,,,,,,,Direction not prespecified,Not orientable,NR,NR,FALSE
E0164,R007,MOY-0045,Tier 2 — Contextual formal synthesis/evidence map,Natural history/progression,Ischemic/stroke events,Clinical and radiological course of asymptomatic and hemodynamically stable moyamoya disease: a systematic review and meta-analysis,Asymptomatic/hemodynamically stable MMD or cohorts evaluated for disease progression.,Observation/monitoring; surgery may appear as subsequent treatment.,Risk-factor strata or baseline phenotypes.,Stroke after surgical management,follow-up,NR,Studies: 7; patients: 393,pooled proportion,3.7%,0–10.8,NR,NR,As reported; verify event coding in source statement,[MESCLADO 1 p. 66],Cannot convert prognostic association into a causal indication for a specific technique. Avoiding unnecessary surgery versus risk of silent or clinical progression.,Low,High,Contextual formal evidence table,Source-verified during final effect audit,"Do not pool across age, MMD/MMS, presentation, early/late horizon or patient/hemisphere/procedure units unless explicitly harmonized.",MOY-0045,Tier 2 — Contextual formal synthesis/evidence map,Clinical and radiological course of asymptomatic and hemodynamically stable moyamoya disease: a systematic review and meta-analysis,Yes,Low,High,,0,10.8,FALSE,FALSE,FALSE,,ASYM_STABLE,C08,O02,T4,U07,EM_PROPORTION,DESCRIPTIVE_WITH_COMPARATOR,0,not_orientable,-1,ASYM_STABLE|C08|O02|T4|U07,ASYM_STABLE|C08|O02|T4|U07|EM_PROPORTION,High,FALSE,FALSE,review_profile,review_profile,keyword,mixed_or_unspecified_followup,mixed_or_unclear,proportion,,0,10.8,FALSE,FALSE,FALSE,,,,TRUE,TRUE,FALSE,ASYM_STABLE|C08|O02|T4|U07,ASYM_STABLE|C08|O02|T4|U07|EM_PROPORTION,Verified — manuscript-ready quantitative result,No,Source-confirmed pooled stroke incidence after surgery.,Additional quantitative result extracted from full text,"The pooled stroke incident rate for the surgical group, based on pooled four studies, was 3.7% (95% CI 0–10.8%) (Figure 3).",No,Source-verified during final effect audit,Yes,Source-verified during final effect audit,Additional quantitative result extracted from full text,Yes,"The pooled stroke incident rate for the surgical group, based on pooled four studies, was 3.7% (95% CI 0–10.8%) (Figure 3).",Verified — manuscript-ready quantitative result,Source-confirmed pooled stroke incidence after surgery.,Studies: 7; patients: 393,[MESCLADO 1 p. 66],Cannot convert prognostic association into a causal indication for a specific technique. Avoiding unnecessary surgery versus risk of silent or clinical progression.,retain,,Observation/monitoring; surgery may appear as subsequent treatment.,Risk-factor strata or baseline phenotypes.,TRUE,TRUE,,TRUE,FALSE,FALSE,TRUE,Clinical events/safety,Asymptomatic/stable,Asymptomatic: surgery vs surveillance,Late ischemic stroke,Mixed/unspecified follow-up,Mixed/unclear,Proportion,FALSE,FALSE,NOT_REQUIRED,,,,0,10.8,Observation/monitoring; surgery may appear as subsequent treatment.,Risk-factor strata or baseline phenotypes.,,0,10.8,,,,,,,,,Direction not prespecified,Not orientable,NR,NR,FALSE
E0165,R009,MOY-0180,Tier 1 — Core formal synthesis,Adult revascularization,Ischemic/stroke events,Meta-analysis of long-term prognosis in adult patients with symptomatic moyamoya disease undergoing bypass surgery,"Adults with symptomatic MMD, stratified where possible by ischemic versus hemorrhagic presentation.","Direct, indirect or combined bypass.",Conservative/medical treatment.,Long-term ischemic events,late/follow-up,procedure/bypass,"Studies: 8; patients: 1,160",OR,0.53,0.33–0.85,0.008,NR,Bypass associated with fewer long-term ischemic events than conservative care; low-quality observational evidence.,[MESCLADO 1 p. 102],Cannot claim equal benefit in ischemic-onset disease when subgroup estimates are imprecise/heterogeneous. Perioperative stroke/hemorrhage versus delayed reduction in recurrent events.,Critically low,Unclear,Core clinical-surgical evidence table,Source-verified during final effect audit,"Do not pool across age, MMD/MMS, presentation, early/late horizon or patient/hemisphere/procedure units unless explicitly harmonized.",MOY-0180,Tier 1 — Core formal synthesis,Meta-analysis of long-term prognosis in adult patients with symptomatic moyamoya disease undergoing bypass surgery,Yes,Critically low,Unclear,0.53,0.33,0.85,TRUE,TRUE,FALSE,TRUE,ADULT_HEM,C06,O02,T3,U07,EM_OR,COMPARATIVE,1,canonical,-1,ADULT_HEM|C06|O02|T3|U07,ADULT_HEM|C06|O02|T3|U07|EM_OR,High,FALSE,FALSE,subgroup_text,text_rule,keyword,long_term,mixed_or_unclear,exact,,0.33,0.85,TRUE,FALSE,TRUE,-0.6348782724359695,-0.6348782724359695,0.6348782724359695,TRUE,TRUE,TRUE,ADULT_HEM|C06|O02|T3|U07,ADULT_HEM|C06|O02|T3|U07|EM_OR,Corrected — manuscript-ready quantitative result,Corrected from source,Abstract has typographic CI upper bound 0.085; full results support 0.85.,Additional quantitative result extracted from full text,"(1) Compared with conservative treatment, bypass surgery can signiﬁcantly reduce the risk of long-term ischemic and hemorrhagic events in adult patients with symptomatic moyamoya disease (ischemic events: OR=0.53, 95% CI : 0.33~0.085, P =0.008; hemorrhagic events: OR=0.38, 95% CI : 0.23~0.64, P =0.0003).",No,Source-verified during final effect audit,Yes,Source-verified during final effect audit,Additional quantitative result extracted from full text,Yes,"(1) Compared with conservative treatment, bypass surgery can signiﬁcantly reduce the risk of long-term ischemic and hemorrhagic events in adult patients with symptomatic moyamoya disease (ischemic events: OR=0.53, 95% CI : 0.33~0.085, P =0.008; hemorrhagic events: OR=0.38, 95% CI : 0.23~0.64, P =0.0003).",Corrected — manuscript-ready quantitative result,Abstract has typographic CI upper bound 0.085; full results support 0.85.,"Studies: 8; patients: 1,160",[MESCLADO 1 p. 102],Cannot claim equal benefit in ischemic-onset disease when subgroup estimates are imprecise/heterogeneous. Perioperative stroke/hemorrhage versus delayed reduction in recurrent events.,exclude_duplicate,E0009,"Direct, indirect or combined bypass.",Conservative/medical treatment.,FALSE,FALSE,Duplicate representation of the same review-level result; retain E0009.,TRUE,TRUE,FALSE,FALSE,Clinical events/safety,Adult hemorrhagic,Hemorrhagic MMD: revascularization comparison,Late ischemic stroke,Late/long-term,Mixed/unclear,OR,FALSE,FALSE,NOT_REQUIRED,,,0.53,0.33,0.85,"Direct, indirect or combined bypass.",Conservative/medical treatment.,0.53,0.33,0.85,-0.6348782724359695,-1.1086626245216111,-0.16251892949777494,0.6348782724359695,1.1086626245216111,0.16251892949777494,0.16251892949777494,1.1086626245216111,Precise benefit,CI excludes null,OR 0.53 (0.33 to 0.85),OR 0.53 (0.33 to 0.85),FALSE
E0166,R010,MOY-0073,Tier 1 — Core formal synthesis,Technique-specific/failure,Hemodynamic/perfusion,Efficacy of double anastomosis STA-MCA bypass in adult Moyamoya disease and cerebral atherosclerosis disease: a systematic review and meta-analysis,Patients undergoing double-barrel/double-anastomosis STA-MCA bypass; some reviews include non-MMD occlusive disease.,Two-anastomosis STA-MCA bypass.,Single anastomosis or no direct comparator; often single-arm.,MCA-territory perfusion,NR,NR,Studies: 15; patients: 417,mean difference,9.28,1.19–17.37,0.025,NR,As reported; verify event coding in source statement,[MESCLADO 1 p. 115],"Cannot infer superiority over single-barrel bypass from predominantly single-arm data. Greater flow/coverage versus longer, more complex surgery and potential hyperperfusion.",Critically low,Unclear,Core clinical-surgical evidence table,Source-verified during final effect audit,"Do not pool across age, MMD/MMS, presentation, early/late horizon or patient/hemisphere/procedure units unless explicitly harmonized.",MOY-0073,Tier 1 — Core formal synthesis,Efficacy of double anastomosis STA-MCA bypass in adult Moyamoya disease and cerebral atherosclerosis disease: a systematic review and meta-analysis,Yes,Critically low,Unclear,9.28,1.19,17.37,TRUE,TRUE,FALSE,TRUE,ADULT_MIX,C13,O12,T9,U07,EM_MD,SURROGATE_DESCRIPTIVE,1,canonical,0,ADULT_MIX|C13|O12|T9|U07,ADULT_MIX|C13|O12|T9|U07|EM_MD,Moderate,TRUE,FALSE,review_profile,review_profile,keyword,not_analytic,mixed_or_unclear,exact,,1.19,17.37,FALSE,TRUE,TRUE,,,,TRUE,TRUE,FALSE,ADULT_MIX|C13|O12|T9|U07,ADULT_MIX|C13|O12|T9|U07|EM_MD,Corrected — manuscript-ready quantitative result,Corrected from source,Parser conflated two perfusion outcomes; restricted to MCA perfusion.,Additional quantitative result extracted from full text,"95%CI: 2.32 to 27.19; p = 0.020), and increased MCA perfusion (MD: 9.28;",No,Source-verified during final effect audit,Yes,Source-verified during final effect audit,Additional quantitative result extracted from full text,Yes,"95%CI: 2.32 to 27.19; p = 0.020), and increased MCA perfusion (MD: 9.28;",Corrected — manuscript-ready quantitative result,Parser conflated two perfusion outcomes; restricted to MCA perfusion.,Studies: 15; patients: 417,[MESCLADO 1 p. 115],"Cannot infer superiority over single-barrel bypass from predominantly single-arm data. Greater flow/coverage versus longer, more complex surgery and potential hyperperfusion.",descriptive_only,,Two-anastomosis STA-MCA bypass.,Single anastomosis or no direct comparator; often single-arm.,FALSE,FALSE,Predominantly single-arm double-barrel evidence without a stable direct comparator.,TRUE,FALSE,FALSE,FALSE,Hemodynamic,Adult mixed,Double-barrel vs benchmark,CBF/CVR/OEF/perfusion,Not reported/not analytic,Mixed/unclear,MD,TRUE,FALSE,NOT_REQUIRED_AFTER_INITIAL_HARMONIZATION,,,9.28,1.19,17.37,Two-anastomosis STA-MCA bypass.,Single anastomosis or no direct comparator; often single-arm.,9.28,1.19,17.37,9.28,1.19,17.37,,,,,,Direction not prespecified,Not orientable,MD 9.28 (1.19 to 17.37),MD 9.28 (1.19 to 17.37),FALSE
E0167,R010,MOY-0073,Tier 1 — Core formal synthesis,Technique-specific/failure,Ischemic/stroke events,Efficacy of double anastomosis STA-MCA bypass in adult Moyamoya disease and cerebral atherosclerosis disease: a systematic review and meta-analysis,Patients undergoing double-barrel/double-anastomosis STA-MCA bypass; some reviews include non-MMD occlusive disease.,Two-anastomosis STA-MCA bypass.,Single anastomosis or no direct comparator; often single-arm.,Total stroke: MMD versus coronary artery disease comparator,late/follow-up,NR,Studies: 15; patients: 417,proportion comparison,12±7% vs 20±9%,NR,0.63,NR,As reported; verify event coding in source statement,[MESCLADO 1 p. 115],"Cannot infer superiority over single-barrel bypass from predominantly single-arm data. Greater flow/coverage versus longer, more complex surgery and potential hyperperfusion.",Critically low,Unclear,Evidence map only,Source-verified during final effect audit,"Do not pool across age, MMD/MMS, presentation, early/late horizon or patient/hemisphere/procedure units unless explicitly harmonized.",MOY-0073,Tier 1 — Core formal synthesis,Efficacy of double anastomosis STA-MCA bypass in adult Moyamoya disease and cerebral atherosclerosis disease: a systematic review and meta-analysis,Yes,Critically low,Unclear,,,,FALSE,FALSE,FALSE,,ADULT_MIX,C13,O02,T3,U07,EM_PROPORTION,DESCRIPTIVE_WITH_COMPARATOR,1,canonical,-1,ADULT_MIX|C13|O02|T3|U07,ADULT_MIX|C13|O02|T3|U07|EM_PROPORTION,High,FALSE,FALSE,review_profile,review_profile,keyword,long_term,mixed_or_unclear,proportion,,,,FALSE,FALSE,FALSE,,,,TRUE,TRUE,FALSE,ADULT_MIX|C13|O02|T3|U07,ADULT_MIX|C13|O02|T3|U07|EM_PROPORTION,Corrected — evidence-map descriptive statistic,Corrected from source,Descriptive cross-disease comparison; not causal and not a treatment effect.,Additional quantitative result extracted from full text,"At final follow-up, the MMD group showed lower total stroke (12 ± 7% vs.",No,Source-verified during final effect audit,Yes — descriptive only,Source-verified during final effect audit,Additional quantitative result extracted from full text,Yes — descriptive only,"At final follow-up, the MMD group showed lower total stroke (12 ± 7% vs.",Corrected — evidence-map descriptive statistic,Descriptive cross-disease comparison; not causal and not a treatment effect.,Studies: 15; patients: 417,[MESCLADO 1 p. 115],"Cannot infer superiority over single-barrel bypass from predominantly single-arm data. Greater flow/coverage versus longer, more complex surgery and potential hyperperfusion.",retain,,Two-anastomosis STA-MCA bypass.,Single anastomosis or no direct comparator; often single-arm.,TRUE,TRUE,,TRUE,FALSE,FALSE,TRUE,Clinical events/safety,Adult mixed,Double-barrel vs benchmark,Late ischemic stroke,Late/long-term,Mixed/unclear,Proportion,FALSE,FALSE,NOT_REQUIRED,,,,,,Two-anastomosis STA-MCA bypass.,Single anastomosis or no direct comparator; often single-arm.,,,,,,,,,,,,Direction not prespecified,Not orientable,NR,NR,FALSE
E0168,R011,MOY-0155,Tier 1 — Core formal synthesis,General revascularization/technique comparison,Ischemic/stroke events,"Risk of post-revascularization stroke in Moyamoya disease: A systematic review, meta-analysis, and meta-regression",MMD patients undergoing revascularization; age-stratified in some reviews.,"Direct, indirect or combined revascularization.",Risk-factor strata and/or bypass types.,Any stroke/cerebrovascular event,NR,NR,Studies: 26; patients: NR,OR,0.66,0.45–0.97,NR,NR,As reported; verify event coding in source statement,[MESCLADO 1 p. 130],Cannot causally attribute postoperative stroke to technique from unadjusted observational pooling. More aggressive/complex revascularization may improve late protection but increase early vulnerability.,Critically low,High,Core clinical-surgical evidence table,Source-verified during final effect audit,"Do not pool across age, MMD/MMS, presentation, early/late horizon or patient/hemisphere/procedure units unless explicitly harmonized.",MOY-0155,Tier 1 — Core formal synthesis,"Risk of post-revascularization stroke in Moyamoya disease: A systematic review, meta-analysis, and meta-regression",Yes,Critically low,High,0.66,0.45,0.97,TRUE,TRUE,FALSE,TRUE,MIXED_UNSEP,C00,O16,T9,U07,EM_OR,PROGNOSTIC,0,not_orientable,-1,MIXED_UNSEP|C00|O16|T9|U07,MIXED_UNSEP|C00|O16|T9|U07|EM_OR,Low,TRUE,FALSE,review_profile,no_authorized_comparison,keyword,not_analytic,mixed_or_unclear,exact,C00 and O99 are operational noninferential codes and do not create new SAP comparisons/outcomes.,0.45,0.97,TRUE,FALSE,TRUE,-0.4155154439616658,,,FALSE,TRUE,FALSE,MIXED_UNSEP|C00|O16|T9|U07,MIXED_UNSEP|C00|O16|T9|U07|EM_OR,Corrected — manuscript-ready quantitative result,Corrected from source,Confidence interval restored from source.,Additional quantitative result extracted from full text,Surgical intervention reduced the risk of stroke (OR: 0.66;,No,Source-verified during final effect audit,Yes,Source-verified during final effect audit,Additional quantitative result extracted from full text,Yes,Surgical intervention reduced the risk of stroke (OR: 0.66;,Corrected — manuscript-ready quantitative result,Confidence interval restored from source.,Studies: 26; patients: NR,[MESCLADO 1 p. 130],Cannot causally attribute postoperative stroke to technique from unadjusted observational pooling. More aggressive/complex revascularization may improve late protection but increase early vulnerability.,retain,,"Direct, indirect or combined revascularization.",Risk-factor strata and/or bypass types.,TRUE,TRUE,Reclassified as any/recurrent stroke or composite cerebrovascular event rather than ischemic or hemorrhagic stroke alone.,TRUE,FALSE,FALSE,TRUE,Clinical events/safety,Mixed/unseparated,No formal comparison,Any/recurrent stroke,Not reported/not analytic,Mixed/unclear,OR,TRUE,FALSE,NOT_REQUIRED_AFTER_INITIAL_HARMONIZATION,,,0.66,0.45,0.97,"Direct, indirect or combined revascularization.",Risk-factor strata and/or bypass types.,0.66,0.45,0.97,-0.4155154439616658,-0.7985076962177716,-0.030459207484708574,0.4155154439616658,0.7985076962177716,0.030459207484708574,0.030459207484708574,0.7985076962177716,Precise benefit,CI excludes null,OR 0.66 (0.45 to 0.97),OR 0.66 (0.45 to 0.97),FALSE
E0169,R012,MOY-0094,Tier 1 — Core formal synthesis,Hemorrhagic phenotype,Ischemic/stroke events,Hemorrhagic Moyamoya Disease Treatment: A Network Meta-Analysis,Hemorrhagic-onset adult MMD.,"Direct, indirect, combined revascularization and conservative treatment.",Network of treatment strategies.,Ischemic stroke/infarction,NR,NR,"Studies: 9; patients: 1,050",OR,0.31,0.12–0.79,NR,NR,As reported; verify event coding in source statement,[MESCLADO 1 p. 145],Cannot treat network ranking as definitive because network assumptions and sparse nonrandomized comparisons are fragile. Immediate operative risk versus long-term rebleeding reduction.,Critically low,High,Core clinical-surgical evidence table,Source-verified during final effect audit,"Do not pool across age, MMD/MMS, presentation, early/late horizon or patient/hemisphere/procedure units unless explicitly harmonized.",MOY-0094,Tier 1 — Core formal synthesis,Hemorrhagic Moyamoya Disease Treatment: A Network Meta-Analysis,Yes,Critically low,High,0.31,0.12,0.79,TRUE,TRUE,FALSE,TRUE,ADULT_HEM,C06,O02,T9,U07,EM_OR,COMPARATIVE,1,not_orientable,-1,ADULT_HEM|C06|O02|T9|U07,ADULT_HEM|C06|O02|T9|U07|EM_OR,Moderate,TRUE,FALSE,review_profile,review_profile,keyword,not_analytic,mixed_or_unclear,exact,,0.12,0.79,TRUE,FALSE,TRUE,-1.171182981502945,,,TRUE,TRUE,TRUE,ADULT_HEM|C06|O02|T9|U07,ADULT_HEM|C06|O02|T9|U07|EM_OR,Corrected — manuscript-ready quantitative result,Corrected from source,Confidence interval restored from source.,Additional quantitative result extracted from full text,"95% confidence interval [CI], 0.24e0.65), including ischemic stroke recurrence (OR, 0.31;",No,Source-verified during final effect audit,Yes,Source-verified during final effect audit,Additional quantitative result extracted from full text,Yes,"95% confidence interval [CI], 0.24e0.65), including ischemic stroke recurrence (OR, 0.31;",Corrected — manuscript-ready quantitative result,Confidence interval restored from source.,"Studies: 9; patients: 1,050",[MESCLADO 1 p. 145],Cannot treat network ranking as definitive because network assumptions and sparse nonrandomized comparisons are fragile. Immediate operative risk versus long-term rebleeding reduction.,retain,,Surgical revascularization,Conservative management,TRUE,TRUE,,TRUE,TRUE,TRUE,TRUE,Clinical events/safety,Adult hemorrhagic,Hemorrhagic MMD: revascularization comparison,Late ischemic stroke,Not reported/not analytic,Mixed/unclear,OR,FALSE,FALSE,RESOLVED,Source supports pooled surgical revascularization versus conservative management in hemorrhagic MMD; network rankings remain methodologically fragile.,Predominantly adult hemorrhagic MMD; source review reports 98.3% adults.,0.31,0.12,0.79,Surgical revascularization,Conservative management,0.31,0.12,0.79,-1.171182981502945,-2.120263536200091,-0.23572233352106983,1.171182981502945,2.120263536200091,0.23572233352106983,0.23572233352106983,2.120263536200091,Precise benefit,CI excludes null,OR 0.31 (0.12 to 0.79),OR 0.31 (0.12 to 0.79),FALSE
E0170,R012,MOY-0094,Tier 1 — Core formal synthesis,Hemorrhagic phenotype,Hemorrhagic events,Hemorrhagic Moyamoya Disease Treatment: A Network Meta-Analysis,Hemorrhagic-onset adult MMD.,"Direct, indirect, combined revascularization and conservative treatment.",Network of treatment strategies.,Recurrent hemorrhagic stroke,NR,NR,"Studies: 9; patients: 1,050",OR,0.45,0.26–0.79,NR,NR,As reported; verify event coding in source statement,[MESCLADO 1 p. 145],Cannot treat network ranking as definitive because network assumptions and sparse nonrandomized comparisons are fragile. Immediate operative risk versus long-term rebleeding reduction.,Critically low,High,Core clinical-surgical evidence table,Source-verified during final effect audit,"Do not pool across age, MMD/MMS, presentation, early/late horizon or patient/hemisphere/procedure units unless explicitly harmonized.",MOY-0094,Tier 1 — Core formal synthesis,Hemorrhagic Moyamoya Disease Treatment: A Network Meta-Analysis,Yes,Critically low,High,0.45,0.26,0.79,TRUE,TRUE,FALSE,TRUE,ADULT_HEM,C06,O05,T9,U07,EM_OR,COMPARATIVE,1,not_orientable,-1,ADULT_HEM|C06|O05|T9|U07,ADULT_HEM|C06|O05|T9|U07|EM_OR,Moderate,TRUE,FALSE,review_profile,review_profile,keyword,not_analytic,mixed_or_unclear,exact,,0.26,0.79,TRUE,FALSE,TRUE,-0.7985076962177716,,,TRUE,TRUE,TRUE,ADULT_HEM|C06|O05|T9|U07,ADULT_HEM|C06|O05|T9|U07|EM_OR,Corrected — manuscript-ready quantitative result,Corrected from source,Corrected CI belongs to hemorrhagic recurrence.,Additional quantitative result extracted from full text,"95% CI, 0.12e0.79) and hemorrhage recurrence (OR, 0.45;",No,Source-verified during final effect audit,Yes,Source-verified during final effect audit,Additional quantitative result extracted from full text,Yes,"95% CI, 0.12e0.79) and hemorrhage recurrence (OR, 0.45;",Corrected — manuscript-ready quantitative result,Corrected CI belongs to hemorrhagic recurrence.,"Studies: 9; patients: 1,050",[MESCLADO 1 p. 145],Cannot treat network ranking as definitive because network assumptions and sparse nonrandomized comparisons are fragile. Immediate operative risk versus long-term rebleeding reduction.,retain,,Surgical revascularization,Conservative management,TRUE,TRUE,,TRUE,TRUE,TRUE,TRUE,Clinical events/safety,Adult hemorrhagic,Hemorrhagic MMD: revascularization comparison,Late hemorrhage/rebleeding,Not reported/not analytic,Mixed/unclear,OR,FALSE,FALSE,RESOLVED,Source supports pooled surgical revascularization versus conservative management in hemorrhagic MMD; network rankings remain methodologically fragile.,Predominantly adult hemorrhagic MMD; source review reports 98.3% adults.,0.45,0.26,0.79,Surgical revascularization,Conservative management,0.45,0.26,0.79,-0.7985076962177716,-1.3470736479666092,-0.23572233352106983,0.7985076962177716,1.3470736479666092,0.23572233352106983,0.23572233352106983,1.3470736479666092,Precise benefit,CI excludes null,OR 0.45 (0.26 to 0.79),OR 0.45 (0.26 to 0.79),FALSE
E0171,R012,MOY-0094,Tier 1 — Core formal synthesis,Hemorrhagic phenotype,Mortality,Hemorrhagic Moyamoya Disease Treatment: A Network Meta-Analysis,Hemorrhagic-onset adult MMD.,"Direct, indirect, combined revascularization and conservative treatment.",Network of treatment strategies.,Mortality,NR,NR,"Studies: 9; patients: 1,050",OR,0.53,0.24–1.17,NR,NR,No statistically demonstrable mortality benefit.,[MESCLADO 1 p. 145],Cannot treat network ranking as definitive because network assumptions and sparse nonrandomized comparisons are fragile. Immediate operative risk versus long-term rebleeding reduction.,Critically low,High,Core clinical-surgical evidence table,Source-verified during final effect audit,"Do not pool across age, MMD/MMS, presentation, early/late horizon or patient/hemisphere/procedure units unless explicitly harmonized.",MOY-0094,Tier 1 — Core formal synthesis,Hemorrhagic Moyamoya Disease Treatment: A Network Meta-Analysis,Yes,Critically low,High,0.53,0.24,1.17,TRUE,TRUE,FALSE,TRUE,ADULT_HEM,C06,O07,T9,U07,EM_OR,COMPARATIVE,1,not_orientable,-1,ADULT_HEM|C06|O07|T9|U07,ADULT_HEM|C06|O07|T9|U07|EM_OR,Moderate,TRUE,FALSE,review_profile,review_profile,keyword,not_analytic,mixed_or_unclear,exact,,0.24,1.17,TRUE,FALSE,TRUE,-0.6348782724359695,,,TRUE,TRUE,TRUE,ADULT_HEM|C06|O07|T9|U07,ADULT_HEM|C06|O07|T9|U07|EM_OR,Corrected — manuscript-ready quantitative result,Corrected from source,Corrected mortality CI; estimate is not statistically significant.,Additional quantitative result extracted from full text,"95% CI, 0.26e0.79), but not in reducing mortality (OR, 0.53;",No,Source-verified during final effect audit,Yes,Source-verified during final effect audit,Additional quantitative result extracted from full text,Yes,"95% CI, 0.26e0.79), but not in reducing mortality (OR, 0.53;",Corrected — manuscript-ready quantitative result,Corrected mortality CI; estimate is not statistically significant.,"Studies: 9; patients: 1,050",[MESCLADO 1 p. 145],Cannot treat network ranking as definitive because network assumptions and sparse nonrandomized comparisons are fragile. Immediate operative risk versus long-term rebleeding reduction.,retain,,Surgical revascularization,Conservative management,TRUE,TRUE,,TRUE,TRUE,TRUE,TRUE,Clinical events/safety,Adult hemorrhagic,Hemorrhagic MMD: revascularization comparison,Mortality,Not reported/not analytic,Mixed/unclear,OR,FALSE,FALSE,RESOLVED,Source supports pooled surgical revascularization versus conservative management in hemorrhagic MMD; network rankings remain methodologically fragile.,Predominantly adult hemorrhagic MMD; source review reports 98.3% adults.,0.53,0.24,1.17,Surgical revascularization,Conservative management,0.53,0.24,1.17,-0.6348782724359695,-1.4271163556401458,0.1570037488096647,0.6348782724359695,1.4271163556401458,-0.1570037488096647,-0.1570037488096647,1.4271163556401458,Imprecise benefit direction,CI includes null,OR 0.53 (0.24 to 1.17),OR 0.53 (0.24 to 1.17),FALSE
E0175,R015,MOY-1176,Tier 1 — Core formal synthesis,Pediatric revascularization,Ischemic/stroke events,Revascularisation surgery for paediatric moyamoya: a review of the literature,"Children with MMD/MMS undergoing direct, indirect or combined revascularization; selected reviews focus on epilepsy.","Indirect, direct or combined revascularization and subtécnicas.",Technique groups or pooled single-arm outcomes.,Perioperative stroke,perioperative,procedure,"Studies: 57; patients: 1,448 (1,322 aged <21 years)",proportion,4.4%,NR,NR,NR,As reported; verify event coding in source statement,[MESCLADO 1 p. 169],"Cannot declare a universal best technique across ages, vessel size, MMS etiology and outcomes. Technical vessel limitations and perioperative risk versus delayed collateralization and possible late failure.",Critically low,High,Evidence map only,Source-verified during final effect audit,"Do not pool across age, MMD/MMS, presentation, early/late horizon or patient/hemisphere/procedure units unless explicitly harmonized.",MOY-1176,Tier 1 — Core formal synthesis,Revascularisation surgery for paediatric moyamoya: a review of the literature,Yes,Critically low,High,,,,FALSE,FALSE,FALSE,,PED_MIX,C00,O01,T1,U03,EM_PROPORTION,DESCRIPTIVE,0,not_orientable,-1,PED_MIX|C00|O01|T1|U03,PED_MIX|C00|O01|T1|U03|EM_PROPORTION,High,FALSE,FALSE,review_profile,no_authorized_comparison,keyword_horizon,early,exact,proportion,C00 and O99 are operational noninferential codes and do not create new SAP comparisons/outcomes.,,,FALSE,FALSE,FALSE,,,,FALSE,TRUE,FALSE,PED_MIX|C00|O01|T1|U03,PED_MIX|C00|O01|T1|U03|EM_PROPORTION,Corrected — evidence-map descriptive statistic,Corrected from source,Corrected to perioperative stroke proportion; source also reports reversible ischemic events and benefit.,Additional quantitative result extracted from full text,The rates of peri- operative stroke and reversible is- chaemic events were 4.4 and 6.1% respectively.,No,Source-verified during final effect audit,Yes — descriptive only,Source-verified during final effect audit,Additional quantitative result extracted from full text,Yes — descriptive only,The rates of peri- operative stroke and reversible is- chaemic events were 4.4 and 6.1% respectively.,Corrected — evidence-map descriptive statistic,Corrected to perioperative stroke proportion; source also reports reversible ischemic events and benefit.,"Studies: 57; patients: 1,448 (1,322 aged <21 years)",[MESCLADO 1 p. 169],"Cannot declare a universal best technique across ages, vessel size, MMS etiology and outcomes. Technical vessel limitations and perioperative risk versus delayed collateralization and possible late failure.",retain,,"Indirect, direct or combined revascularization and subtécnicas.",Technique groups or pooled single-arm outcomes.,TRUE,TRUE,,TRUE,FALSE,FALSE,TRUE,Clinical events/safety,Pediatric mixed MMD/MMS,No formal comparison,Early ischemic stroke,Early/perioperative,Procedure,Proportion,FALSE,FALSE,NOT_REQUIRED,,,,,,"Indirect, direct or combined revascularization and subtécnicas.",Technique groups or pooled single-arm outcomes.,,,,,,,,,,,,Direction not prespecified,Not orientable,NR,NR,FALSE
E0176,R015,MOY-1176,Tier 1 — Core formal synthesis,Pediatric revascularization,Ischemic/stroke events,Revascularisation surgery for paediatric moyamoya: a review of the literature,"Children with MMD/MMS undergoing direct, indirect or combined revascularization; selected reviews focus on epilepsy.","Indirect, direct or combined revascularization and subtécnicas.",Technique groups or pooled single-arm outcomes.,Ischemic symptoms at presentation,NR,patient,"Studies: 57; patients: 1,448 (1,322 aged <21 years)",proportion,>80%,NR,NR,NR,As reported; verify event coding in source statement,[MESCLADO 1 p. 171],"Cannot declare a universal best technique across ages, vessel size, MMS etiology and outcomes. Technical vessel limitations and perioperative risk versus delayed collateralization and possible late failure.",Critically low,High,Evidence map only,Source-verified during final effect audit,"Do not pool across age, MMD/MMS, presentation, early/late horizon or patient/hemisphere/procedure units unless explicitly harmonized.",MOY-1176,Tier 1 — Core formal synthesis,Revascularisation surgery for paediatric moyamoya: a review of the literature,Yes,Critically low,High,,,,FALSE,FALSE,FALSE,,PED_MIX,C00,O02,T9,U01,EM_PROPORTION,DESCRIPTIVE,0,not_orientable,-1,PED_MIX|C00|O02|T9|U01,PED_MIX|C00|O02|T9|U01|EM_PROPORTION,Moderate,TRUE,FALSE,review_profile,no_authorized_comparison,keyword,not_analytic,exact,proportion,C00 and O99 are operational noninferential codes and do not create new SAP comparisons/outcomes.,,,FALSE,FALSE,FALSE,,,,FALSE,TRUE,FALSE,PED_MIX|C00|O02|T9|U01,PED_MIX|C00|O02|T9|U01|EM_PROPORTION,Corrected — evidence-map descriptive statistic,Corrected from source,Corrected descriptive pediatric phenotype.,Additional quantitative result extracted from full text,Over 80% of patients presented with ischaemic symptoms (TIA or cerebral infarction).,No,Source-verified during final effect audit,Yes — descriptive only,Source-verified during final effect audit,Additional quantitative result extracted from full text,Yes — descriptive only,Over 80% of patients presented with ischaemic symptoms (TIA or cerebral infarction).,Corrected — evidence-map descriptive statistic,Corrected descriptive pediatric phenotype.,"Studies: 57; patients: 1,448 (1,322 aged <21 years)",[MESCLADO 1 p. 171],"Cannot declare a universal best technique across ages, vessel size, MMS etiology and outcomes. Technical vessel limitations and perioperative risk versus delayed collateralization and possible late failure.",retain,,"Indirect, direct or combined revascularization and subtécnicas.",Technique groups or pooled single-arm outcomes.,TRUE,TRUE,,TRUE,FALSE,FALSE,TRUE,Clinical events/safety,Pediatric mixed MMD/MMS,No formal comparison,Late ischemic stroke,Not reported/not analytic,Patient,Proportion,TRUE,FALSE,NOT_REQUIRED_AFTER_INITIAL_HARMONIZATION,,,,,,"Indirect, direct or combined revascularization and subtécnicas.",Technique groups or pooled single-arm outcomes.,,,,,,,,,,,,Direction not prespecified,Not orientable,NR,NR,FALSE
E0177,R015,MOY-1176,Tier 1 — Core formal synthesis,Pediatric revascularization,Patient-centered/functional,Revascularisation surgery for paediatric moyamoya: a review of the literature,"Children with MMD/MMS undergoing direct, indirect or combined revascularization; selected reviews focus on epilepsy.","Indirect, direct or combined revascularization and subtécnicas.",Technique groups or pooled single-arm outcomes.,Cognitive impairment,NR,NR,44/117 children,proportion,37.6%,NR,NR,NR,As reported; verify event coding in source statement,[MESCLADO 1 p. 171],"Cannot declare a universal best technique across ages, vessel size, MMS etiology and outcomes. Technical vessel limitations and perioperative risk versus delayed collateralization and possible late failure.",Critically low,High,Evidence map only,Source-verified during final effect audit,"Do not pool across age, MMD/MMS, presentation, early/late horizon or patient/hemisphere/procedure units unless explicitly harmonized.",MOY-1176,Tier 1 — Core formal synthesis,Revascularisation surgery for paediatric moyamoya: a review of the literature,Yes,Critically low,High,,,,FALSE,FALSE,FALSE,,PED_MIX,C00,O13,T9,U07,EM_PROPORTION,PATIENT_CENTERED_DESCRIPTIVE,0,not_orientable,0,PED_MIX|C00|O13|T9|U07,PED_MIX|C00|O13|T9|U07|EM_PROPORTION,Moderate,TRUE,FALSE,review_profile,no_authorized_comparison,keyword,not_analytic,mixed_or_unclear,proportion,C00 and O99 are operational noninferential codes and do not create new SAP comparisons/outcomes.,,,FALSE,FALSE,FALSE,,,,FALSE,TRUE,FALSE,PED_MIX|C00|O13|T9|U07,PED_MIX|C00|O13|T9|U07|EM_PROPORTION,Corrected — evidence-map descriptive statistic,Corrected from source,Corrected descriptive cognitive impairment prevalence.,Additional quantitative result extracted from full text,Forty-four out of 117 pa- tients (38%) from five studies had significant cognitive impairment (IQ or developmental quotient <80).,No,Source-verified during final effect audit,Yes — descriptive only,Source-verified during final effect audit,Additional quantitative result extracted from full text,Yes — descriptive only,Forty-four out of 117 pa- tients (38%) from five studies had significant cognitive impairment (IQ or developmental quotient <80).,Corrected — evidence-map descriptive statistic,Corrected descriptive cognitive impairment prevalence.,44/117 children,[MESCLADO 1 p. 171],"Cannot declare a universal best technique across ages, vessel size, MMS etiology and outcomes. Technical vessel limitations and perioperative risk versus delayed collateralization and possible late failure.",retain,,"Indirect, direct or combined revascularization and subtécnicas.",Technique groups or pooled single-arm outcomes.,TRUE,TRUE,,TRUE,FALSE,FALSE,TRUE,Patient-centered,Pediatric mixed MMD/MMS,No formal comparison,Cognition/neuropsychology,Not reported/not analytic,Mixed/unclear,Proportion,TRUE,FALSE,NOT_REQUIRED_AFTER_INITIAL_HARMONIZATION,,,,,,"Indirect, direct or combined revascularization and subtécnicas.",Technique groups or pooled single-arm outcomes.,,,,,,,,,,,,Direction not prespecified,Not orientable,NR,NR,FALSE
E0178,R017,MOY-0072,Tier 1 — Core formal synthesis,Perioperative safety/risk,Ischemic/stroke events,Effects of intraoperative inhalational versus intravenous anesthesia on perioperative neurological outcomes and long-term prognosis in patients with moyamoya disease undergoing revascularization surgery: a systematic review and meta-analysis,"Adults with symptomatic MMD, stratified where possible by ischemic versus hemorrhagic presentation.","Direct, indirect or combined bypass.",Conservative/medical treatment.,Transient neurologic events,early/perioperative,NR,"Studies: 11 (6 core quantitative); patients: 1,673",OR,0.87,0.55–1.38,0.56,61%,No significant difference; moderate heterogeneity.,[MESCLADO 1 p. 185],Cannot claim equal benefit in ischemic-onset disease when subgroup estimates are imprecise/heterogeneous. Perioperative stroke/hemorrhage versus delayed reduction in recurrent events.,Low,Unclear,Core clinical-surgical evidence table,Source-verified during final effect audit,"Do not pool across age, MMD/MMS, presentation, early/late horizon or patient/hemisphere/procedure units unless explicitly harmonized.",MOY-0072,Tier 1 — Core formal synthesis,Effects of intraoperative inhalational versus intravenous anesthesia on perioperative neurological outcomes and long-term prognosis in patients with moyamoya disease undergoing revascularization surgery: a systematic review and meta-analysis,Yes,Low,Unclear,0.87,0.55,1.38,TRUE,TRUE,FALSE,TRUE,MIXED_UNSEP,C10,O03,T1,U03,EM_OR,COMPARATIVE,1,not_orientable,-1,MIXED_UNSEP|C10|O03|T1|U03,MIXED_UNSEP|C10|O03|T1|U03|EM_OR,High,TRUE,TRUE,review_profile,review_profile,clinical_mapping,early,mixed_or_unclear,exact,,0.55,1.38,TRUE,FALSE,TRUE,-0.13926206733350766,-0.13926206733350766,0.13926206733350766,TRUE,TRUE,TRUE,MIXED_UNSEP|C10|O03|T1|U03,MIXED_UNSEP|C10|O03|T1|U03|EM_OR,Corrected — manuscript-ready quantitative result,Corrected from source,Corrected to transient neurologic events; stroke separated.,Additional quantitative result extracted from full text,"Pooled results showed no significant intergroup difference in TNEs (OR = 0.87, 95% CI: 0.55—1.38, P = 0.56, I² = 61%) or postoperative stroke (OR = 1.05, 95% CI: 0.50—2.17, P = 0.91, I² = 0%).",No,Source-verified during final effect audit,Yes,Source-verified during final effect audit,Additional quantitative result extracted from full text,Yes,"Pooled results showed no significant intergroup difference in TNEs (OR = 0.87, 95% CI: 0.55—1.38, P = 0.56, I² = 61%) or postoperative stroke (OR = 1.05, 95% CI: 0.50—2.17, P = 0.91, I² = 0%).",Corrected — manuscript-ready quantitative result,Corrected to transient neurologic events; stroke separated.,"Studies: 11 (6 core quantitative); patients: 1,673",[MESCLADO 1 p. 185],Cannot claim equal benefit in ischemic-onset disease when subgroup estimates are imprecise/heterogeneous. Perioperative stroke/hemorrhage versus delayed reduction in recurrent events.,retain,,Inhalational anesthesia,Intravenous anesthesia,TRUE,TRUE,Review title and abstract establish the anesthesia contrast; the inherited surgical comparator fields were erroneous.,TRUE,TRUE,TRUE,TRUE,Clinical events/safety,Mixed/unseparated,Inhalational vs intravenous anesthesia,TIA,Early/perioperative,Procedure,OR,FALSE,FALSE,RESOLVED,Review title/abstract and methods explicitly define inhalational anesthesia as intervention and intravenous anesthesia as control; inherited surgical comparator text is rejected.,,0.87,0.55,1.38,Inhalational anesthesia,Intravenous anesthesia,0.87,0.55,1.38,-0.13926206733350766,-0.5978370007556204,0.3220834991691132,0.13926206733350766,0.5978370007556204,-0.3220834991691132,-0.3220834991691132,0.5978370007556204,Imprecise benefit direction,CI includes null,OR 0.87 (0.55 to 1.38),OR 0.87 (0.55 to 1.38),FALSE
E0181,R018,MOY-0927,Tier 2 — Contextual formal synthesis/evidence map,Pregnancy/obstetric risk,Pregnancy,Moyamoya Disease in Pregnancy: A 20-Year Single-Center Experience and Literature Review,"Women with MMD before, during or after pregnancy; some hybrid institutional series.","Prepregnancy revascularization, obstetric/anesthetic management, or observation.","Pregnancy timing, prior diagnosis/surgery, delivery mode; nonrandomized.",Maternal death after stroke in pregnancy,NR,patient,8/44 hemorrhagic cases,proportion,18.2%,NR,NR,NR,As reported; verify event coding in source statement,[MESCLADO 1 p. 199],"Cannot prescribe delivery mode or universal prophylactic surgery from pooled case series. Maternal cerebrovascular risk, hemodynamic changes and procedural/obstetric considerations.",Critically low,High,Evidence map only,Source-verified during final effect audit,"Do not pool across age, MMD/MMS, presentation, early/late horizon or patient/hemisphere/procedure units unless explicitly harmonized.",MOY-0927,Tier 2 — Contextual formal synthesis/evidence map,Moyamoya Disease in Pregnancy: A 20-Year Single-Center Experience and Literature Review,Yes,Critically low,High,,,,FALSE,FALSE,FALSE,,PREG,C00,O07,T9,U01,EM_PROPORTION,DESCRIPTIVE,0,not_orientable,-1,PREG|C00|O07|T9|U01,PREG|C00|O07|T9|U01|EM_PROPORTION,Moderate,TRUE,FALSE,review_profile,review_profile,keyword,not_analytic,exact,proportion,C00 and O99 are operational noninferential codes and do not create new SAP comparisons/outcomes.,,,FALSE,FALSE,FALSE,,,,FALSE,TRUE,FALSE,PREG|C00|O07|T9|U01,PREG|C00|O07|T9|U01|EM_PROPORTION,Corrected — evidence-map descriptive statistic,Corrected from source,Corrected descriptive maternal death among hemorrhagic pregnancy cases.,Additional quantitative result extracted from full text,"Of the intracranial hemorrhage cases, 7 (15.9%) were complicated by hypertensive disorders of pregnancy, and 8 patients (18.2%) died of stroke.",No,Source-verified during final effect audit,Yes — descriptive only,Source-verified during final effect audit,Additional quantitative result extracted from full text,Yes — descriptive only,"Of the intracranial hemorrhage cases, 7 (15.9%) were complicated by hypertensive disorders of pregnancy, and 8 patients (18.2%) died of stroke.",Corrected — evidence-map descriptive statistic,Corrected descriptive maternal death among hemorrhagic pregnancy cases.,8/44 hemorrhagic cases,[MESCLADO 1 p. 199],"Cannot prescribe delivery mode or universal prophylactic surgery from pooled case series. Maternal cerebrovascular risk, hemodynamic changes and procedural/obstetric considerations.",retain,,"Prepregnancy revascularization, obstetric/anesthetic management, or observation.","Pregnancy timing, prior diagnosis/surgery, delivery mode; nonrandomized.",TRUE,TRUE,,TRUE,FALSE,FALSE,TRUE,Clinical events/safety,Pregnancy,No formal comparison,Mortality,Not reported/not analytic,Patient,Proportion,TRUE,FALSE,NOT_REQUIRED_AFTER_INITIAL_HARMONIZATION,,,,,,"Prepregnancy revascularization, obstetric/anesthetic management, or observation.","Pregnancy timing, prior diagnosis/surgery, delivery mode; nonrandomized.",,,,,,,,,,,,Direction not prespecified,Not orientable,NR,NR,FALSE
E0182,R019,MOY-0114,Tier 1 — Core formal synthesis,Adult revascularization,Ischemic/stroke events,Meta-analysis of the surgical outcomes of symptomatic moyamoya disease in adults,"Symptomatic MMD, often adults or mixed ages, undergoing direct, indirect or combined bypass.",Direct and/or combined bypass.,Indirect bypass and/or conservative treatment.,Any stroke/cerebrovascular event,NR,procedure/bypass,Studies: 11; patients: NR,OR,0.301,0.196–0.462,<0.001,NR,As reported; verify event coding in source statement,[MESCLADO 1 p. 210],"Cannot produce a universal ranking across mixed phenotypes and outcomes. Immediate flow and robust collaterals versus technical complexity, perioperative ischemia/hemorrhage and hyperperfusion.",Critically low,High,Core clinical-surgical evidence table,Source-verified during final effect audit,"Do not pool across age, MMD/MMS, presentation, early/late horizon or patient/hemisphere/procedure units unless explicitly harmonized.",MOY-0114,Tier 1 — Core formal synthesis,Meta-analysis of the surgical outcomes of symptomatic moyamoya disease in adults,Yes,Critically low,High,0.301,0.196,0.462,TRUE,TRUE,FALSE,TRUE,ADULT_MIX,C01,O16,T9,U07,EM_OR,COMPARATIVE,1,canonical,-1,ADULT_MIX|C01|O16|T9|U07,ADULT_MIX|C01|O16|T9|U07|EM_OR,Moderate,TRUE,FALSE,review_profile,text_rule,keyword,not_analytic,mixed_or_unclear,exact,,0.196,0.462,TRUE,FALSE,TRUE,-1.2006450142332614,-1.2006450142332614,1.2006450142332614,TRUE,TRUE,TRUE,ADULT_MIX|C01|O16|T9|U07,ADULT_MIX|C01|O16|T9|U07|EM_OR,Verified — manuscript-ready quantitative result,No,Source-confirmed prognostic association.,Additional quantitative result extracted from full text,"Overall, bypass surgery significantly decreased the risk of future stroke events compared with conservative treatments in adult patients with MMD (OR 0.301, 95% CI 0.196–0.462, p < 0.001).",No,Source-verified during final effect audit,Yes,Source-verified during final effect audit,Additional quantitative result extracted from full text,Yes,"Overall, bypass surgery significantly decreased the risk of future stroke events compared with conservative treatments in adult patients with MMD (OR 0.301, 95% CI 0.196–0.462, p < 0.001).",Verified — manuscript-ready quantitative result,Source-confirmed prognostic association.,Studies: 11; patients: NR,[MESCLADO 1 p. 210],"Cannot produce a universal ranking across mixed phenotypes and outcomes. Immediate flow and robust collaterals versus technical complexity, perioperative ischemia/hemorrhage and hyperperfusion.",retain,,Direct and/or combined bypass.,Indirect bypass and/or conservative treatment.,TRUE,TRUE,Reclassified as any/recurrent stroke or composite cerebrovascular event rather than ischemic or hemorrhagic stroke alone.,TRUE,TRUE,TRUE,TRUE,Clinical events/safety,Adult mixed,Surgery vs conservative,Any/recurrent stroke,Not reported/not analytic,Mixed/unclear,OR,FALSE,FALSE,RESOLVED,"Exact manuscript-ready estimate, comparator context, and PDF locator rechecked; residual flags reflected evidence heterogeneity/units/horizon rather than unresolved extraction.",,0.301,0.196,0.462,Direct and/or combined bypass.,Indirect bypass and/or conservative treatment.,0.301,0.196,0.462,-1.2006450142332614,-1.6296406197516198,-0.7721903879003982,1.2006450142332614,1.6296406197516198,0.7721903879003982,0.7721903879003982,1.6296406197516198,Precise benefit,CI excludes null,OR 0.30 (0.20 to 0.46),OR 0.30 (0.20 to 0.46),FALSE
E0184,R020,MOY-0117,Tier 2 — Contextual formal synthesis/evidence map,General revascularization/technique comparison,Seizure/epilepsy,Moyamoya Angiopathy in Southeast Asians: Systematic review of literature with an illustrative case,"MMD/MMA cases from an under-represented region, often with an illustrative institutional case.","Medical and surgical management, mainly indirect revascularization in reported cases.","Descriptive, no reliable concurrent comparator.",Seizure at presentation,NR,NR,14/38 cases,proportion,36.8%,NR,NR,NR,As reported; verify event coding in source statement,[MESCLADO 1 p. 216],Cannot infer regional treatment superiority or epidemiology from published cases. Apparent favorable surgical outcomes versus severe publication/selection bias and sparse follow-up.,Critically low,High,Evidence map only,Source-verified during final effect audit,"Do not pool across age, MMD/MMS, presentation, early/late horizon or patient/hemisphere/procedure units unless explicitly harmonized.",MOY-0117,Tier 2 — Contextual formal synthesis/evidence map,Moyamoya Angiopathy in Southeast Asians: Systematic review of literature with an illustrative case,Yes,Critically low,High,,,,FALSE,FALSE,FALSE,,MIXED_UNSEP,C00,O09,T9,U07,EM_PROPORTION,DESCRIPTIVE,0,not_orientable,-1,MIXED_UNSEP|C00|O09|T9|U07,MIXED_UNSEP|C00|O09|T9|U07|EM_PROPORTION,Low,TRUE,FALSE,review_profile,no_authorized_comparison,keyword,not_analytic,mixed_or_unclear,proportion,C00 and O99 are operational noninferential codes and do not create new SAP comparisons/outcomes.,,,FALSE,FALSE,FALSE,,,,FALSE,TRUE,FALSE,MIXED_UNSEP|C00|O09|T9|U07,MIXED_UNSEP|C00|O09|T9|U07|EM_PROPORTION,Corrected — evidence-map descriptive statistic,Corrected from source,Corrected to seizure as presenting phenotype.,Additional quantitative result extracted from full text,"Stroke predominated (76.3%, n=29) as initial presentation, followed by seizures (36.8%, n=14), movement disorders (n=4, 10.5%) and headaches (n=4, 10.5%).",No,Source-verified during final effect audit,Yes — descriptive only,Source-verified during final effect audit,Additional quantitative result extracted from full text,Yes — descriptive only,"Stroke predominated (76.3%, n=29) as initial presentation, followed by seizures (36.8%, n=14), movement disorders (n=4, 10.5%) and headaches (n=4, 10.5%).",Corrected — evidence-map descriptive statistic,Corrected to seizure as presenting phenotype.,14/38 cases,[MESCLADO 1 p. 216],Cannot infer regional treatment superiority or epidemiology from published cases. Apparent favorable surgical outcomes versus severe publication/selection bias and sparse follow-up.,retain,,"Medical and surgical management, mainly indirect revascularization in reported cases.","Descriptive, no reliable concurrent comparator.",TRUE,TRUE,,TRUE,FALSE,FALSE,TRUE,Clinical events/safety,Mixed/unseparated,No formal comparison,Postoperative seizure,Not reported/not analytic,Mixed/unclear,Proportion,TRUE,FALSE,NOT_REQUIRED_AFTER_INITIAL_HARMONIZATION,,,,,,"Medical and surgical management, mainly indirect revascularization in reported cases.","Descriptive, no reliable concurrent comparator.",,,,,,,,,,,,Direction not prespecified,Not orientable,NR,NR,FALSE
E0185,R020,MOY-0117,Tier 2 — Contextual formal synthesis/evidence map,General revascularization/technique comparison,Patient-centered/functional,Moyamoya Angiopathy in Southeast Asians: Systematic review of literature with an illustrative case,"MMD/MMA cases from an under-represented region, often with an illustrative institutional case.","Medical and surgical management, mainly indirect revascularization in reported cases.","Descriptive, no reliable concurrent comparator.",Favorable functional outcome (mRS ≤2),NR,NR,36/38 cases,proportion,94.7%,NR,NR,NR,As reported; verify event coding in source statement,[MESCLADO 1 p. 216],Cannot infer regional treatment superiority or epidemiology from published cases. Apparent favorable surgical outcomes versus severe publication/selection bias and sparse follow-up.,Critically low,High,Evidence map only,Source-verified during final effect audit,"Do not pool across age, MMD/MMS, presentation, early/late horizon or patient/hemisphere/procedure units unless explicitly harmonized.",MOY-0117,Tier 2 — Contextual formal synthesis/evidence map,Moyamoya Angiopathy in Southeast Asians: Systematic review of literature with an illustrative case,Yes,Critically low,High,,,,FALSE,FALSE,FALSE,,MIXED_UNSEP,C00,O06,T9,U07,EM_PROPORTION,DESCRIPTIVE,0,not_orientable,1,MIXED_UNSEP|C00|O06|T9|U07,MIXED_UNSEP|C00|O06|T9|U07|EM_PROPORTION,Low,TRUE,FALSE,review_profile,no_authorized_comparison,keyword,not_analytic,mixed_or_unclear,proportion,C00 and O99 are operational noninferential codes and do not create new SAP comparisons/outcomes.,,,FALSE,FALSE,FALSE,,,,FALSE,TRUE,FALSE,MIXED_UNSEP|C00|O06|T9|U07,MIXED_UNSEP|C00|O06|T9|U07|EM_PROPORTION,Corrected — evidence-map descriptive statistic,Corrected from source,Corrected to favorable functional outcome; denominator is 38-case pool.,Additional quantitative result extracted from full text,Outcomes based on the Modified Rankin Scale (MRS) showed 94.7% (n=36) had retained a functional score of MRS ≤2.,No,Source-verified during final effect audit,Yes — descriptive only,Source-verified during final effect audit,Additional quantitative result extracted from full text,Yes — descriptive only,Outcomes based on the Modified Rankin Scale (MRS) showed 94.7% (n=36) had retained a functional score of MRS ≤2.,Corrected — evidence-map descriptive statistic,Corrected to favorable functional outcome; denominator is 38-case pool.,36/38 cases,[MESCLADO 1 p. 216],Cannot infer regional treatment superiority or epidemiology from published cases. Apparent favorable surgical outcomes versus severe publication/selection bias and sparse follow-up.,retain,,"Medical and surgical management, mainly indirect revascularization in reported cases.","Descriptive, no reliable concurrent comparator.",TRUE,TRUE,,TRUE,FALSE,FALSE,TRUE,Functional,Mixed/unseparated,No formal comparison,Favorable functional outcome,Not reported/not analytic,Mixed/unclear,Proportion,TRUE,FALSE,NOT_REQUIRED_AFTER_INITIAL_HARMONIZATION,,,,,,"Medical and surgical management, mainly indirect revascularization in reported cases.","Descriptive, no reliable concurrent comparator.",,,,,,,,,,,,Direction not prespecified,Not orientable,NR,NR,FALSE
E0186,R020,MOY-0117,Tier 2 — Contextual formal synthesis/evidence map,General revascularization/technique comparison,Ischemic/stroke events,Moyamoya Angiopathy in Southeast Asians: Systematic review of literature with an illustrative case,"MMD/MMA cases from an under-represented region, often with an illustrative institutional case.","Medical and surgical management, mainly indirect revascularization in reported cases.","Descriptive, no reliable concurrent comparator.",Stroke at presentation,NR,patient,29/38 cases,proportion,76.3%,NR,NR,NR,As reported; verify event coding in source statement,[MESCLADO 1 p. 217],Cannot infer regional treatment superiority or epidemiology from published cases. Apparent favorable surgical outcomes versus severe publication/selection bias and sparse follow-up.,Critically low,High,Evidence map only,Source-verified during final effect audit,"Do not pool across age, MMD/MMS, presentation, early/late horizon or patient/hemisphere/procedure units unless explicitly harmonized.",MOY-0117,Tier 2 — Contextual formal synthesis/evidence map,Moyamoya Angiopathy in Southeast Asians: Systematic review of literature with an illustrative case,Yes,Critically low,High,,,,FALSE,FALSE,FALSE,,MIXED_UNSEP,C00,O02,T9,U01,EM_PROPORTION,DESCRIPTIVE,0,not_orientable,-1,MIXED_UNSEP|C00|O02|T9|U01,MIXED_UNSEP|C00|O02|T9|U01|EM_PROPORTION,Moderate,TRUE,FALSE,review_profile,no_authorized_comparison,keyword,not_analytic,exact,proportion,C00 and O99 are operational noninferential codes and do not create new SAP comparisons/outcomes.,,,FALSE,FALSE,FALSE,,,,FALSE,TRUE,FALSE,MIXED_UNSEP|C00|O02|T9|U01,MIXED_UNSEP|C00|O02|T9|U01|EM_PROPORTION,Corrected — evidence-map descriptive statistic,Corrected from source,Corrected to stroke as presenting event.,Additional quantitative result extracted from full text,"Stroke was the most prevalent manifestation, occurring in 76.3% of cases (n=29), with patients presenting with hemiparesis and/or aphasia.",No,Source-verified during final effect audit,Yes — descriptive only,Source-verified during final effect audit,Additional quantitative result extracted from full text,Yes — descriptive only,"Stroke was the most prevalent manifestation, occurring in 76.3% of cases (n=29), with patients presenting with hemiparesis and/or aphasia.",Corrected — evidence-map descriptive statistic,Corrected to stroke as presenting event.,29/38 cases,[MESCLADO 1 p. 217],Cannot infer regional treatment superiority or epidemiology from published cases. Apparent favorable surgical outcomes versus severe publication/selection bias and sparse follow-up.,retain,,"Medical and surgical management, mainly indirect revascularization in reported cases.","Descriptive, no reliable concurrent comparator.",TRUE,TRUE,,TRUE,FALSE,FALSE,TRUE,Clinical events/safety,Mixed/unseparated,No formal comparison,Late ischemic stroke,Not reported/not analytic,Patient,Proportion,TRUE,FALSE,NOT_REQUIRED_AFTER_INITIAL_HARMONIZATION,,,,,,"Medical and surgical management, mainly indirect revascularization in reported cases.","Descriptive, no reliable concurrent comparator.",,,,,,,,,,,,Direction not prespecified,Not orientable,NR,NR,FALSE
E0187,R021,MOY-0178,Tier 1 — Core formal synthesis,Perioperative safety/risk,Ischemic/stroke events,The frequency of postoperative stroke in moyamoya disease following combined revascularization: a single-university series and systematic review,MMD patients undergoing revascularization; age-stratified in some reviews.,"Direct, indirect or combined revascularization.",Risk-factor strata and/or bypass types.,Postoperative stroke: adults versus children,early/perioperative,patient,"Studies: 35 review studies; patients: Review: 3,946; institutional: 236",OR,4.07,1.12–14.7,<0.05,NR,More frequent in adults (7.9% per surgery) than children (1.7%).,[MESCLADO 2 p. 1],Cannot causally attribute postoperative stroke to technique from unadjusted observational pooling. More aggressive/complex revascularization may improve late protection but increase early vulnerability.,Critically low,High,Core clinical-surgical evidence table,Source-verified during final effect audit,"Do not pool across age, MMD/MMS, presentation, early/late horizon or patient/hemisphere/procedure units unless explicitly harmonized.",MOY-0178,Tier 1 — Core formal synthesis,The frequency of postoperative stroke in moyamoya disease following combined revascularization: a single-university series and systematic review,Yes,Critically low,High,4.07,1.12,14.7,TRUE,TRUE,FALSE,TRUE,MIXED_UNSEP,C00,O01,T1,U01,EM_OR,DESCRIPTIVE,0,not_orientable,-1,MIXED_UNSEP|C00|O01|T1|U01,MIXED_UNSEP|C00|O01|T1|U01|EM_OR,Moderate,TRUE,FALSE,review_profile,no_authorized_comparison,keyword_horizon,early,exact,exact,C00 and O99 are operational noninferential codes and do not create new SAP comparisons/outcomes.,1.12,14.7,TRUE,FALSE,TRUE,1.4036429994545037,,,FALSE,TRUE,FALSE,MIXED_UNSEP|C00|O01|T1|U01,MIXED_UNSEP|C00|O01|T1|U01|EM_OR,Verified — manuscript-ready quantitative result,No,Source-confirmed adult–pediatric postoperative comparison.,Additional quantitative result extracted from full text,"Postoperative stroke was more frequent (7.9% per surgery) in adults than in pediatric patients (1.7% per surgery, OR 4.07, 95% CI 1.12–14.7; p < 0.05).",No,Source-verified during final effect audit,Yes,Source-verified during final effect audit,Additional quantitative result extracted from full text,Yes,"Postoperative stroke was more frequent (7.9% per surgery) in adults than in pediatric patients (1.7% per surgery, OR 4.07, 95% CI 1.12–14.7; p < 0.05).",Verified — manuscript-ready quantitative result,Source-confirmed adult–pediatric postoperative comparison.,"Studies: 35 review studies; patients: Review: 3,946; institutional: 236",[MESCLADO 2 p. 1],Cannot causally attribute postoperative stroke to technique from unadjusted observational pooling. More aggressive/complex revascularization may improve late protection but increase early vulnerability.,retain,,"Direct, indirect or combined revascularization.",Risk-factor strata and/or bypass types.,TRUE,TRUE,,TRUE,FALSE,FALSE,TRUE,Clinical events/safety,Mixed/unseparated,No formal comparison,Early ischemic stroke,Early/perioperative,Patient,OR,TRUE,FALSE,NOT_REQUIRED_AFTER_INITIAL_HARMONIZATION,,,4.07,1.12,14.7,"Direct, indirect or combined revascularization.",Risk-factor strata and/or bypass types.,4.07,1.12,14.7,1.4036429994545037,0.11332868530700327,2.6878474937846906,-1.4036429994545037,-0.11332868530700327,-2.6878474937846906,-2.6878474937846906,-0.11332868530700327,Precise harm,CI excludes null,OR 4.07 (1.12 to 14.70),OR 4.07 (1.12 to 14.70),FALSE
E0188,R022,MOY-0037,Tier 2 — Contextual formal synthesis/evidence map,MMS/special etiologic phenotype,Seizure/epilepsy,Central nervous system vasculopathy and Seckel syndrome: case illustration and systematic review,"Seckel syndrome cases, with a small subset showing CNS vasculopathy/MMS.",Case-specific medical/surgical management.,None.,Seizure at presentation,NR,NR,3/8 patients,proportion,37.5%,NR,NR,NR,As reported; verify event coding in source statement,[MESCLADO 2 p. 14],Cannot infer treatment efficacy. Cannot quantify.,Critically low,High,Evidence map only,Source-verified during final effect audit,"Do not pool across age, MMD/MMS, presentation, early/late horizon or patient/hemisphere/procedure units unless explicitly harmonized.",MOY-0037,Tier 2 — Contextual formal synthesis/evidence map,Central nervous system vasculopathy and Seckel syndrome: case illustration and systematic review,Yes,Critically low,High,,,,FALSE,FALSE,FALSE,,MMS_OTHER,C00,O09,T9,U07,EM_PROPORTION,DESCRIPTIVE,0,not_orientable,-1,MMS_OTHER|C00|O09|T9|U07,MMS_OTHER|C00|O09|T9|U07|EM_PROPORTION,Moderate,TRUE,FALSE,review_profile,no_authorized_comparison,keyword,not_analytic,mixed_or_unclear,proportion,C00 and O99 are operational noninferential codes and do not create new SAP comparisons/outcomes.,,,FALSE,FALSE,FALSE,,,,FALSE,TRUE,FALSE,MMS_OTHER|C00|O09|T9|U07,MMS_OTHER|C00|O09|T9|U07|EM_PROPORTION,Corrected — evidence-map descriptive statistic,Corrected from source,Corrected descriptive seizure presentation in rare phenotype.,Additional quantitative result extracted from full text,"Most common symptoms/presenta- tions were headache (37.5%), seizure (37.5%), followed by weakness (25%), or coma (25%).",No,Source-verified during final effect audit,Yes — descriptive only,Source-verified during final effect audit,Additional quantitative result extracted from full text,Yes — descriptive only,"Most common symptoms/presenta- tions were headache (37.5%), seizure (37.5%), followed by weakness (25%), or coma (25%).",Corrected — evidence-map descriptive statistic,Corrected descriptive seizure presentation in rare phenotype.,3/8 patients,[MESCLADO 2 p. 14],Cannot infer treatment efficacy. Cannot quantify.,retain,,Case-specific medical/surgical management.,None.,TRUE,TRUE,,TRUE,FALSE,FALSE,TRUE,Clinical events/safety,Other MMS,No formal comparison,Postoperative seizure,Not reported/not analytic,Mixed/unclear,Proportion,TRUE,FALSE,NOT_REQUIRED_AFTER_INITIAL_HARMONIZATION,,,,,,Case-specific medical/surgical management.,None.,,,,,,,,,,,,Direction not prespecified,Not orientable,NR,NR,FALSE
E0189,R023,MOY-0023,Tier 1 — Core formal synthesis,Medical/perioperative adjunct,Other,Antiplatelet Treatment in Moyamoya Disease: A Systematic Review,"MMD patients receiving antiplatelet therapy, including nonsurgical and post-bypass settings.","Aspirin or other antiplatelet therapy, sometimes cilostazol.",No antiplatelet or alternative antiplatelet.,Time-to-event outcome associated with exposure,NR,NR,Studies: 8; patients: NR,HR,0.44,0.20–0.99,0.046,NR,Univariable only; multivariable HR 1.19 was nonsignificant.,[MESCLADO 2 p. 27],Cannot replace revascularization or prove stroke-prevention efficacy from observational data. Potential thromboembolic protection versus hemorrhagic concern and confounding by indication.,Low,High,Evidence map only,Source-verified during final effect audit,"Do not pool across age, MMD/MMS, presentation, early/late horizon or patient/hemisphere/procedure units unless explicitly harmonized.",MOY-0023,Tier 1 — Core formal synthesis,Antiplatelet Treatment in Moyamoya Disease: A Systematic Review,Yes,Low,High,0.44,0.2,0.99,TRUE,TRUE,FALSE,TRUE,MIXED_UNSEP,C09,O99,T9,U07,EM_HR,COMPARATIVE,1,canonical,0,MIXED_UNSEP|C09|O99|T9|U07,MIXED_UNSEP|C09|O99|T9|U07|EM_HR,Low,TRUE,FALSE,review_profile,review_profile,other_or_composite,not_analytic,mixed_or_unclear,exact,C00 and O99 are operational noninferential codes and do not create new SAP comparisons/outcomes.,0.2,0.99,TRUE,FALSE,TRUE,-0.8209805520698302,-0.8209805520698302,,TRUE,FALSE,FALSE,MIXED_UNSEP|C09|O99|T9|U07,MIXED_UNSEP|C09|O99|T9|U07|EM_HR,Corrected — evidence-map descriptive statistic,Corrected from source,Single-study univariable association; multivariable estimate was nonsignificant.,Additional quantitative result extracted from full text,"symptomatic cerebral hemorrhage in univariate analysis (HR 0.44, 95% CI: 0.20–0.99, p = 0.046) but not in multivariate analysis (HR 1.19, 95% CI: 0.24–1.34, p = 0.19) [24].",No,Source-verified during final effect audit,Yes — descriptive only,Source-verified during final effect audit,Additional quantitative result extracted from full text,Yes — descriptive only,"symptomatic cerebral hemorrhage in univariate analysis (HR 0.44, 95% CI: 0.20–0.99, p = 0.046) but not in multivariate analysis (HR 1.19, 95% CI: 0.24–1.34, p = 0.19) [24].",Corrected — evidence-map descriptive statistic,Single-study univariable association; multivariable estimate was nonsignificant.,Studies: 8; patients: NR,[MESCLADO 2 p. 27],Cannot replace revascularization or prove stroke-prevention efficacy from observational data. Potential thromboembolic protection versus hemorrhagic concern and confounding by indication.,retain,,"Aspirin or other antiplatelet therapy, sometimes cilostazol.",No antiplatelet or alternative antiplatelet.,TRUE,TRUE,,TRUE,FALSE,FALSE,TRUE,Other/composite,Mixed/unseparated,Antiplatelet vs none/alternative,Other/composite,Not reported/not analytic,Mixed/unclear,HR,TRUE,FALSE,NOT_REQUIRED_AFTER_INITIAL_HARMONIZATION,,,0.44,0.2,0.99,"Aspirin or other antiplatelet therapy, sometimes cilostazol.",No antiplatelet or alternative antiplatelet.,0.44,0.2,0.99,-0.8209805520698302,-1.6094379124341003,-0.01005033585350145,,,,,,Direction not prespecified,Not orientable,HR 0.44 (0.20 to 0.99),HR 0.44 (0.20 to 0.99),FALSE
E0190,R023,MOY-0023,Tier 1 — Core formal synthesis,Medical/perioperative adjunct,Patient-centered/functional,Antiplatelet Treatment in Moyamoya Disease: A Systematic Review,"MMD patients receiving antiplatelet therapy, including nonsurgical and post-bypass settings.","Aspirin or other antiplatelet therapy, sometimes cilostazol.",No antiplatelet or alternative antiplatelet.,Good functional status on admission (mRS 0–1),late/follow-up,NR,Studies: 8; patients: NR,OR,1.52,1.11–2.09,NR,NR,Propensity-matched OR 3.82 (1.22–11.99); residual confounding.,[MESCLADO 2 p. 27],Cannot replace revascularization or prove stroke-prevention efficacy from observational data. Potential thromboembolic protection versus hemorrhagic concern and confounding by indication.,Low,High,Evidence map only,Source-verified during final effect audit,"Do not pool across age, MMD/MMS, presentation, early/late horizon or patient/hemisphere/procedure units unless explicitly harmonized.",MOY-0023,Tier 1 — Core formal synthesis,Antiplatelet Treatment in Moyamoya Disease: A Systematic Review,Yes,Low,High,1.52,1.11,2.09,TRUE,TRUE,FALSE,TRUE,MIXED_UNSEP,C09,O06,T3,U07,EM_OR,DESCRIPTIVE,1,canonical,1,MIXED_UNSEP|C09|O06|T3|U07,MIXED_UNSEP|C09|O06|T3|U07|EM_OR,Moderate,TRUE,FALSE,review_profile,review_profile,keyword,long_term,mixed_or_unclear,exact,,1.11,2.09,TRUE,FALSE,TRUE,0.41871033485818504,0.41871033485818504,0.41871033485818504,TRUE,TRUE,FALSE,MIXED_UNSEP|C09|O06|T3|U07,MIXED_UNSEP|C09|O06|T3|U07|EM_OR,Corrected — evidence-map descriptive statistic,Corrected from source,Single primary-study result; evidence-map context only.,Additional quantitative result extracted from full text,"Prehospital anti- platelet treatment was associated with good functional status (mRS≤1) on admission compared to those without pre- hospital antiplatelet treatment in both the unmatched cohort (OR 1.52, 95% CI: 1.11–2.09) and the propensity score- matched cohort (OR 3.82, 95% CI: 1.22–11.99) [23].",No,Source-verified during final effect audit,Yes — descriptive only,Source-verified during final effect audit,Additional quantitative result extracted from full text,Yes — descriptive only,"Prehospital anti- platelet treatment was associated with good functional status (mRS≤1) on admission compared to those without pre- hospital antiplatelet treatment in both the unmatched cohort (OR 1.52, 95% CI: 1.11–2.09) and the propensity score- matched cohort (OR 3.82, 95% CI: 1.22–11.99) [23].",Corrected — evidence-map descriptive statistic,Single primary-study result; evidence-map context only.,Studies: 8; patients: NR,[MESCLADO 2 p. 27],Cannot replace revascularization or prove stroke-prevention efficacy from observational data. Potential thromboembolic protection versus hemorrhagic concern and confounding by indication.,evidence_map_only,,"Aspirin or other antiplatelet therapy, sometimes cilostazol.",No antiplatelet or alternative antiplatelet.,FALSE,FALSE,"Single primary-study baseline/on-admission association, not a review-level treatment effect.",TRUE,FALSE,FALSE,FALSE,Functional,Mixed/unseparated,Antiplatelet vs none/alternative,Favorable functional outcome,Late/long-term,Mixed/unclear,OR,TRUE,FALSE,NOT_REQUIRED_AFTER_INITIAL_HARMONIZATION,,,1.52,1.11,2.09,"Aspirin or other antiplatelet therapy, sometimes cilostazol.",No antiplatelet or alternative antiplatelet.,1.52,1.11,2.09,0.41871033485818504,0.10436001532424286,0.7371640659767196,0.41871033485818504,0.10436001532424286,0.7371640659767196,0.10436001532424286,0.7371640659767196,Precise benefit,CI excludes null,OR 1.52 (1.11 to 2.09),OR 1.52 (1.11 to 2.09),FALSE
E0191,R023,MOY-0023,Tier 1 — Core formal synthesis,Medical/perioperative adjunct,Ischemic/stroke events,Antiplatelet Treatment in Moyamoya Disease: A Systematic Review,"MMD patients receiving antiplatelet therapy, including nonsurgical and post-bypass settings.","Aspirin or other antiplatelet therapy, sometimes cilostazol.",No antiplatelet or alternative antiplatelet.,Ischemic cerebral infarction,late/follow-up,patient,Studies: 8; patients: NR,HR,1.16,0.30–4.47,0.83,NR,"Multivariable HR 1.17 (0.27–5.18), also nonsignificant.",[MESCLADO 2 p. 26],Cannot replace revascularization or prove stroke-prevention efficacy from observational data. Potential thromboembolic protection versus hemorrhagic concern and confounding by indication.,Low,High,Core clinical-surgical evidence table,Source-verified during final effect audit,"Do not pool across age, MMD/MMS, presentation, early/late horizon or patient/hemisphere/procedure units unless explicitly harmonized.",MOY-0023,Tier 1 — Core formal synthesis,Antiplatelet Treatment in Moyamoya Disease: A Systematic Review,Yes,Low,High,1.16,0.3,4.47,TRUE,TRUE,FALSE,TRUE,MIXED_UNSEP,C09,O02,T3,U01,EM_HR,COMPARATIVE,1,canonical,-1,MIXED_UNSEP|C09|O02|T3|U01,MIXED_UNSEP|C09|O02|T3|U01|EM_HR,High,FALSE,FALSE,review_profile,review_profile,keyword,long_term,exact,exact,,0.3,4.47,TRUE,FALSE,TRUE,0.14842000511827322,0.14842000511827322,-0.14842000511827322,TRUE,TRUE,TRUE,MIXED_UNSEP|C09|O02|T3|U01,MIXED_UNSEP|C09|O02|T3|U01|EM_HR,Corrected — manuscript-ready quantitative result,Corrected from source,Corrected ischemic infarction HR; no significant association.,Additional quantitative result extracted from full text,"Among patients with hemodynamically stable MMD who received nonsurgical treatment, antiplatelets did not demonstrate a protective effect on preventing symptomatic cerebral infarction in both univariate analysis (HR 1.16, 95% CI: 0.30–4.47, p = 0.83) and multivariate analysis (HR 1.17, 95% CI: 0.27–5.18, p = 0.84) [24].",No,Source-verified during final effect audit,Yes,Source-verified during final effect audit,Additional quantitative result extracted from full text,Yes,"Among patients with hemodynamically stable MMD who received nonsurgical treatment, antiplatelets did not demonstrate a protective effect on preventing symptomatic cerebral infarction in both univariate analysis (HR 1.16, 95% CI: 0.30–4.47, p = 0.83) and multivariate analysis (HR 1.17, 95% CI: 0.27–5.18, p = 0.84) [24].",Corrected — manuscript-ready quantitative result,Corrected ischemic infarction HR; no significant association.,Studies: 8; patients: NR,[MESCLADO 2 p. 26],Cannot replace revascularization or prove stroke-prevention efficacy from observational data. Potential thromboembolic protection versus hemorrhagic concern and confounding by indication.,retain,,"Aspirin or other antiplatelet therapy, sometimes cilostazol.",No antiplatelet or alternative antiplatelet.,TRUE,TRUE,,TRUE,TRUE,TRUE,TRUE,Clinical events/safety,Mixed/unseparated,Antiplatelet vs none/alternative,Late ischemic stroke,Late/long-term,Patient,HR,FALSE,FALSE,NOT_REQUIRED,,,1.16,0.3,4.47,"Aspirin or other antiplatelet therapy, sometimes cilostazol.",No antiplatelet or alternative antiplatelet.,1.16,0.3,4.47,0.14842000511827322,-1.2039728043259361,1.4973884086254774,-0.14842000511827322,1.2039728043259361,-1.4973884086254774,-1.4973884086254774,1.2039728043259361,Imprecise harm direction,CI includes null,HR 1.16 (0.30 to 4.47),HR 1.16 (0.30 to 4.47),FALSE
E0192,R023,MOY-0023,Tier 1 — Core formal synthesis,Medical/perioperative adjunct,Ischemic/stroke events,Antiplatelet Treatment in Moyamoya Disease: A Systematic Review,"MMD patients receiving antiplatelet therapy, including nonsurgical and post-bypass settings.","Aspirin or other antiplatelet therapy, sometimes cilostazol.",No antiplatelet or alternative antiplatelet.,Perioperative ischemic stroke,early/perioperative,NR,Studies: 8; patients: NR,proportion comparison,15.4% vs 9.1%,NR,0.80,NR,As reported; verify event coding in source statement,[MESCLADO 2 p. 26],Cannot replace revascularization or prove stroke-prevention efficacy from observational data. Potential thromboembolic protection versus hemorrhagic concern and confounding by indication.,Low,High,Evidence map only,Source-verified during final effect audit,"Do not pool across age, MMD/MMS, presentation, early/late horizon or patient/hemisphere/procedure units unless explicitly harmonized.",MOY-0023,Tier 1 — Core formal synthesis,Antiplatelet Treatment in Moyamoya Disease: A Systematic Review,Yes,Low,High,,,,FALSE,FALSE,FALSE,,MIXED_UNSEP,C09,O01,T1,U07,EM_PROPORTION,DESCRIPTIVE_WITH_COMPARATOR,1,canonical,-1,MIXED_UNSEP|C09|O01|T1|U07,MIXED_UNSEP|C09|O01|T1|U07|EM_PROPORTION,Moderate,TRUE,FALSE,review_profile,review_profile,keyword_horizon,early,mixed_or_unclear,proportion,,,,FALSE,FALSE,FALSE,,,,TRUE,TRUE,FALSE,MIXED_UNSEP|C09|O01|T1|U07,MIXED_UNSEP|C09|O01|T1|U07|EM_PROPORTION,Corrected — evidence-map descriptive statistic,Corrected from source,Corrected descriptive perioperative comparison.,Additional quantitative result extracted from full text,"There was no difference in the rate of perioperative ischemic stroke when an antiplatelet was prescribed perioperatively (antiplatelet+surgery 8/52 [15.4%] vs. surgery 2/22 [9.1%], p = 0.80) and postoperatively (an- tiplatelet+surgery 6/59 [10.2%] vs. surgery 19/138 [13.8%], p = 0.49) [20, 21].",No,Source-verified during final effect audit,Yes — descriptive only,Source-verified during final effect audit,Additional quantitative result extracted from full text,Yes — descriptive only,"There was no difference in the rate of perioperative ischemic stroke when an antiplatelet was prescribed perioperatively (antiplatelet+surgery 8/52 [15.4%] vs. surgery 2/22 [9.1%], p = 0.80) and postoperatively (an- tiplatelet+surgery 6/59 [10.2%] vs. surgery 19/138 [13.8%], p = 0.49) [20, 21].",Corrected — evidence-map descriptive statistic,Corrected descriptive perioperative comparison.,Studies: 8; patients: NR,[MESCLADO 2 p. 26],Cannot replace revascularization or prove stroke-prevention efficacy from observational data. Potential thromboembolic protection versus hemorrhagic concern and confounding by indication.,retain,,"Aspirin or other antiplatelet therapy, sometimes cilostazol.",No antiplatelet or alternative antiplatelet.,TRUE,TRUE,,TRUE,FALSE,FALSE,TRUE,Clinical events/safety,Mixed/unseparated,Antiplatelet vs none/alternative,Early ischemic stroke,Early/perioperative,Mixed/unclear,Proportion,TRUE,FALSE,NOT_REQUIRED_AFTER_INITIAL_HARMONIZATION,,,,,,"Aspirin or other antiplatelet therapy, sometimes cilostazol.",No antiplatelet or alternative antiplatelet.,,,,,,,,,,,,Direction not prespecified,Not orientable,NR,NR,FALSE
E0193,R024,MOY-0066,Tier 1 — Core formal synthesis,Angiography/hemodynamics/monitoring,Angiographic/technical success,Direct Bypass Versus Indirect Bypass in Adult Moyamoya Angiopathy with Symptoms or Hemodynamic Instability: A Meta-analysis of Comparative Studies,As described in the publication.,As described.,NR.,Stroke: direct versus indirect revascularization,late/follow-up,hemisphere,Studies: 8; patients: 536,RR,0.68,0.32–1.44,0.31,NR,As reported; verify event coding in source statement,[MESCLADO 2 p. 37],No stronger conclusion than supported by the supplied text. NR.,Critically low,High,Core clinical-surgical evidence table,Source-verified during final effect audit,"Do not pool across age, MMD/MMS, presentation, early/late horizon or patient/hemisphere/procedure units unless explicitly harmonized.",MOY-0066,Tier 1 — Core formal synthesis,Direct Bypass Versus Indirect Bypass in Adult Moyamoya Angiopathy with Symptoms or Hemodynamic Instability: A Meta-analysis of Comparative Studies,Yes,Critically low,High,0.68,0.32,1.44,TRUE,TRUE,FALSE,TRUE,ADULT_ISCH,C15,O02,T3,U02,EM_RR,COMPARATIVE,1,not_orientable,-1,ADULT_ISCH|C15|O02|T3|U02,ADULT_ISCH|C15|O02|T3|U02|EM_RR,High,FALSE,FALSE,review_profile,review_profile,keyword,long_term,exact,exact,,0.32,1.44,TRUE,FALSE,TRUE,-0.3856624808119846,,,TRUE,TRUE,TRUE,ADULT_ISCH|C02|O02|T3|U02,ADULT_ISCH|C02|O02|T3|U02|EM_RR,Corrected — manuscript-ready quantitative result,Corrected from source,CI restored; no significant difference.,Additional quantitative result extracted from full text,"The pooled RR of the stroke incidence rate at the end of the follow-up period per hemisphere, comparing between the direct bypass group and indirect bypass group, was 0.68 (95% CI, 0.32- 1.44;",No,Source-verified during final effect audit,Yes,Source-verified during final effect audit,Additional quantitative result extracted from full text,Yes,"The pooled RR of the stroke incidence rate at the end of the follow-up period per hemisphere, comparing between the direct bypass group and indirect bypass group, was 0.68 (95% CI, 0.32- 1.44;",Corrected — manuscript-ready quantitative result,CI restored; no significant difference.,Studies: 8; patients: 536,[MESCLADO 2 p. 37],No stronger conclusion than supported by the supplied text. NR.,retain,,Direct/combined bypass,Indirect bypass,TRUE,TRUE,,TRUE,TRUE,TRUE,TRUE,Clinical events/safety,Adult ischemic,Adult direct/combined vs indirect,Late ischemic stroke,Late/long-term,Hemisphere,RR,FALSE,FALSE,RESOLVED,Adult review methods define the direct group as direct or combined bypass; stroke comparison belongs to C15.,,0.68,0.32,1.44,Direct/combined bypass,Indirect bypass,0.68,0.32,1.44,-0.3856624808119846,-1.1394342831883648,0.36464311358790924,0.3856624808119846,1.1394342831883648,-0.36464311358790924,-0.36464311358790924,1.1394342831883648,Imprecise benefit direction,CI includes null,RR 0.68 (0.32 to 1.44),RR 0.68 (0.32 to 1.44),FALSE
E0197,R026,MOY-1036,Tier 2 — Contextual formal synthesis/evidence map,Technique-specific/failure,Patient-centered/functional,Omental Approach to Functional Recovery After Cerebrovascular Disease,MMD and non-MMD ischemic cerebrovascular disease undergoing omental transposition.,Omental transplantation/transposition.,None/heterogeneous.,Functional improvement,NR,patient,"Studies: 15 reports (11 case series, 4 case reports); patients: NR; mixed cerebrovascular disease",proportion,71%,NR,NR,NR,As reported; verify event coding in source statement,[MESCLADO 2 p. 55],Cannot recommend routine use. Major extracranial procedure and uncertain efficacy.,Critically low,High,Evidence map only,Source-verified during final effect audit,"Do not pool across age, MMD/MMS, presentation, early/late horizon or patient/hemisphere/procedure units unless explicitly harmonized.",MOY-1036,Tier 2 — Contextual formal synthesis/evidence map,Omental Approach to Functional Recovery After Cerebrovascular Disease,Yes,Critically low,High,,,,FALSE,FALSE,FALSE,,MIXED_UNSEP,C00,O06,T9,U01,EM_PROPORTION,DESCRIPTIVE,0,not_orientable,1,MIXED_UNSEP|C00|O06|T9|U01,MIXED_UNSEP|C00|O06|T9|U01|EM_PROPORTION,Moderate,TRUE,FALSE,review_profile,review_profile,keyword,not_analytic,exact,proportion,C00 and O99 are operational noninferential codes and do not create new SAP comparisons/outcomes.,,,FALSE,FALSE,FALSE,,,,FALSE,TRUE,FALSE,MIXED_UNSEP|C00|O06|T9|U01,MIXED_UNSEP|C00|O06|T9|U01|EM_PROPORTION,Corrected — evidence-map descriptive statistic,Corrected from source,Corrected to functional improvement among MMD patients.,Additional quantitative result extracted from full text,"At post- assessment 56% of patients showed substantial gains in functional domains (24% in the non-MMD group, 71% in the MMD group) and 92% demonstrated improvements of cerebral vascularization (55% in the non-MMD group, 98% in the MMD group).",No,Source-verified during final effect audit,Yes — descriptive only,Source-verified during final effect audit,Additional quantitative result extracted from full text,Yes — descriptive only,"At post- assessment 56% of patients showed substantial gains in functional domains (24% in the non-MMD group, 71% in the MMD group) and 92% demonstrated improvements of cerebral vascularization (55% in the non-MMD group, 98% in the MMD group).",Corrected — evidence-map descriptive statistic,Corrected to functional improvement among MMD patients.,"Studies: 15 reports (11 case series, 4 case reports); patients: NR; mixed cerebrovascular disease",[MESCLADO 2 p. 55],Cannot recommend routine use. Major extracranial procedure and uncertain efficacy.,retain,,Omental transplantation/transposition.,None/heterogeneous.,TRUE,TRUE,,TRUE,FALSE,FALSE,TRUE,Functional,Mixed/unseparated,No formal comparison,Favorable functional outcome,Not reported/not analytic,Patient,Proportion,TRUE,FALSE,NOT_REQUIRED_AFTER_INITIAL_HARMONIZATION,,,,,,Omental transplantation/transposition.,None/heterogeneous.,,,,,,,,,,,,Direction not prespecified,Not orientable,NR,NR,FALSE
E0198,R027,MOY-0055,Tier 1 — Core formal synthesis,Cognition/patient-centered outcomes,Patient-centered/functional,Cognitive Functions in Children and Adults with Moyamoya Vasculopathy: A Systematic Review and Meta-Analysis,"Children and/or adults with MMD/MMV, sometimes mixed with atherosclerotic steno-occlusive disease.",Revascularization or observational cognitive assessment.,"Pre/post surgery, healthy controls, or nonsurgical groups.",Full-scale intelligence quotient,NR,NR,11 studies; 281 children,pooled mean,95.5,86.7–104.2,NR,NR,As reported; verify event coding in source statement,[MESCLADO 2 p. 72],Cannot equate improved perfusion/angiography with meaningful cognitive benefit. Potential cognitive preservation versus surgical risk and uncertain measurement sensitivity.,Critically low,Unclear,Core clinical-surgical evidence table,Source-verified during final effect audit,"Do not pool across age, MMD/MMS, presentation, early/late horizon or patient/hemisphere/procedure units unless explicitly harmonized.",MOY-0055,Tier 1 — Core formal synthesis,Cognitive Functions in Children and Adults with Moyamoya Vasculopathy: A Systematic Review and Meta-Analysis,Yes,Critically low,Unclear,95.5,86.7,104.2,FALSE,FALSE,FALSE,,MIXED_UNSEP,C00,O13,T9,U07,EM_OTHER,PATIENT_CENTERED_DESCRIPTIVE,0,not_orientable,0,MIXED_UNSEP|C00|O13|T9|U07,MIXED_UNSEP|C00|O13|T9|U07|EM_OTHER,Low,TRUE,FALSE,review_profile,review_profile,keyword,not_analytic,mixed_or_unclear,other,C00 and O99 are operational noninferential codes and do not create new SAP comparisons/outcomes.,86.7,104.2,FALSE,FALSE,TRUE,,,,FALSE,TRUE,FALSE,MIXED_UNSEP|C00|O13|T9|U07,MIXED_UNSEP|C00|O13|T9|U07|EM_OTHER,Corrected — manuscript-ready quantitative result,Corrected from source,Corrected pooled mean IQ and CI.,Additional quantitative result extracted from full text,"Mean intelligence quotient (IQ) with 95% confidence interval (CI) in children (11 studies, 281 children) ordered by mean age (mean summary IQ, 95.5;",No,Source-verified during final effect audit,Yes,Source-verified during final effect audit,Additional quantitative result extracted from full text,Yes,"Mean intelligence quotient (IQ) with 95% confidence interval (CI) in children (11 studies, 281 children) ordered by mean age (mean summary IQ, 95.5;",Corrected — manuscript-ready quantitative result,Corrected pooled mean IQ and CI.,11 studies; 281 children,[MESCLADO 2 p. 72],Cannot equate improved perfusion/angiography with meaningful cognitive benefit. Potential cognitive preservation versus surgical risk and uncertain measurement sensitivity.,retain,,Revascularization or observational cognitive assessment.,"Pre/post surgery, healthy controls, or nonsurgical groups.",TRUE,TRUE,,TRUE,FALSE,FALSE,TRUE,Patient-centered,Mixed/unseparated,No formal comparison,Cognition/neuropsychology,Not reported/not analytic,Mixed/unclear,Other,TRUE,FALSE,NOT_REQUIRED_AFTER_INITIAL_HARMONIZATION,,,95.5,86.7,104.2,Revascularization or observational cognitive assessment.,"Pre/post surgery, healthy controls, or nonsurgical groups.",95.5,86.7,104.2,,,,,,,,,Direction not prespecified,Not orientable,Other 95.50 (86.70 to 104.20),Other 95.50 (86.70 to 104.20),FALSE
E0200,R028,MOY-0172,Tier 1 — Core formal synthesis,Pediatric revascularization,Angiographic/technical success,"Surgical revascularizations for pediatric moyamoya: a systematic review, meta-analysis, and meta-regression analysis","Children with MMD/MMS undergoing direct, indirect or combined revascularization; selected reviews focus on epilepsy.","Indirect, direct or combined revascularization and subtécnicas.",Technique groups or pooled single-arm outcomes.,Matsushima grade A/B collateralization,NR,NR,"Studies: 37; patients: 2,460",RR,1.12,1.02–1.24,NR,NR,As reported; verify event coding in source statement,[MESCLADO 2 p. 90],"Cannot declare a universal best technique across ages, vessel size, MMS etiology and outcomes. Technical vessel limitations and perioperative risk versus delayed collateralization and possible late failure.",Low,Unclear,Core clinical-surgical evidence table,Source-verified during final effect audit,"Do not pool across age, MMD/MMS, presentation, early/late horizon or patient/hemisphere/procedure units unless explicitly harmonized.",MOY-0172,Tier 1 — Core formal synthesis,"Surgical revascularizations for pediatric moyamoya: a systematic review, meta-analysis, and meta-regression analysis",Yes,Low,Unclear,1.12,1.02,1.24,TRUE,TRUE,FALSE,TRUE,PED_MIX,C05,O10,T9,U02,EM_RR,COMPARATIVE,1,not_orientable,1,PED_MIX|C05|O10|T9|U02,PED_MIX|C05|O10|T9|U02|EM_RR,Moderate,TRUE,FALSE,review_profile,review_profile,keyword,not_analytic,mixed_or_unclear,exact,,1.02,1.24,TRUE,FALSE,TRUE,0.11332868530700327,,,TRUE,TRUE,TRUE,PED_MIX|C05|O10|T9|U02,PED_MIX|C05|O10|T9|U02|EM_RR,Corrected — manuscript-ready quantitative result,Corrected from source,CI restored from source.,Additional quantitative result extracted from full text,Proportions of post-surgical Matsushima Grade A/B revascularization favored DB/CB over IB (RR = 1.12 (95% CI 1.02;,No,Source-verified during final effect audit,Yes,Source-verified during final effect audit,Additional quantitative result extracted from full text,Yes,Proportions of post-surgical Matsushima Grade A/B revascularization favored DB/CB over IB (RR = 1.12 (95% CI 1.02;,Corrected — manuscript-ready quantitative result,CI restored from source.,"Studies: 37; patients: 2,460",[MESCLADO 2 p. 90],"Cannot declare a universal best technique across ages, vessel size, MMS etiology and outcomes. Technical vessel limitations and perioperative risk versus delayed collateralization and possible late failure.",retain,,Direct/combined bypass,Indirect bypass,TRUE,TRUE,Direct comparisons were reported by hemispheres in the pediatric meta-analysis.,TRUE,TRUE,TRUE,TRUE,Angiographic,Pediatric mixed MMD/MMS,Pediatric direct/combined vs indirect,Matsushima/collateralization,Not reported/not analytic,Hemisphere,RR,FALSE,FALSE,RESOLVED,Pediatric meta-analysis explicitly reports Matsushima A/B for direct/combined versus indirect; angiographic surrogate only.,,1.12,1.02,1.24,Direct/combined bypass,Indirect bypass,1.12,1.02,1.24,0.11332868530700327,0.01980262729617973,0.2151113796169455,0.11332868530700327,0.01980262729617973,0.2151113796169455,0.01980262729617973,0.2151113796169455,Precise benefit,CI excludes null,RR 1.12 (1.02 to 1.24),RR 1.12 (1.02 to 1.24),FALSE
E0201,R028,MOY-0172,Tier 1 — Core formal synthesis,Pediatric revascularization,Seizure/epilepsy,"Surgical revascularizations for pediatric moyamoya: a systematic review, meta-analysis, and meta-regression analysis","Children with MMD/MMS undergoing direct, indirect or combined revascularization; selected reviews focus on epilepsy.","Indirect, direct or combined revascularization and subtécnicas.",Technique groups or pooled single-arm outcomes.,Seizure,early/perioperative,NR,"Studies: 37; patients: 2,460",RR,0.25,0.00–2022.03,NR,0%,No interpretable comparative evidence.,[MESCLADO 2 p. 98],"Cannot declare a universal best technique across ages, vessel size, MMS etiology and outcomes. Technical vessel limitations and perioperative risk versus delayed collateralization and possible late failure.",Low,Unclear,Core clinical-surgical evidence table,Source-verified during final effect audit,"Do not pool across age, MMD/MMS, presentation, early/late horizon or patient/hemisphere/procedure units unless explicitly harmonized.",MOY-0172,Tier 1 — Core formal synthesis,"Surgical revascularizations for pediatric moyamoya: a systematic review, meta-analysis, and meta-regression analysis",Yes,Low,Unclear,0.25,0,2022.03,TRUE,TRUE,FALSE,TRUE,PED_MIX,C05,O09,T1,U02,EM_RR,COMPARATIVE,0,not_orientable,-1,PED_MIX|C05|O09|T1|U02,PED_MIX|C05|O09|T1|U02|EM_RR,High,FALSE,FALSE,review_profile,review_profile,keyword,early,mixed_or_unclear,exact,,0,2022.03,TRUE,FALSE,TRUE,-1.3862943611198906,,,TRUE,TRUE,TRUE,PED_MIX|C05|O09|T1|U02,PED_MIX|C05|O09|T1|U02|EM_RR,Verified — manuscript-ready quantitative result,No,Source-confirmed but mathematically non-informative due to zero events and extreme imprecision; never use for ranking.,Additional quantitative result extracted from full text,Perioperative seizure rate was comparable between IB and DB/CB (RR = 0.25 (95% CI: 0.00;,No,Source-verified during final effect audit,Yes,Source-verified during final effect audit,Additional quantitative result extracted from full text,Yes,Perioperative seizure rate was comparable between IB and DB/CB (RR = 0.25 (95% CI: 0.00;,Verified — manuscript-ready quantitative result,Source-confirmed but mathematically non-informative due to zero events and extreme imprecision; never use for ranking.,"Studies: 37; patients: 2,460",[MESCLADO 2 p. 98],"Cannot declare a universal best technique across ages, vessel size, MMS etiology and outcomes. Technical vessel limitations and perioperative risk versus delayed collateralization and possible late failure.",supplement_only_nonpositive_ci,,Direct/combined bypass,Indirect bypass,FALSE,TRUE,Direct comparisons were reported by hemispheres in the pediatric meta-analysis. RR confidence interval includes a reported zero lower bound and cannot be displayed on a log scale.,FALSE,FALSE,FALSE,FALSE,Clinical events/safety,Pediatric mixed MMD/MMS,Pediatric direct/combined vs indirect,Postoperative seizure,Early/perioperative,Hemisphere,RR,FALSE,FALSE,NOT_REQUIRED,,,0.25,0,2022.03,Direct/combined bypass,Indirect bypass,0.25,0,2022.03,-1.3862943611198906,,7.611857236265605,1.3862943611198906,,-7.611857236265605,-7.611857236265605,-7.611857236265605,Precise harm,CI excludes null,RR 0.25 (0.00 to 2022.03),RR 0.25 (0.00 to 2022.03),FALSE
E0202,R028,MOY-0172,Tier 1 — Core formal synthesis,Pediatric revascularization,Ischemic/stroke events,"Surgical revascularizations for pediatric moyamoya: a systematic review, meta-analysis, and meta-regression analysis","Children with MMD/MMS undergoing direct, indirect or combined revascularization; selected reviews focus on epilepsy.","Indirect, direct or combined revascularization and subtécnicas.",Technique groups or pooled single-arm outcomes.,Transient ischemic attack,early/perioperative,NR,"Studies: 37; patients: 2,460",RR,0.64,0.38–1.10,NR,0%,As reported; verify event coding in source statement,[MESCLADO 2 p. 98],"Cannot declare a universal best technique across ages, vessel size, MMS etiology and outcomes. Technical vessel limitations and perioperative risk versus delayed collateralization and possible late failure.",Low,Unclear,Core clinical-surgical evidence table,Source-verified during final effect audit,"Do not pool across age, MMD/MMS, presentation, early/late horizon or patient/hemisphere/procedure units unless explicitly harmonized.",MOY-0172,Tier 1 — Core formal synthesis,"Surgical revascularizations for pediatric moyamoya: a systematic review, meta-analysis, and meta-regression analysis",Yes,Low,Unclear,0.64,0.38,1.1,TRUE,TRUE,FALSE,TRUE,PED_MIX,C05,O03,T1,U02,EM_RR,COMPARATIVE,1,not_orientable,-1,PED_MIX|C05|O03|T1|U02,PED_MIX|C05|O03|T1|U02|EM_RR,High,FALSE,FALSE,review_profile,review_profile,keyword,early,mixed_or_unclear,exact,,0.38,1.1,TRUE,FALSE,TRUE,-0.4462871026284195,,,TRUE,TRUE,TRUE,PED_MIX|C05|O03|T1|U02,PED_MIX|C05|O03|T1|U02|EM_RR,Corrected — manuscript-ready quantitative result,Corrected from source,CI restored; no significant difference.,Additional quantitative result extracted from full text,Perioperative TIA rate was comparable between IB and DB/CB (RR = 0.64 (95% CI: 0.38;,No,Source-verified during final effect audit,Yes,Source-verified during final effect audit,Additional quantitative result extracted from full text,Yes,Perioperative TIA rate was comparable between IB and DB/CB (RR = 0.64 (95% CI: 0.38;,Corrected — manuscript-ready quantitative result,CI restored; no significant difference.,"Studies: 37; patients: 2,460",[MESCLADO 2 p. 98],"Cannot declare a universal best technique across ages, vessel size, MMS etiology and outcomes. Technical vessel limitations and perioperative risk versus delayed collateralization and possible late failure.",retain,,Direct/combined bypass,Indirect bypass,TRUE,TRUE,Direct comparisons were reported by hemispheres in the pediatric meta-analysis.,TRUE,TRUE,TRUE,TRUE,Clinical events/safety,Pediatric mixed MMD/MMS,Pediatric direct/combined vs indirect,TIA,Early/perioperative,Hemisphere,RR,FALSE,FALSE,RESOLVED,Pediatric meta-analysis explicitly compares perioperative TIA for direct/combined versus indirect; CI includes null.,,0.64,0.38,1.1,Direct/combined bypass,Indirect bypass,0.64,0.38,1.1,-0.4462871026284195,-0.9675840262617056,0.09531017980432493,0.4462871026284195,0.9675840262617056,-0.09531017980432493,-0.09531017980432493,0.9675840262617056,Imprecise benefit direction,CI includes null,RR 0.64 (0.38 to 1.10),RR 0.64 (0.38 to 1.10),FALSE
E0203,R028,MOY-0172,Tier 1 — Core formal synthesis,Pediatric revascularization,Ischemic/stroke events,"Surgical revascularizations for pediatric moyamoya: a systematic review, meta-analysis, and meta-regression analysis","Children with MMD/MMS undergoing direct, indirect or combined revascularization; selected reviews focus on epilepsy.","Indirect, direct or combined revascularization and subtécnicas.",Technique groups or pooled single-arm outcomes.,Perioperative stroke after indirect bypass,early/perioperative,hemisphere,"Studies: 37; patients: 2,460",pooled proportion,3.19%,1.91–5.30,NR,54.8%,Descriptive rate; do not rank techniques using extreme sparse-event RRs.,[MESCLADO 2 p. 98],"Cannot declare a universal best technique across ages, vessel size, MMS etiology and outcomes. Technical vessel limitations and perioperative risk versus delayed collateralization and possible late failure.",Low,Unclear,Core clinical-surgical evidence table,Source-verified during final effect audit,"Do not pool across age, MMD/MMS, presentation, early/late horizon or patient/hemisphere/procedure units unless explicitly harmonized.",MOY-0172,Tier 1 — Core formal synthesis,"Surgical revascularizations for pediatric moyamoya: a systematic review, meta-analysis, and meta-regression analysis",Yes,Low,Unclear,,1.91,5.3,FALSE,FALSE,FALSE,,PED_MIX,C05,O01,T1,U02,EM_PROPORTION,DESCRIPTIVE_WITH_COMPARATOR,0,not_orientable,-1,PED_MIX|C05|O01|T1|U02,PED_MIX|C05|O01|T1|U02|EM_PROPORTION,High,FALSE,FALSE,review_profile,review_profile,keyword_horizon,early,exact,proportion,,1.91,5.3,FALSE,FALSE,FALSE,,,,TRUE,TRUE,FALSE,PED_MIX|C05|O01|T1|U02,PED_MIX|C05|O01|T1|U02|EM_PROPORTION,Corrected — manuscript-ready quantitative result,Corrected from source,Use separate pooled proportions; sparse-event RRs are unstable.,Additional quantitative result extracted from full text,Two studies directly compared rates of perioperative stroke by hemispheres and patients and showed comparability (RR = 0.25 (95% CI: 0.00;,No,Source-verified during final effect audit,Yes,Source-verified during final effect audit,Additional quantitative result extracted from full text,Yes,Two studies directly compared rates of perioperative stroke by hemispheres and patients and showed comparability (RR = 0.25 (95% CI: 0.00;,Corrected — manuscript-ready quantitative result,Use separate pooled proportions; sparse-event RRs are unstable.,"Studies: 37; patients: 2,460",[MESCLADO 2 p. 98],"Cannot declare a universal best technique across ages, vessel size, MMS etiology and outcomes. Technical vessel limitations and perioperative risk versus delayed collateralization and possible late failure.",retain,,"Indirect, direct or combined revascularization and subtécnicas.",Technique groups or pooled single-arm outcomes.,TRUE,TRUE,,TRUE,FALSE,FALSE,TRUE,Clinical events/safety,Pediatric mixed MMD/MMS,Pediatric direct/combined vs indirect,Early ischemic stroke,Early/perioperative,Hemisphere,Proportion,FALSE,FALSE,NOT_REQUIRED,,,,1.91,5.3,"Indirect, direct or combined revascularization and subtécnicas.",Technique groups or pooled single-arm outcomes.,,1.91,5.3,,,,,,,,,Direction not prespecified,Not orientable,NR,NR,FALSE
E0204,R029,MOY-0112,Tier 1 — Core formal synthesis,General revascularization/technique comparison,Hemodynamic/perfusion,Meta-Analysis of Prognosis of Different Treatments for Symptomatic Moyamoya Disease,As described in the publication.,As described.,NR.,Increased cerebral perfusion,NR,NR,"Studies: 27; patients: At least 2,287 in surgery-versus-conservative comparison; denominators vary by outcome",OR,7.16,3.28–15.64,<0.001,NR,As reported; verify event coding in source statement,[MESCLADO 2 p. 109],No stronger conclusion than supported by the supplied text. NR.,Critically low,High,Core clinical-surgical evidence table,Source-verified during final effect audit,"Do not pool across age, MMD/MMS, presentation, early/late horizon or patient/hemisphere/procedure units unless explicitly harmonized.",MOY-0112,Tier 1 — Core formal synthesis,Meta-Analysis of Prognosis of Different Treatments for Symptomatic Moyamoya Disease,Yes,Critically low,High,7.16,3.28,15.64,TRUE,TRUE,FALSE,TRUE,MIXED_UNSEP,C00,O12,T9,U07,EM_OR,SURROGATE_DESCRIPTIVE,0,not_orientable,0,MIXED_UNSEP|C00|O12|T9|U07,MIXED_UNSEP|C00|O12|T9|U07|EM_OR,Low,TRUE,FALSE,review_profile,no_authorized_comparison,keyword,not_analytic,mixed_or_unclear,exact,C00 and O99 are operational noninferential codes and do not create new SAP comparisons/outcomes.,3.28,15.64,TRUE,FALSE,TRUE,1.9685099809725544,,,FALSE,TRUE,FALSE,MIXED_UNSEP|C00|O12|T9|U07,MIXED_UNSEP|C00|O12|T9|U07|EM_OR,Verified — manuscript-ready quantitative result,No,Source-confirmed perfusion effect.,Additional quantitative result extracted from full text,"In addition, the surgical group also had an advantage in terms of increased cerebral perfusion (OR 7.16, 95% CI 3.28e 15.64, P < 0.001) and death due to rebleeding (OR 0.27, 95% CI 0.10e0.72, P < 0.01).",No,Source-verified during final effect audit,Yes,Source-verified during final effect audit,Additional quantitative result extracted from full text,Yes,"In addition, the surgical group also had an advantage in terms of increased cerebral perfusion (OR 7.16, 95% CI 3.28e 15.64, P < 0.001) and death due to rebleeding (OR 0.27, 95% CI 0.10e0.72, P < 0.01).",Verified — manuscript-ready quantitative result,Source-confirmed perfusion effect.,"Studies: 27; patients: At least 2,287 in surgery-versus-conservative comparison; denominators vary by outcome",[MESCLADO 2 p. 109],No stronger conclusion than supported by the supplied text. NR.,exclude_duplicate,E0036,As described.,NR.,FALSE,FALSE,Duplicate representation of the same review-level result; retain E0036.,TRUE,FALSE,FALSE,FALSE,Hemodynamic,Mixed/unseparated,No formal comparison,CBF/CVR/OEF/perfusion,Not reported/not analytic,Mixed/unclear,OR,TRUE,FALSE,NOT_REQUIRED_AFTER_INITIAL_HARMONIZATION,,,7.16,3.28,15.64,As described.,NR.,7.16,3.28,15.64,1.9685099809725544,1.1878434223960523,2.7498317351171653,,,,,,Direction not prespecified,Not orientable,OR 7.16 (3.28 to 15.64),OR 7.16 (3.28 to 15.64),FALSE
E0205,R031,MOY-0161,Tier 1 — Core formal synthesis,General revascularization/technique comparison,Other,Safety of Extracranial-Intracranial Arterial Bypass in the Treatment of Moyamoya Disease,MMD patients undergoing EC-IC bypass.,Direct/combined bypass.,Descriptive.,Primary clinical endpoint after EC–IC bypass,late/follow-up,procedure/bypass,2 studies; 160 patients,OR,0.35,0.15–0.84,NR,0%,"Lower event odds with bypass, but only two studies.",[MESCLADO 2 p. 125],Cannot provide reliable pooled incidence or comparative inference. Technical benefit versus perioperative complications.,Critically low,Unclear,Core clinical-surgical evidence table,Source-verified during final effect audit,"Do not pool across age, MMD/MMS, presentation, early/late horizon or patient/hemisphere/procedure units unless explicitly harmonized.",MOY-0161,Tier 1 — Core formal synthesis,Safety of Extracranial-Intracranial Arterial Bypass in the Treatment of Moyamoya Disease,Yes,Critically low,Unclear,0.35,0.15,0.84,TRUE,TRUE,FALSE,TRUE,MIXED_UNSEP,C01,O99,T3,U07,EM_OR,COMPARATIVE,0,not_orientable,0,MIXED_UNSEP|C01|O99|T3|U07,MIXED_UNSEP|C01|O99|T3|U07|EM_OR,Moderate,TRUE,FALSE,review_profile,review_text_rule,other_or_composite,long_term,mixed_or_unclear,exact,C00 and O99 are operational noninferential codes and do not create new SAP comparisons/outcomes.,0.15,0.84,TRUE,FALSE,TRUE,-1.0498221244986778,,,TRUE,FALSE,FALSE,MIXED_UNSEP|C01|O99|T3|U07,MIXED_UNSEP|C01|O99|T3|U07|EM_OR,Corrected — manuscript-ready quantitative result,Corrected from source,Original row captured background text; replaced by actual two-study meta-analysis.,Additional quantitative result extracted from full text,"Studies have demonstrated that such procedures might reduce the incidence of rebleeding to 12.5% to 20% (from the estimated occurrence of 30%–65%).14,16 EC-IC arterial bypass has been devised with the goals of promoting neoangiogenesis, inducing collateral vessel formation, and restoring perfusion to oxygen- deprived areas of the brain.17,18 In contrast, the indirect procedure alone potentially decreases cerebral blood flow (CBF), and small craniotomy surgery, such as encephalo-myo-synangiosis From the Nursing School, Southwest Medical University, Luzhou; and yBasic Medical College, Guangzhou University of Chinese Medicine, Guangzhou University Island, Guangzhou, China.",No,Source-verified during final effect audit,Yes,Source-verified during final effect audit,Additional quantitative result extracted from full text,Yes,"Studies have demonstrated that such procedures might reduce the incidence of rebleeding to 12.5% to 20% (from the estimated occurrence of 30%–65%).14,16 EC-IC arterial bypass has been devised with the goals of promoting neoangiogenesis, inducing collateral vessel formation, and restoring perfusion to oxygen- deprived areas of the brain.17,18 In contrast, the indirect procedure alone potentially decreases cerebral blood flow (CBF), and small craniotomy surgery, such as encephalo-myo-synangiosis From the Nursing School, Southwest Medical University, Luzhou; and yBasic Medical College, Guangzhou University of Chinese Medicine, Guangzhou University Island, Guangzhou, China.",Corrected — manuscript-ready quantitative result,Original row captured background text; replaced by actual two-study meta-analysis.,2 studies; 160 patients,[MESCLADO 2 p. 125],Cannot provide reliable pooled incidence or comparative inference. Technical benefit versus perioperative complications.,exclude_duplicate,E0263,Direct/combined bypass.,Descriptive.,FALSE,FALSE,Duplicate representation of the same review-level result; retain E0263.,TRUE,FALSE,FALSE,FALSE,Other/composite,Mixed/unseparated,Surgery vs conservative,Other/composite,Late/long-term,Mixed/unclear,OR,TRUE,FALSE,NOT_REQUIRED_AFTER_INITIAL_HARMONIZATION,,,0.35,0.15,0.84,Direct/combined bypass.,Descriptive.,0.35,0.15,0.84,-1.0498221244986778,-1.8971199848858813,-0.1743533871447778,,,,,,Direction not prespecified,Not orientable,OR 0.35 (0.15 to 0.84),OR 0.35 (0.15 to 0.84),FALSE
E0206,R032,MOY-0136,Tier 1 — Core formal synthesis,Perioperative safety/risk,Seizure/epilepsy,Postoperative incidence of seizure and cerebral infarction in pediatric patients with epileptic type moyamoya disease: a meta-analysis of single rate,"Children with MMD/MMS undergoing direct, indirect or combined revascularization; selected reviews focus on epilepsy.","Indirect, direct or combined revascularization and subtécnicas.",Technique groups or pooled single-arm outcomes.,Postoperative seizure,NR,patient,Studies: NR; patients: NR pediatric epileptic-type MMD,pooled incidence,23.44%,14.39–33.63,0.5,0%,As reported; verify event coding in source statement,[MESCLADO 2 p. 132],"Cannot declare a universal best technique across ages, vessel size, MMS etiology and outcomes. Technical vessel limitations and perioperative risk versus delayed collateralization and possible late failure.",Critically low,High,Core clinical-surgical evidence table,Source-verified during final effect audit,"Do not pool across age, MMD/MMS, presentation, early/late horizon or patient/hemisphere/procedure units unless explicitly harmonized.",MOY-0136,Tier 1 — Core formal synthesis,Postoperative incidence of seizure and cerebral infarction in pediatric patients with epileptic type moyamoya disease: a meta-analysis of single rate,Yes,Critically low,High,,14.39,33.63,FALSE,FALSE,FALSE,,PED_MIX,C00,O09,T9,U01,EM_RATE,DESCRIPTIVE,0,not_orientable,-1,PED_MIX|C00|O09|T9|U01,PED_MIX|C00|O09|T9|U01|EM_RATE,Moderate,TRUE,FALSE,review_profile,review_profile,keyword,not_analytic,exact,rate,C00 and O99 are operational noninferential codes and do not create new SAP comparisons/outcomes.,14.39,33.63,FALSE,FALSE,FALSE,,,,FALSE,TRUE,FALSE,PED_MIX|C00|O09|T9|U01,PED_MIX|C00|O09|T9|U01|EM_RATE,Verified — manuscript-ready quantitative result,No,"Source-confirmed pooled incidence; p=0.5 is heterogeneity p, not treatment effect.",Additional quantitative result extracted from full text,"The summarized pooled postoperative incidence rate of seizure in pediatric patients with epileptic type MMD in the seven studies using the fixed-effects models was 23.44% (95% CI 14.39–33.63%) with low heterogeneity (Tau2 = 0, I2 = 0% (95%CI 0–67.2%), P = 0.5) (Fig.",No,Source-verified during final effect audit,Yes,Source-verified during final effect audit,Additional quantitative result extracted from full text,Yes,"The summarized pooled postoperative incidence rate of seizure in pediatric patients with epileptic type MMD in the seven studies using the fixed-effects models was 23.44% (95% CI 14.39–33.63%) with low heterogeneity (Tau2 = 0, I2 = 0% (95%CI 0–67.2%), P = 0.5) (Fig.",Verified — manuscript-ready quantitative result,"Source-confirmed pooled incidence; p=0.5 is heterogeneity p, not treatment effect.",Studies: NR; patients: NR pediatric epileptic-type MMD,[MESCLADO 2 p. 132],"Cannot declare a universal best technique across ages, vessel size, MMS etiology and outcomes. Technical vessel limitations and perioperative risk versus delayed collateralization and possible late failure.",retain,,"Indirect, direct or combined revascularization and subtécnicas.",Technique groups or pooled single-arm outcomes.,TRUE,TRUE,,TRUE,FALSE,FALSE,TRUE,Clinical events/safety,Pediatric mixed MMD/MMS,No formal comparison,Postoperative seizure,Not reported/not analytic,Patient,Rate,TRUE,FALSE,NOT_REQUIRED_AFTER_INITIAL_HARMONIZATION,,,,14.39,33.63,"Indirect, direct or combined revascularization and subtécnicas.",Technique groups or pooled single-arm outcomes.,,14.39,33.63,,,,,,,,,Direction not prespecified,Not orientable,NR,NR,FALSE
E0207,R032,MOY-0136,Tier 1 — Core formal synthesis,Perioperative safety/risk,Other,Postoperative incidence of seizure and cerebral infarction in pediatric patients with epileptic type moyamoya disease: a meta-analysis of single rate,"Children with MMD/MMS undergoing direct, indirect or combined revascularization; selected reviews focus on epilepsy.","Indirect, direct or combined revascularization and subtécnicas.",Technique groups or pooled single-arm outcomes.,Postoperative cerebral infarction,NR,patient,Studies: NR; patients: NR pediatric epileptic-type MMD,pooled incidence,9.12%,0.75–22.34,0.45,0%,As reported; verify event coding in source statement,[MESCLADO 2 p. 132],"Cannot declare a universal best technique across ages, vessel size, MMS etiology and outcomes. Technical vessel limitations and perioperative risk versus delayed collateralization and possible late failure.",Critically low,High,Core clinical-surgical evidence table,Source-verified during final effect audit,"Do not pool across age, MMD/MMS, presentation, early/late horizon or patient/hemisphere/procedure units unless explicitly harmonized.",MOY-0136,Tier 1 — Core formal synthesis,Postoperative incidence of seizure and cerebral infarction in pediatric patients with epileptic type moyamoya disease: a meta-analysis of single rate,Yes,Critically low,High,,0.75,22.34,FALSE,FALSE,FALSE,,PED_MIX,C00,O01,T9,U01,EM_RATE,DESCRIPTIVE,0,not_orientable,-1,PED_MIX|C00|O01|T9|U01,PED_MIX|C00|O01|T9|U01|EM_RATE,Moderate,TRUE,FALSE,review_profile,review_profile,keyword_horizon,not_analytic,exact,rate,C00 and O99 are operational noninferential codes and do not create new SAP comparisons/outcomes.,0.75,22.34,FALSE,FALSE,FALSE,,,,FALSE,TRUE,FALSE,PED_MIX|C00|O01|T9|U01,PED_MIX|C00|O01|T9|U01|EM_RATE,Verified — manuscript-ready quantitative result,No,Source-confirmed pooled infarction incidence.,Additional quantitative result extracted from full text,"The summarized pooled postoperative incidence rate of cerebral infarction in pediatric patients with epileptic type MMD in the four studies using the fixed-effects models was 9.12% (95% CI 0.75–22.34%) with low het- erogeneity (Tau2 = 0, I2 = 0% (95% CI 0–82.5%), P = 0.45) (Fig.",No,Source-verified during final effect audit,Yes,Source-verified during final effect audit,Additional quantitative result extracted from full text,Yes,"The summarized pooled postoperative incidence rate of cerebral infarction in pediatric patients with epileptic type MMD in the four studies using the fixed-effects models was 9.12% (95% CI 0.75–22.34%) with low het- erogeneity (Tau2 = 0, I2 = 0% (95% CI 0–82.5%), P = 0.45) (Fig.",Verified — manuscript-ready quantitative result,Source-confirmed pooled infarction incidence.,Studies: NR; patients: NR pediatric epileptic-type MMD,[MESCLADO 2 p. 132],"Cannot declare a universal best technique across ages, vessel size, MMS etiology and outcomes. Technical vessel limitations and perioperative risk versus delayed collateralization and possible late failure.",retain,,"Indirect, direct or combined revascularization and subtécnicas.",Technique groups or pooled single-arm outcomes.,TRUE,TRUE,,TRUE,FALSE,FALSE,TRUE,Clinical events/safety,Pediatric mixed MMD/MMS,No formal comparison,Early ischemic stroke,Not reported/not analytic,Patient,Rate,TRUE,FALSE,NOT_REQUIRED_AFTER_INITIAL_HARMONIZATION,,,,0.75,22.34,"Indirect, direct or combined revascularization and subtécnicas.",Technique groups or pooled single-arm outcomes.,,0.75,22.34,,,,,,,,,Direction not prespecified,Not orientable,NR,NR,FALSE
E0208,R033,MOY-0035,Tier 1 — Core formal synthesis,Medical/perioperative adjunct,Ischemic/stroke events,Benefits and risks of antiplatelet therapy for moyamoya disease: a systematic review and meta-analysis,"MMD patients receiving antiplatelet therapy, including nonsurgical and post-bypass settings.","Aspirin or other antiplatelet therapy, sometimes cilostazol.",No antiplatelet or alternative antiplatelet.,Ischemic stroke,NR,NR,"Studies: 9; patients: 16,186",HR,0.80,0.33–1.94,0.63,NR,As reported; verify event coding in source statement,[MESCLADO 2 p. 138],Cannot replace revascularization or prove stroke-prevention efficacy from observational data. Potential thromboembolic protection versus hemorrhagic concern and confounding by indication.,Low,Unclear,Core clinical-surgical evidence table,Source-verified during final effect audit,"Do not pool across age, MMD/MMS, presentation, early/late horizon or patient/hemisphere/procedure units unless explicitly harmonized.",MOY-0035,Tier 1 — Core formal synthesis,Benefits and risks of antiplatelet therapy for moyamoya disease: a systematic review and meta-analysis,Yes,Low,Unclear,0.8,0.33,1.94,TRUE,TRUE,FALSE,TRUE,MIXED_UNSEP,C09,O02,T9,U07,EM_HR,COMPARATIVE,1,canonical,-1,MIXED_UNSEP|C09|O02|T9|U07,MIXED_UNSEP|C09|O02|T9|U07|EM_HR,Moderate,TRUE,FALSE,review_profile,review_profile,keyword,not_analytic,mixed_or_unclear,exact,,0.33,1.94,TRUE,FALSE,TRUE,-0.2231435513142097,-0.2231435513142097,0.2231435513142097,TRUE,TRUE,TRUE,MIXED_UNSEP|C09|O02|T9|U07,MIXED_UNSEP|C09|O02|T9|U07|EM_HR,Corrected — manuscript-ready quantitative result,Corrected from source,Corrected ischemic stroke HR; no significant difference.,Additional quantitative result extracted from full text,95% CI (0.24–0.94); p < 0.05] but neither reduced the risk of ischemic stroke [HR = 0.80;,No,Source-verified during final effect audit,Yes,Source-verified during final effect audit,Additional quantitative result extracted from full text,Yes,95% CI (0.24–0.94); p < 0.05] but neither reduced the risk of ischemic stroke [HR = 0.80;,Corrected — manuscript-ready quantitative result,Corrected ischemic stroke HR; no significant difference.,"Studies: 9; patients: 16,186",[MESCLADO 2 p. 138],Cannot replace revascularization or prove stroke-prevention efficacy from observational data. Potential thromboembolic protection versus hemorrhagic concern and confounding by indication.,retain,,"Aspirin or other antiplatelet therapy, sometimes cilostazol.",No antiplatelet or alternative antiplatelet.,TRUE,TRUE,,TRUE,TRUE,TRUE,TRUE,Clinical events/safety,Mixed/unseparated,Antiplatelet vs none/alternative,Late ischemic stroke,Not reported/not analytic,Mixed/unclear,HR,FALSE,FALSE,RESOLVED,"Exact manuscript-ready estimate, comparator context, and PDF locator rechecked; residual flags reflected evidence heterogeneity/units/horizon rather than unresolved extraction.",,0.8,0.33,1.94,"Aspirin or other antiplatelet therapy, sometimes cilostazol.",No antiplatelet or alternative antiplatelet.,0.8,0.33,1.94,-0.2231435513142097,-1.1086626245216111,0.6626879730752367,0.2231435513142097,1.1086626245216111,-0.6626879730752367,-0.6626879730752367,1.1086626245216111,Imprecise benefit direction,CI includes null,HR 0.80 (0.33 to 1.94),HR 0.80 (0.33 to 1.94),FALSE
E0209,R033,MOY-0035,Tier 1 — Core formal synthesis,Medical/perioperative adjunct,Angiographic/technical success,Benefits and risks of antiplatelet therapy for moyamoya disease: a systematic review and meta-analysis,"MMD patients receiving antiplatelet therapy, including nonsurgical and post-bypass settings.","Aspirin or other antiplatelet therapy, sometimes cilostazol.",No antiplatelet or alternative antiplatelet.,Bypass patency,NR,procedure/bypass,"Studies: 9; patients: 16,186",HR,1.57,1.106–2.235,<0.05,NR,As reported; verify event coding in source statement,[MESCLADO 2 p. 138],Cannot replace revascularization or prove stroke-prevention efficacy from observational data. Potential thromboembolic protection versus hemorrhagic concern and confounding by indication.,Low,Unclear,Core clinical-surgical evidence table,Source-verified during final effect audit,"Do not pool across age, MMD/MMS, presentation, early/late horizon or patient/hemisphere/procedure units unless explicitly harmonized.",MOY-0035,Tier 1 — Core formal synthesis,Benefits and risks of antiplatelet therapy for moyamoya disease: a systematic review and meta-analysis,Yes,Low,Unclear,1.57,1.106,2.235,TRUE,TRUE,FALSE,TRUE,MIXED_UNSEP,C09,O11,T9,U07,EM_HR,COMPARATIVE,1,canonical,1,MIXED_UNSEP|C09|O11|T9|U07,MIXED_UNSEP|C09|O11|T9|U07|EM_HR,Moderate,TRUE,FALSE,review_profile,review_profile,keyword,not_analytic,mixed_or_unclear,exact,,1.106,2.235,TRUE,FALSE,TRUE,0.45107561936021673,0.45107561936021673,0.45107561936021673,TRUE,TRUE,TRUE,MIXED_UNSEP|C09|O11|T9|U07,MIXED_UNSEP|C09|O11|T9|U07|EM_HR,Corrected — manuscript-ready quantitative result,Corrected from source,Corrected to bypass patency HR.,Additional quantitative result extracted from full text,95% conﬁdence interval (CI) (0.50–0.71); p < 0.01] and improved bypass patency after surgical revascularization [HR = 1.57;,No,Source-verified during final effect audit,Yes,Source-verified during final effect audit,Additional quantitative result extracted from full text,Yes,95% conﬁdence interval (CI) (0.50–0.71); p < 0.01] and improved bypass patency after surgical revascularization [HR = 1.57;,Corrected — manuscript-ready quantitative result,Corrected to bypass patency HR.,"Studies: 9; patients: 16,186",[MESCLADO 2 p. 138],Cannot replace revascularization or prove stroke-prevention efficacy from observational data. Potential thromboembolic protection versus hemorrhagic concern and confounding by indication.,retain,,"Aspirin or other antiplatelet therapy, sometimes cilostazol.",No antiplatelet or alternative antiplatelet.,TRUE,TRUE,,TRUE,TRUE,TRUE,TRUE,Technical,Mixed/unseparated,Antiplatelet vs none/alternative,Bypass patency/capacity,Not reported/not analytic,Mixed/unclear,HR,FALSE,FALSE,RESOLVED,"Exact manuscript-ready estimate, comparator context, and PDF locator rechecked; residual flags reflected evidence heterogeneity/units/horizon rather than unresolved extraction.",,1.57,1.106,2.235,"Aspirin or other antiplatelet therapy, sometimes cilostazol.",No antiplatelet or alternative antiplatelet.,1.57,1.106,2.235,0.45107561936021673,0.10074990310014315,0.8042412280655321,0.45107561936021673,0.10074990310014315,0.8042412280655321,0.10074990310014315,0.8042412280655321,Precise benefit,CI excludes null,HR 1.57 (1.11 to 2.23),HR 1.57 (1.11 to 2.23),FALSE
E0210,R033,MOY-0035,Tier 1 — Core formal synthesis,Medical/perioperative adjunct,Hemorrhagic events,Benefits and risks of antiplatelet therapy for moyamoya disease: a systematic review and meta-analysis,"MMD patients receiving antiplatelet therapy, including nonsurgical and post-bypass settings.","Aspirin or other antiplatelet therapy, sometimes cilostazol.",No antiplatelet or alternative antiplatelet.,Hemorrhagic stroke,NR,NR,"Studies: 9; patients: 16,186",HR,0.47,0.24–0.94,<0.05,NR,As reported; verify event coding in source statement,[MESCLADO 2 p. 138],Cannot replace revascularization or prove stroke-prevention efficacy from observational data. Potential thromboembolic protection versus hemorrhagic concern and confounding by indication.,Low,Unclear,Core clinical-surgical evidence table,Source-verified during final effect audit,"Do not pool across age, MMD/MMS, presentation, early/late horizon or patient/hemisphere/procedure units unless explicitly harmonized.",MOY-0035,Tier 1 — Core formal synthesis,Benefits and risks of antiplatelet therapy for moyamoya disease: a systematic review and meta-analysis,Yes,Low,Unclear,0.47,0.24,0.94,TRUE,TRUE,FALSE,TRUE,MIXED_UNSEP,C09,O05,T9,U07,EM_HR,COMPARATIVE,1,canonical,-1,MIXED_UNSEP|C09|O05|T9|U07,MIXED_UNSEP|C09|O05|T9|U07|EM_HR,Moderate,TRUE,FALSE,review_profile,review_profile,keyword,not_analytic,mixed_or_unclear,exact,,0.24,0.94,TRUE,FALSE,TRUE,-0.7550225842780328,-0.7550225842780328,0.7550225842780328,TRUE,TRUE,TRUE,MIXED_UNSEP|C09|O05|T9|U07,MIXED_UNSEP|C09|O05|T9|U07|EM_HR,Corrected — manuscript-ready quantitative result,Corrected from source,Corrected to hemorrhagic stroke HR.,Additional quantitative result extracted from full text,The results of the meta-analysis showed that APT reduced the risk of hemorrhagic stroke [HR = 0.47;,No,Source-verified during final effect audit,Yes,Source-verified during final effect audit,Additional quantitative result extracted from full text,Yes,The results of the meta-analysis showed that APT reduced the risk of hemorrhagic stroke [HR = 0.47;,Corrected — manuscript-ready quantitative result,Corrected to hemorrhagic stroke HR.,"Studies: 9; patients: 16,186",[MESCLADO 2 p. 138],Cannot replace revascularization or prove stroke-prevention efficacy from observational data. Potential thromboembolic protection versus hemorrhagic concern and confounding by indication.,retain,,"Aspirin or other antiplatelet therapy, sometimes cilostazol.",No antiplatelet or alternative antiplatelet.,TRUE,TRUE,,TRUE,TRUE,TRUE,TRUE,Clinical events/safety,Mixed/unseparated,Antiplatelet vs none/alternative,Late hemorrhage/rebleeding,Not reported/not analytic,Mixed/unclear,HR,FALSE,FALSE,RESOLVED,"Exact manuscript-ready estimate, comparator context, and PDF locator rechecked; residual flags reflected evidence heterogeneity/units/horizon rather than unresolved extraction.",,0.47,0.24,0.94,"Aspirin or other antiplatelet therapy, sometimes cilostazol.",No antiplatelet or alternative antiplatelet.,0.47,0.24,0.94,-0.7550225842780328,-1.4271163556401458,-0.06187540371808753,0.7550225842780328,1.4271163556401458,0.06187540371808753,0.06187540371808753,1.4271163556401458,Precise benefit,CI excludes null,HR 0.47 (0.24 to 0.94),HR 0.47 (0.24 to 0.94),FALSE
E0211,R034,MOY-0137,Tier 1 — Core formal synthesis,Perioperative safety/risk,Seizure/epilepsy,"Postoperative seizure, stroke, hemorrhage, and cerebral hyperperfusion syndrome rates in adult patients with moyamoya disease undergoing revascularization: a systematic review and proportional meta-analysis",MMD patients after direct/combined revascularization; some prevention reviews include other bypass indications.,Bypass type and preventive pharmacologic/hemodynamic strategies.,"Age, bypass type, blood-pressure control and adjunctive regimens.",Postoperative seizure,NR,NR,Studies: NR; patients: NR,pooled proportion,4.61%,3.23–6.23,<0.0001,76.4%,As reported; verify event coding in source statement,[MESCLADO 2 p. 151],Cannot infer causal superiority of a preventive regimen from between-study pooled proportions. Avoiding hyperperfusion/hemorrhage without provoking hypoperfusion/ischemia.,Low,Unclear,Core clinical-surgical evidence table,Source-verified during final effect audit,"Do not pool across age, MMD/MMS, presentation, early/late horizon or patient/hemisphere/procedure units unless explicitly harmonized.",MOY-0137,Tier 1 — Core formal synthesis,"Postoperative seizure, stroke, hemorrhage, and cerebral hyperperfusion syndrome rates in adult patients with moyamoya disease undergoing revascularization: a systematic review and proportional meta-analysis",Yes,Low,Unclear,,3.23,6.23,FALSE,FALSE,FALSE,,ADULT_MIX,C00,O09,T9,U07,EM_PROPORTION,DESCRIPTIVE,0,not_orientable,-1,ADULT_MIX|C00|O09|T9|U07,ADULT_MIX|C00|O09|T9|U07|EM_PROPORTION,Moderate,TRUE,FALSE,review_profile,no_authorized_comparison,keyword,not_analytic,mixed_or_unclear,proportion,C00 and O99 are operational noninferential codes and do not create new SAP comparisons/outcomes.,3.23,6.23,FALSE,FALSE,FALSE,,,,FALSE,TRUE,FALSE,ADULT_MIX|C00|O09|T9|U07,ADULT_MIX|C00|O09|T9|U07|EM_PROPORTION,Corrected — manuscript-ready quantitative result,Corrected from source,CI restored.,Additional quantitative result extracted from full text,"The total postoperative seizure incidence rate, including any kind of revascularization approach, was 4.61% (95% CI = 3.23% − 6.23%), with considerable heterogeneity (I2 = 76.4%, p < 0.0001).",No,Source-verified during final effect audit,Yes,Source-verified during final effect audit,Additional quantitative result extracted from full text,Yes,"The total postoperative seizure incidence rate, including any kind of revascularization approach, was 4.61% (95% CI = 3.23% − 6.23%), with considerable heterogeneity (I2 = 76.4%, p < 0.0001).",Corrected — manuscript-ready quantitative result,CI restored.,Studies: NR; patients: NR,[MESCLADO 2 p. 151],Cannot infer causal superiority of a preventive regimen from between-study pooled proportions. Avoiding hyperperfusion/hemorrhage without provoking hypoperfusion/ischemia.,retain,,Bypass type and preventive pharmacologic/hemodynamic strategies.,"Age, bypass type, blood-pressure control and adjunctive regimens.",TRUE,TRUE,,TRUE,FALSE,FALSE,TRUE,Clinical events/safety,Adult mixed,No formal comparison,Postoperative seizure,Not reported/not analytic,Mixed/unclear,Proportion,TRUE,FALSE,NOT_REQUIRED_AFTER_INITIAL_HARMONIZATION,,,,3.23,6.23,Bypass type and preventive pharmacologic/hemodynamic strategies.,"Age, bypass type, blood-pressure control and adjunctive regimens.",,3.23,6.23,,,,,,,,,Direction not prespecified,Not orientable,NR,NR,FALSE
E0212,R034,MOY-0137,Tier 1 — Core formal synthesis,Perioperative safety/risk,Ischemic/stroke events,"Postoperative seizure, stroke, hemorrhage, and cerebral hyperperfusion syndrome rates in adult patients with moyamoya disease undergoing revascularization: a systematic review and proportional meta-analysis",MMD patients after direct/combined revascularization; some prevention reviews include other bypass indications.,Bypass type and preventive pharmacologic/hemodynamic strategies.,"Age, bypass type, blood-pressure control and adjunctive regimens.",Postoperative stroke,early/perioperative,NR,Studies: NR; patients: NR,pooled proportion,4.88%,3.03–7.15,<0.0001,86.3%,As reported; verify event coding in source statement,[MESCLADO 2 p. 151],Cannot infer causal superiority of a preventive regimen from between-study pooled proportions. Avoiding hyperperfusion/hemorrhage without provoking hypoperfusion/ischemia.,Low,Unclear,Core clinical-surgical evidence table,Source-verified during final effect audit,"Do not pool across age, MMD/MMS, presentation, early/late horizon or patient/hemisphere/procedure units unless explicitly harmonized.",MOY-0137,Tier 1 — Core formal synthesis,"Postoperative seizure, stroke, hemorrhage, and cerebral hyperperfusion syndrome rates in adult patients with moyamoya disease undergoing revascularization: a systematic review and proportional meta-analysis",Yes,Low,Unclear,,3.03,7.15,FALSE,FALSE,FALSE,,ADULT_MIX,C00,O01,T1,U07,EM_PROPORTION,DESCRIPTIVE,0,not_orientable,-1,ADULT_MIX|C00|O01|T1|U07,ADULT_MIX|C00|O01|T1|U07|EM_PROPORTION,Moderate,TRUE,FALSE,review_profile,no_authorized_comparison,keyword_horizon,early,mixed_or_unclear,proportion,C00 and O99 are operational noninferential codes and do not create new SAP comparisons/outcomes.,3.03,7.15,FALSE,FALSE,FALSE,,,,FALSE,TRUE,FALSE,ADULT_MIX|C00|O01|T1|U07,ADULT_MIX|C00|O01|T1|U07|EM_PROPORTION,Corrected — manuscript-ready quantitative result,Corrected from source,Pooled estimate and CI restored; substantial heterogeneity.,Additional quantitative result extracted from full text,"The total postoperative stroke rate was 4.88 (95% CI = 3.03–7.15), with consider able heterogeneity (I2 = 86.3%, p < 0.0001).",No,Source-verified during final effect audit,Yes,Source-verified during final effect audit,Additional quantitative result extracted from full text,Yes,"The total postoperative stroke rate was 4.88 (95% CI = 3.03–7.15), with consider able heterogeneity (I2 = 86.3%, p < 0.0001).",Corrected — manuscript-ready quantitative result,Pooled estimate and CI restored; substantial heterogeneity.,Studies: NR; patients: NR,[MESCLADO 2 p. 151],Cannot infer causal superiority of a preventive regimen from between-study pooled proportions. Avoiding hyperperfusion/hemorrhage without provoking hypoperfusion/ischemia.,retain,,Bypass type and preventive pharmacologic/hemodynamic strategies.,"Age, bypass type, blood-pressure control and adjunctive regimens.",TRUE,TRUE,,TRUE,FALSE,FALSE,TRUE,Clinical events/safety,Adult mixed,No formal comparison,Early ischemic stroke,Early/perioperative,Mixed/unclear,Proportion,TRUE,FALSE,NOT_REQUIRED_AFTER_INITIAL_HARMONIZATION,,,,3.03,7.15,Bypass type and preventive pharmacologic/hemodynamic strategies.,"Age, bypass type, blood-pressure control and adjunctive regimens.",,3.03,7.15,,,,,,,,,Direction not prespecified,Not orientable,NR,NR,FALSE
E0213,R034,MOY-0137,Tier 1 — Core formal synthesis,Perioperative safety/risk,Hemorrhagic events,"Postoperative seizure, stroke, hemorrhage, and cerebral hyperperfusion syndrome rates in adult patients with moyamoya disease undergoing revascularization: a systematic review and proportional meta-analysis",MMD patients after direct/combined revascularization; some prevention reviews include other bypass indications.,Bypass type and preventive pharmacologic/hemodynamic strategies.,"Age, bypass type, blood-pressure control and adjunctive regimens.",Postoperative hemorrhage,NR,NR,Studies: NR; patients: NR,pooled proportion,2.98%,1.68–4.64,<0.0001,82.9%,As reported; verify event coding in source statement,[MESCLADO 2 p. 151],Cannot infer causal superiority of a preventive regimen from between-study pooled proportions. Avoiding hyperperfusion/hemorrhage without provoking hypoperfusion/ischemia.,Low,Unclear,Core clinical-surgical evidence table,Source-verified during final effect audit,"Do not pool across age, MMD/MMS, presentation, early/late horizon or patient/hemisphere/procedure units unless explicitly harmonized.",MOY-0137,Tier 1 — Core formal synthesis,"Postoperative seizure, stroke, hemorrhage, and cerebral hyperperfusion syndrome rates in adult patients with moyamoya disease undergoing revascularization: a systematic review and proportional meta-analysis",Yes,Low,Unclear,,1.68,4.64,FALSE,FALSE,FALSE,,ADULT_MIX,C00,O05,T9,U07,EM_PROPORTION,DESCRIPTIVE,0,not_orientable,-1,ADULT_MIX|C00|O05|T9|U07,ADULT_MIX|C00|O05|T9|U07|EM_PROPORTION,Moderate,TRUE,FALSE,review_profile,no_authorized_comparison,keyword,not_analytic,mixed_or_unclear,proportion,C00 and O99 are operational noninferential codes and do not create new SAP comparisons/outcomes.,1.68,4.64,FALSE,FALSE,FALSE,,,,FALSE,TRUE,FALSE,ADULT_MIX|C00|O05|T9|U07,ADULT_MIX|C00|O05|T9|U07|EM_PROPORTION,Corrected — manuscript-ready quantitative result,Corrected from source,CI restored.,Additional quantitative result extracted from full text,"The total post operative hemorrhage rate was 2.98% (95% CI = 1.68% − 4.64%) with considerable heterogeneity (I2 = 82.9%, p < 0.0001) (Figs.",No,Source-verified during final effect audit,Yes,Source-verified during final effect audit,Additional quantitative result extracted from full text,Yes,"The total post operative hemorrhage rate was 2.98% (95% CI = 1.68% − 4.64%) with considerable heterogeneity (I2 = 82.9%, p < 0.0001) (Figs.",Corrected — manuscript-ready quantitative result,CI restored.,Studies: NR; patients: NR,[MESCLADO 2 p. 151],Cannot infer causal superiority of a preventive regimen from between-study pooled proportions. Avoiding hyperperfusion/hemorrhage without provoking hypoperfusion/ischemia.,retain,,Bypass type and preventive pharmacologic/hemodynamic strategies.,"Age, bypass type, blood-pressure control and adjunctive regimens.",TRUE,TRUE,,TRUE,FALSE,FALSE,TRUE,Clinical events/safety,Adult mixed,No formal comparison,Late hemorrhage/rebleeding,Not reported/not analytic,Mixed/unclear,Proportion,TRUE,FALSE,NOT_REQUIRED_AFTER_INITIAL_HARMONIZATION,,,,1.68,4.64,Bypass type and preventive pharmacologic/hemodynamic strategies.,"Age, bypass type, blood-pressure control and adjunctive regimens.",,1.68,4.64,,,,,,,,,Direction not prespecified,Not orientable,NR,NR,FALSE
E0214,R036,MOY-0121,Tier 2 — Contextual formal synthesis/evidence map,Pregnancy/obstetric risk,Pregnancy,Moyamoya disease in pregnancy: a systematic review,"Women with MMD before, during or after pregnancy; some hybrid institutional series.","Prepregnancy revascularization, obstetric/anesthetic management, or observation.","Pregnancy timing, prior diagnosis/surgery, delivery mode; nonrandomized.",Hemorrhagic presentation during pregnancy,NR,patient,Studies: 54 articles; patients: Individual-patient pregnancy literature; denominator varies,proportion,69.5%,NR,NR,NR,As reported; verify event coding in source statement,[MESCLADO 2 p. 178],"Cannot prescribe delivery mode or universal prophylactic surgery from pooled case series. Maternal cerebrovascular risk, hemodynamic changes and procedural/obstetric considerations.",Low,High,Evidence map only,Source-verified during final effect audit,"Do not pool across age, MMD/MMS, presentation, early/late horizon or patient/hemisphere/procedure units unless explicitly harmonized.",MOY-0121,Tier 2 — Contextual formal synthesis/evidence map,Moyamoya disease in pregnancy: a systematic review,Yes,Low,High,,,,FALSE,FALSE,FALSE,,PREG,C00,O05,T9,U01,EM_PROPORTION,DESCRIPTIVE,0,not_orientable,-1,PREG|C00|O05|T9|U01,PREG|C00|O05|T9|U01|EM_PROPORTION,Moderate,TRUE,FALSE,review_profile,review_profile,keyword,not_analytic,exact,proportion,C00 and O99 are operational noninferential codes and do not create new SAP comparisons/outcomes.,,,FALSE,FALSE,FALSE,,,,FALSE,TRUE,FALSE,PREG|C00|O05|T9|U01,PREG|C00|O05|T9|U01|EM_PROPORTION,Corrected — evidence-map descriptive statistic,Corrected from source,Corrected pregnancy-diagnosed presentation.,Additional quantitative result extracted from full text,"In patients first diagnosed with MMD due to a cerebrovascular accident during pregnancy, the mean gestational age on symptom onset was 28.7 weeks and 69.5% presented with cerebral hemorrhage.",No,Source-verified during final effect audit,Yes — descriptive only,Source-verified during final effect audit,Additional quantitative result extracted from full text,Yes — descriptive only,"In patients first diagnosed with MMD due to a cerebrovascular accident during pregnancy, the mean gestational age on symptom onset was 28.7 weeks and 69.5% presented with cerebral hemorrhage.",Corrected — evidence-map descriptive statistic,Corrected pregnancy-diagnosed presentation.,Studies: 54 articles; patients: Individual-patient pregnancy literature; denominator varies,[MESCLADO 2 p. 178],"Cannot prescribe delivery mode or universal prophylactic surgery from pooled case series. Maternal cerebrovascular risk, hemodynamic changes and procedural/obstetric considerations.",retain,,"Prepregnancy revascularization, obstetric/anesthetic management, or observation.","Pregnancy timing, prior diagnosis/surgery, delivery mode; nonrandomized.",TRUE,TRUE,,TRUE,FALSE,FALSE,TRUE,Clinical events/safety,Pregnancy,No formal comparison,Late hemorrhage/rebleeding,Not reported/not analytic,Patient,Proportion,TRUE,FALSE,NOT_REQUIRED_AFTER_INITIAL_HARMONIZATION,,,,,,"Prepregnancy revascularization, obstetric/anesthetic management, or observation.","Pregnancy timing, prior diagnosis/surgery, delivery mode; nonrandomized.",,,,,,,,,,,,Direction not prespecified,Not orientable,NR,NR,FALSE
E0215,R036,MOY-0121,Tier 2 — Contextual formal synthesis/evidence map,Pregnancy/obstetric risk,Pregnancy,Moyamoya disease in pregnancy: a systematic review,"Women with MMD before, during or after pregnancy; some hybrid institutional series.","Prepregnancy revascularization, obstetric/anesthetic management, or observation.","Pregnancy timing, prior diagnosis/surgery, delivery mode; nonrandomized.",Maternal mortality,NR,NR,Studies: 54 articles; patients: Individual-patient pregnancy literature; denominator varies,proportion,13.6%,NR,NR,NR,As reported; verify event coding in source statement,[MESCLADO 2 p. 178],"Cannot prescribe delivery mode or universal prophylactic surgery from pooled case series. Maternal cerebrovascular risk, hemodynamic changes and procedural/obstetric considerations.",Low,High,Evidence map only,Source-verified during final effect audit,"Do not pool across age, MMD/MMS, presentation, early/late horizon or patient/hemisphere/procedure units unless explicitly harmonized.",MOY-0121,Tier 2 — Contextual formal synthesis/evidence map,Moyamoya disease in pregnancy: a systematic review,Yes,Low,High,,,,FALSE,FALSE,FALSE,,PREG,C00,O07,T9,U07,EM_PROPORTION,DESCRIPTIVE,0,not_orientable,-1,PREG|C00|O07|T9|U07,PREG|C00|O07|T9|U07|EM_PROPORTION,Moderate,TRUE,FALSE,review_profile,review_profile,keyword,not_analytic,mixed_or_unclear,proportion,C00 and O99 are operational noninferential codes and do not create new SAP comparisons/outcomes.,,,FALSE,FALSE,FALSE,,,,FALSE,TRUE,FALSE,PREG|C00|O07|T9|U07,PREG|C00|O07|T9|U07|EM_PROPORTION,Corrected — evidence-map descriptive statistic,Corrected from source,Corrected maternal mortality; fetal demise separated.,Additional quantitative result extracted from full text,"In this group, 57.2% received neurosurgical operative management, and 80% underwent cesarean section with 13.6% maternal mortality and 23.5% fetal demise.",No,Source-verified during final effect audit,Yes — descriptive only,Source-verified during final effect audit,Additional quantitative result extracted from full text,Yes — descriptive only,"In this group, 57.2% received neurosurgical operative management, and 80% underwent cesarean section with 13.6% maternal mortality and 23.5% fetal demise.",Corrected — evidence-map descriptive statistic,Corrected maternal mortality; fetal demise separated.,Studies: 54 articles; patients: Individual-patient pregnancy literature; denominator varies,[MESCLADO 2 p. 178],"Cannot prescribe delivery mode or universal prophylactic surgery from pooled case series. Maternal cerebrovascular risk, hemodynamic changes and procedural/obstetric considerations.",retain,,"Prepregnancy revascularization, obstetric/anesthetic management, or observation.","Pregnancy timing, prior diagnosis/surgery, delivery mode; nonrandomized.",TRUE,TRUE,,TRUE,FALSE,FALSE,TRUE,Clinical events/safety,Pregnancy,No formal comparison,Mortality,Not reported/not analytic,Mixed/unclear,Proportion,TRUE,FALSE,NOT_REQUIRED_AFTER_INITIAL_HARMONIZATION,,,,,,"Prepregnancy revascularization, obstetric/anesthetic management, or observation.","Pregnancy timing, prior diagnosis/surgery, delivery mode; nonrandomized.",,,,,,,,,,,,Direction not prespecified,Not orientable,NR,NR,FALSE
E0216,R036,MOY-0121,Tier 2 — Contextual formal synthesis/evidence map,Pregnancy/obstetric risk,Pregnancy,Moyamoya disease in pregnancy: a systematic review,"Women with MMD before, during or after pregnancy; some hybrid institutional series.","Prepregnancy revascularization, obstetric/anesthetic management, or observation.","Pregnancy timing, prior diagnosis/surgery, delivery mode; nonrandomized.",Cerebrovascular event during pregnancy,NR,pregnancy,Studies: 54 articles; patients: Individual-patient pregnancy literature; denominator varies,proportion,11.4%,NR,NR,NR,As reported; verify event coding in source statement,[MESCLADO 2 p. 180],"Cannot prescribe delivery mode or universal prophylactic surgery from pooled case series. Maternal cerebrovascular risk, hemodynamic changes and procedural/obstetric considerations.",Low,High,Evidence map only,Source-verified during final effect audit,"Do not pool across age, MMD/MMS, presentation, early/late horizon or patient/hemisphere/procedure units unless explicitly harmonized.",MOY-0121,Tier 2 — Contextual formal synthesis/evidence map,Moyamoya disease in pregnancy: a systematic review,Yes,Low,High,,,,FALSE,FALSE,FALSE,,PREG,C00,O16,T9,U06,EM_PROPORTION,DESCRIPTIVE,0,not_orientable,-1,PREG|C00|O16|T9|U06,PREG|C00|O16|T9|U06|EM_PROPORTION,Moderate,TRUE,FALSE,review_profile,review_profile,keyword,not_analytic,exact,proportion,C00 and O99 are operational noninferential codes and do not create new SAP comparisons/outcomes.,,,FALSE,FALSE,FALSE,,,,FALSE,TRUE,FALSE,PREG|C00|O16|T9|U06,PREG|C00|O16|T9|U06|EM_PROPORTION,Corrected — evidence-map descriptive statistic,Corrected from source,Corrected cerebrovascular-event proportion per pregnancy.,Additional quantitative result extracted from full text,Ischemic or hemorrhagic cerebrovascular events presented in 11.4% of pregnancies.,No,Source-verified during final effect audit,Yes — descriptive only,Source-verified during final effect audit,Additional quantitative result extracted from full text,Yes — descriptive only,Ischemic or hemorrhagic cerebrovascular events presented in 11.4% of pregnancies.,Corrected — evidence-map descriptive statistic,Corrected cerebrovascular-event proportion per pregnancy.,Studies: 54 articles; patients: Individual-patient pregnancy literature; denominator varies,[MESCLADO 2 p. 180],"Cannot prescribe delivery mode or universal prophylactic surgery from pooled case series. Maternal cerebrovascular risk, hemodynamic changes and procedural/obstetric considerations.",retain,,"Prepregnancy revascularization, obstetric/anesthetic management, or observation.","Pregnancy timing, prior diagnosis/surgery, delivery mode; nonrandomized.",TRUE,TRUE,Reclassified as any/recurrent stroke or composite cerebrovascular event rather than ischemic or hemorrhagic stroke alone.,TRUE,FALSE,FALSE,TRUE,Clinical events/safety,Pregnancy,No formal comparison,Any/recurrent stroke,Not reported/not analytic,Pregnancy,Proportion,TRUE,FALSE,NOT_REQUIRED_AFTER_INITIAL_HARMONIZATION,,,,,,"Prepregnancy revascularization, obstetric/anesthetic management, or observation.","Pregnancy timing, prior diagnosis/surgery, delivery mode; nonrandomized.",,,,,,,,,,,,Direction not prespecified,Not orientable,NR,NR,FALSE
E0217,R036,MOY-0121,Tier 2 — Contextual formal synthesis/evidence map,Pregnancy/obstetric risk,Pregnancy,Moyamoya disease in pregnancy: a systematic review,"Women with MMD before, during or after pregnancy; some hybrid institutional series.","Prepregnancy revascularization, obstetric/anesthetic management, or observation.","Pregnancy timing, prior diagnosis/surgery, delivery mode; nonrandomized.",Ischemic presentation during pregnancy,NR,NR,Studies: 54 articles; patients: Individual-patient pregnancy literature; denominator varies,proportion,34.7%,NR,NR,NR,As reported; verify event coding in source statement,[MESCLADO 2 p. 182],"Cannot prescribe delivery mode or universal prophylactic surgery from pooled case series. Maternal cerebrovascular risk, hemodynamic changes and procedural/obstetric considerations.",Low,High,Evidence map only,Source-verified during final effect audit,"Do not pool across age, MMD/MMS, presentation, early/late horizon or patient/hemisphere/procedure units unless explicitly harmonized.",MOY-0121,Tier 2 — Contextual formal synthesis/evidence map,Moyamoya disease in pregnancy: a systematic review,Yes,Low,High,,,,FALSE,FALSE,FALSE,,PREG,C00,O02,T9,U07,EM_PROPORTION,DESCRIPTIVE,0,not_orientable,-1,PREG|C00|O02|T9|U07,PREG|C00|O02|T9|U07|EM_PROPORTION,Moderate,TRUE,FALSE,review_profile,review_profile,keyword,not_analytic,mixed_or_unclear,proportion,C00 and O99 are operational noninferential codes and do not create new SAP comparisons/outcomes.,,,FALSE,FALSE,FALSE,,,,FALSE,TRUE,FALSE,PREG|C00|O02|T9|U07,PREG|C00|O02|T9|U07|EM_PROPORTION,Corrected — evidence-map descriptive statistic,Corrected from source,Corrected ischemic presentation; hemorrhagic represented separately.,Additional quantitative result extracted from full text,"In 34.7%, MMD presented with an ischemic event, and in 69.5%, the presentation was hemorrhagic.",No,Source-verified during final effect audit,Yes — descriptive only,Source-verified during final effect audit,Additional quantitative result extracted from full text,Yes — descriptive only,"In 34.7%, MMD presented with an ischemic event, and in 69.5%, the presentation was hemorrhagic.",Corrected — evidence-map descriptive statistic,Corrected ischemic presentation; hemorrhagic represented separately.,Studies: 54 articles; patients: Individual-patient pregnancy literature; denominator varies,[MESCLADO 2 p. 182],"Cannot prescribe delivery mode or universal prophylactic surgery from pooled case series. Maternal cerebrovascular risk, hemodynamic changes and procedural/obstetric considerations.",retain,,"Prepregnancy revascularization, obstetric/anesthetic management, or observation.","Pregnancy timing, prior diagnosis/surgery, delivery mode; nonrandomized.",TRUE,TRUE,,TRUE,FALSE,FALSE,TRUE,Clinical events/safety,Pregnancy,No formal comparison,Late ischemic stroke,Not reported/not analytic,Mixed/unclear,Proportion,TRUE,FALSE,NOT_REQUIRED_AFTER_INITIAL_HARMONIZATION,,,,,,"Prepregnancy revascularization, obstetric/anesthetic management, or observation.","Pregnancy timing, prior diagnosis/surgery, delivery mode; nonrandomized.",,,,,,,,,,,,Direction not prespecified,Not orientable,NR,NR,FALSE
E0218,R038,MOY-0135,Tier 1 — Core formal synthesis,Cognition/patient-centered outcomes,Patient-centered/functional,Post-Surgical Cognitive Outcomes of Moyamoya Disease: A Systematic Review,"Children and/or adults with MMD/MMV, sometimes mixed with atherosclerotic steno-occlusive disease.",Revascularization or observational cognitive assessment.,"Pre/post surgery, healthy controls, or nonsurgical groups.",Cognitive impairment with poor school performance,NR,patient,Studies: 12; patients: 446,proportion,70%,NR,NR,NR,As reported; verify event coding in source statement,[MESCLADO 2 p. 195],Cannot equate improved perfusion/angiography with meaningful cognitive benefit. Potential cognitive preservation versus surgical risk and uncertain measurement sensitivity.,Critically low,High,Evidence map only,Source-verified during final effect audit,"Do not pool across age, MMD/MMS, presentation, early/late horizon or patient/hemisphere/procedure units unless explicitly harmonized.",MOY-0135,Tier 1 — Core formal synthesis,Post-Surgical Cognitive Outcomes of Moyamoya Disease: A Systematic Review,Yes,Critically low,High,,,,FALSE,FALSE,FALSE,,MIXED_UNSEP,C00,O13,T9,U01,EM_PROPORTION,PATIENT_CENTERED_DESCRIPTIVE,0,not_orientable,0,MIXED_UNSEP|C00|O13|T9|U01,MIXED_UNSEP|C00|O13|T9|U01|EM_PROPORTION,Moderate,TRUE,FALSE,review_profile,review_profile,keyword,not_analytic,exact,proportion,C00 and O99 are operational noninferential codes and do not create new SAP comparisons/outcomes.,,,FALSE,FALSE,FALSE,,,,FALSE,TRUE,FALSE,MIXED_UNSEP|C00|O13|T9|U01,MIXED_UNSEP|C00|O13|T9|U01|EM_PROPORTION,Corrected — evidence-map descriptive statistic,Corrected from source,Descriptive cognitive/school result; definitions varied.,Additional quantitative result extracted from full text,"However, 70% of patients had impaired cognitive function, with associated poor school performance.",No,Source-verified during final effect audit,Yes — descriptive only,Source-verified during final effect audit,Additional quantitative result extracted from full text,Yes — descriptive only,"However, 70% of patients had impaired cognitive function, with associated poor school performance.",Corrected — evidence-map descriptive statistic,Descriptive cognitive/school result; definitions varied.,Studies: 12; patients: 446,[MESCLADO 2 p. 195],Cannot equate improved perfusion/angiography with meaningful cognitive benefit. Potential cognitive preservation versus surgical risk and uncertain measurement sensitivity.,retain,,Revascularization or observational cognitive assessment.,"Pre/post surgery, healthy controls, or nonsurgical groups.",TRUE,TRUE,,TRUE,FALSE,FALSE,TRUE,Patient-centered,Mixed/unseparated,No formal comparison,Cognition/neuropsychology,Not reported/not analytic,Patient,Proportion,TRUE,FALSE,NOT_REQUIRED_AFTER_INITIAL_HARMONIZATION,,,,,,Revascularization or observational cognitive assessment.,"Pre/post surgery, healthy controls, or nonsurgical groups.",,,,,,,,,,,,Direction not prespecified,Not orientable,NR,NR,FALSE
E0219,R039,MOY-0100,Tier 1 — Core formal synthesis,Perioperative safety/risk,Hemodynamic/perfusion,Incidence of cerebral hyperperfusion syndrome following revascularization surgery in moyamoya patients: a systematic review and meta-analysis,MMD patients after direct/combined revascularization; some prevention reviews include other bypass indications.,Bypass type and preventive pharmacologic/hemodynamic strategies.,"Age, bypass type, blood-pressure control and adjunctive regimens.",Cerebral hyperperfusion syndrome,NR,NR,"Studies: 23; patients: 2,083",pooled proportion,23%,17–30,NR,NR,Technique-specific pooled estimates ~27% direct and 21% combined.,[MESCLADO 2 p. 206],Cannot infer causal superiority of a preventive regimen from between-study pooled proportions. Avoiding hyperperfusion/hemorrhage without provoking hypoperfusion/ischemia.,Critically low,High,Core clinical-surgical evidence table,Source-verified during final effect audit,"Do not pool across age, MMD/MMS, presentation, early/late horizon or patient/hemisphere/procedure units unless explicitly harmonized.",MOY-0100,Tier 1 — Core formal synthesis,Incidence of cerebral hyperperfusion syndrome following revascularization surgery in moyamoya patients: a systematic review and meta-analysis,Yes,Critically low,High,,17,30,FALSE,FALSE,FALSE,,MIXED_UNSEP,C00,O08,T9,U07,EM_PROPORTION,DESCRIPTIVE,0,not_orientable,-1,MIXED_UNSEP|C00|O08|T9|U07,MIXED_UNSEP|C00|O08|T9|U07|EM_PROPORTION,Low,TRUE,FALSE,review_profile,no_authorized_comparison,keyword,not_analytic,mixed_or_unclear,proportion,C00 and O99 are operational noninferential codes and do not create new SAP comparisons/outcomes.,17,30,FALSE,FALSE,FALSE,,,,FALSE,TRUE,FALSE,MIXED_UNSEP|C00|O08|T9|U07,MIXED_UNSEP|C00|O08|T9|U07|EM_PROPORTION,Verified — manuscript-ready quantitative result,No,Source-confirmed pooled CHS incidence.,Additional quantitative result extracted from full text,"The pooled incidence of CHS was 23% (95% CI: 17–30%), with higher rates in direct revascularization (27%) compared to combined methods (21%).",No,Source-verified during final effect audit,Yes,Source-verified during final effect audit,Additional quantitative result extracted from full text,Yes,"The pooled incidence of CHS was 23% (95% CI: 17–30%), with higher rates in direct revascularization (27%) compared to combined methods (21%).",Verified — manuscript-ready quantitative result,Source-confirmed pooled CHS incidence.,"Studies: 23; patients: 2,083",[MESCLADO 2 p. 206],Cannot infer causal superiority of a preventive regimen from between-study pooled proportions. Avoiding hyperperfusion/hemorrhage without provoking hypoperfusion/ischemia.,retain,,Bypass type and preventive pharmacologic/hemodynamic strategies.,"Age, bypass type, blood-pressure control and adjunctive regimens.",TRUE,TRUE,,TRUE,FALSE,FALSE,TRUE,Clinical events/safety,Mixed/unseparated,No formal comparison,Hyperperfusion syndrome,Not reported/not analytic,Mixed/unclear,Proportion,TRUE,FALSE,NOT_REQUIRED_AFTER_INITIAL_HARMONIZATION,,,,17,30,Bypass type and preventive pharmacologic/hemodynamic strategies.,"Age, bypass type, blood-pressure control and adjunctive regimens.",,17,30,,,,,,,,,Direction not prespecified,Not orientable,NR,NR,FALSE
E0220,R039,MOY-0100,Tier 1 — Core formal synthesis,Perioperative safety/risk,Seizure/epilepsy,Incidence of cerebral hyperperfusion syndrome following revascularization surgery in moyamoya patients: a systematic review and meta-analysis,MMD patients after direct/combined revascularization; some prevention reviews include other bypass indications.,Bypass type and preventive pharmacologic/hemodynamic strategies.,"Age, bypass type, blood-pressure control and adjunctive regimens.",Postoperative seizure,NR,NR,"Studies: 23; patients: 2,083",pooled proportion,8%,5–11,NR,NR,As reported; verify event coding in source statement,[MESCLADO 2 p. 206],Cannot infer causal superiority of a preventive regimen from between-study pooled proportions. Avoiding hyperperfusion/hemorrhage without provoking hypoperfusion/ischemia.,Critically low,High,Core clinical-surgical evidence table,Source-verified during final effect audit,"Do not pool across age, MMD/MMS, presentation, early/late horizon or patient/hemisphere/procedure units unless explicitly harmonized.",MOY-0100,Tier 1 — Core formal synthesis,Incidence of cerebral hyperperfusion syndrome following revascularization surgery in moyamoya patients: a systematic review and meta-analysis,Yes,Critically low,High,,5,11,FALSE,FALSE,FALSE,,MIXED_UNSEP,C00,O09,T9,U07,EM_PROPORTION,DESCRIPTIVE,0,not_orientable,-1,MIXED_UNSEP|C00|O09|T9|U07,MIXED_UNSEP|C00|O09|T9|U07|EM_PROPORTION,Low,TRUE,FALSE,review_profile,no_authorized_comparison,keyword,not_analytic,mixed_or_unclear,proportion,C00 and O99 are operational noninferential codes and do not create new SAP comparisons/outcomes.,5,11,FALSE,FALSE,FALSE,,,,FALSE,TRUE,FALSE,MIXED_UNSEP|C00|O09|T9|U07,MIXED_UNSEP|C00|O09|T9|U07|EM_PROPORTION,Verified — manuscript-ready quantitative result,No,Source-confirmed pooled postoperative seizure incidence.,Additional quantitative result extracted from full text,"The incidence of postoperative seizures was 8% (95% CI: 5–11%), and hemorrhage was 15% (95% CI: 7–24%).",No,Source-verified during final effect audit,Yes,Source-verified during final effect audit,Additional quantitative result extracted from full text,Yes,"The incidence of postoperative seizures was 8% (95% CI: 5–11%), and hemorrhage was 15% (95% CI: 7–24%).",Verified — manuscript-ready quantitative result,Source-confirmed pooled postoperative seizure incidence.,"Studies: 23; patients: 2,083",[MESCLADO 2 p. 206],Cannot infer causal superiority of a preventive regimen from between-study pooled proportions. Avoiding hyperperfusion/hemorrhage without provoking hypoperfusion/ischemia.,retain,,Bypass type and preventive pharmacologic/hemodynamic strategies.,"Age, bypass type, blood-pressure control and adjunctive regimens.",TRUE,TRUE,,TRUE,FALSE,FALSE,TRUE,Clinical events/safety,Mixed/unseparated,No formal comparison,Postoperative seizure,Not reported/not analytic,Mixed/unclear,Proportion,TRUE,FALSE,NOT_REQUIRED_AFTER_INITIAL_HARMONIZATION,,,,5,11,Bypass type and preventive pharmacologic/hemodynamic strategies.,"Age, bypass type, blood-pressure control and adjunctive regimens.",,5,11,,,,,,,,,Direction not prespecified,Not orientable,NR,NR,FALSE
E0221,R041,MOY-0131,Tier 2 — Contextual formal synthesis/evidence map,MMS — sickle cell disease,Angiographic/technical success,Outcomes in Patients with Moyamoya Syndrome and Sickle Cell Disease: A Systematic Review,"Predominantly pediatric MMS associated with sickle cell disease, often with prior ischemic stroke despite chronic transfusion.","Mostly indirect revascularization (EDAS, pial synangiosis, EMAS) added to chronic transfusion.",Chronic transfusion alone or preoperative event rate; largely nonconcurrent comparisons.,Perioperative stroke after indirect revascularization,early/perioperative,patient,Studies: 6; patients: 122,proportion,1.4%,NR,NR,NR,Postoperative stroke 5.5%; 1/53.3 patient-years after surgery versus 1/13.65 on transfusion (p=0.00215).,[MESCLADO 3 p. 1],"Cannot prove superiority over optimized transfusion from nonrandomized, overlapping cohorts. Low perioperative event rate versus delayed collateral development and evidence from small retrospective cohorts.",Critically low,High,Evidence map only,Source-verified during final effect audit,"Do not pool across age, MMD/MMS, presentation, early/late horizon or patient/hemisphere/procedure units unless explicitly harmonized.",MOY-0131,Tier 2 — Contextual formal synthesis/evidence map,Outcomes in Patients with Moyamoya Syndrome and Sickle Cell Disease: A Systematic Review,Yes,Critically low,High,,,,FALSE,FALSE,FALSE,,MMS_SCD,C14,O01,T1,U01,EM_PROPORTION,DESCRIPTIVE_WITH_COMPARATOR,1,canonical,-1,MMS_SCD|C14|O01|T1|U01,MMS_SCD|C14|O01|T1|U01|EM_PROPORTION,High,FALSE,FALSE,review_profile,review_profile,keyword_horizon,early,exact,proportion,,,,FALSE,FALSE,FALSE,,,,TRUE,TRUE,FALSE,MMS_SCD|C14|O01|T1|U01,MMS_SCD|C14|O01|T1|U01|EM_PROPORTION,Corrected — evidence-map descriptive statistic,Corrected from source,Corrected SCD-associated MMS surgical outcome; nonconcurrent comparison.,Additional quantitative result extracted from full text,"Of the patients that underwent indirect revascu- larization surgery, a total of 1 perioperative (1.4%) and 4 postoperative strokes (5.5%) were reported over 44 months (1 stroke per 53.3 patient-years).",No,Source-verified during final effect audit,Yes — descriptive only,Source-verified during final effect audit,Additional quantitative result extracted from full text,Yes — descriptive only,"Of the patients that underwent indirect revascu- larization surgery, a total of 1 perioperative (1.4%) and 4 postoperative strokes (5.5%) were reported over 44 months (1 stroke per 53.3 patient-years).",Corrected — evidence-map descriptive statistic,Corrected SCD-associated MMS surgical outcome; nonconcurrent comparison.,Studies: 6; patients: 122,[MESCLADO 3 p. 1],"Cannot prove superiority over optimized transfusion from nonrandomized, overlapping cohorts. Low perioperative event rate versus delayed collateral development and evidence from small retrospective cohorts.",retain,,"Mostly indirect revascularization (EDAS, pial synangiosis, EMAS) added to chronic transfusion.",Chronic transfusion alone or preoperative event rate; largely nonconcurrent comparisons.,TRUE,TRUE,,TRUE,FALSE,FALSE,TRUE,Clinical events/safety,SCD-associated MMS,SCD-MMS: surgery + transfusion,Early ischemic stroke,Early/perioperative,Patient,Proportion,FALSE,FALSE,NOT_REQUIRED,,,,,,"Mostly indirect revascularization (EDAS, pial synangiosis, EMAS) added to chronic transfusion.",Chronic transfusion alone or preoperative event rate; largely nonconcurrent comparisons.,,,,,,,,,,,,Direction not prespecified,Not orientable,NR,NR,FALSE
E0223,R043,MOY-0166,Tier 1 — Core formal synthesis,Technique-specific/failure,Angiographic/technical success,STA-MCA Double-Barrel Bypass: A Systematic Review of Technique and Single-Arm Meta-Analysis of Outcomes,Patients undergoing double-barrel/double-anastomosis STA-MCA bypass; some reviews include non-MMD occlusive disease.,Two-anastomosis STA-MCA bypass.,Single anastomosis or no direct comparator; often single-arm.,Bypass patency,late/follow-up,NR,Studies: 34; patients: 408,pooled proportion,98%,96–100,NR,0%,As reported; verify event coding in source statement,[MESCLADO 3 p. 18],"Cannot infer superiority over single-barrel bypass from predominantly single-arm data. Greater flow/coverage versus longer, more complex surgery and potential hyperperfusion.",Critically low,High,Core clinical-surgical evidence table,Source-verified during final effect audit,"Do not pool across age, MMD/MMS, presentation, early/late horizon or patient/hemisphere/procedure units unless explicitly harmonized.",MOY-0166,Tier 1 — Core formal synthesis,STA-MCA Double-Barrel Bypass: A Systematic Review of Technique and Single-Arm Meta-Analysis of Outcomes,Yes,Critically low,High,,96,100,FALSE,FALSE,FALSE,,MIXED_UNSEP,C13,O11,T3,U07,EM_PROPORTION,DESCRIPTIVE_WITH_COMPARATOR,1,canonical,1,MIXED_UNSEP|C13|O11|T3|U07,MIXED_UNSEP|C13|O11|T3|U07|EM_PROPORTION,Moderate,TRUE,FALSE,review_profile,review_profile,keyword,long_term,mixed_or_unclear,proportion,,96,100,FALSE,FALSE,FALSE,,,,TRUE,TRUE,FALSE,MIXED_UNSEP|C13|O11|T3|U07,MIXED_UNSEP|C13|O11|T3|U07|EM_PROPORTION,Verified — manuscript-ready quantitative result,No,Source-confirmed pooled patency.,Additional quantitative result extracted from full text,The follow-up patency was 98% (95% CI: 96%- 100%;,No,Source-verified during final effect audit,Yes,Source-verified during final effect audit,Additional quantitative result extracted from full text,Yes,The follow-up patency was 98% (95% CI: 96%- 100%;,Verified — manuscript-ready quantitative result,Source-confirmed pooled patency.,Studies: 34; patients: 408,[MESCLADO 3 p. 18],"Cannot infer superiority over single-barrel bypass from predominantly single-arm data. Greater flow/coverage versus longer, more complex surgery and potential hyperperfusion.",retain,,Two-anastomosis STA-MCA bypass.,Single anastomosis or no direct comparator; often single-arm.,TRUE,TRUE,,TRUE,FALSE,FALSE,TRUE,Technical,Mixed/unseparated,Double-barrel vs benchmark,Bypass patency/capacity,Late/long-term,Mixed/unclear,Proportion,TRUE,FALSE,NOT_REQUIRED_AFTER_INITIAL_HARMONIZATION,,,,96,100,Two-anastomosis STA-MCA bypass.,Single anastomosis or no direct comparator; often single-arm.,,96,100,,,,,,,,,Direction not prespecified,Not orientable,NR,NR,FALSE
E0224,R044,MOY-0162,Tier 2 — Contextual formal synthesis/evidence map,Perioperative safety/risk,Seizure/epilepsy,"Seizures, Epilepsy, and Electroencephalography Findings in Pediatric Moyamoya Arteriopathy: A Scoping Review","Children with MMD/MMS undergoing direct, indirect or combined revascularization; selected reviews focus on epilepsy.","Indirect, direct or combined revascularization and subtécnicas.",Technique groups or pooled single-arm outcomes.,Epilepsy/seizure prevalence,NR,NR,Studies: NR; patients: Pediatric moyamoya seizure/EEG literature; denominator varies,range,9–19%,NR,NR,NR,As reported; verify event coding in source statement,[MESCLADO 3 p. 35],"Cannot declare a universal best technique across ages, vessel size, MMS etiology and outcomes. Technical vessel limitations and perioperative risk versus delayed collateralization and possible late failure.",Critically low,High,Evidence map only,Source-verified during final effect audit,"Do not pool across age, MMD/MMS, presentation, early/late horizon or patient/hemisphere/procedure units unless explicitly harmonized.",MOY-0162,Tier 2 — Contextual formal synthesis/evidence map,"Seizures, Epilepsy, and Electroencephalography Findings in Pediatric Moyamoya Arteriopathy: A Scoping Review",Yes,Critically low,High,,,,FALSE,FALSE,FALSE,,PED_MIX,C00,O09,T9,U07,EM_DESCRIPTIVE,DESCRIPTIVE,0,not_orientable,-1,PED_MIX|C00|O09|T9|U07,PED_MIX|C00|O09|T9|U07|EM_DESCRIPTIVE,Low,TRUE,FALSE,review_profile,review_profile,keyword,not_analytic,mixed_or_unclear,descriptive,C00 and O99 are operational noninferential codes and do not create new SAP comparisons/outcomes.,,,FALSE,FALSE,FALSE,,,,FALSE,TRUE,FALSE,PED_MIX|C00|O09|T9|U07,PED_MIX|C00|O09|T9|U07|EM_DESCRIPTIVE,Corrected — evidence-map descriptive statistic,Corrected from source,Range across heterogeneous reports; evidence-map prevalence only.,Additional quantitative result extracted from full text,"In the reviewed literature, 9% to 19% of children with moyamoya had epilepsy, with over half of the cases lacking radiographic evidence of ischemia.",No,Source-verified during final effect audit,Yes — descriptive only,Source-verified during final effect audit,Additional quantitative result extracted from full text,Yes — descriptive only,"In the reviewed literature, 9% to 19% of children with moyamoya had epilepsy, with over half of the cases lacking radiographic evidence of ischemia.",Corrected — evidence-map descriptive statistic,Range across heterogeneous reports; evidence-map prevalence only.,Studies: NR; patients: Pediatric moyamoya seizure/EEG literature; denominator varies,[MESCLADO 3 p. 35],"Cannot declare a universal best technique across ages, vessel size, MMS etiology and outcomes. Technical vessel limitations and perioperative risk versus delayed collateralization and possible late failure.",retain,,"Indirect, direct or combined revascularization and subtécnicas.",Technique groups or pooled single-arm outcomes.,TRUE,TRUE,,TRUE,FALSE,FALSE,TRUE,Clinical events/safety,Pediatric mixed MMD/MMS,No formal comparison,Postoperative seizure,Not reported/not analytic,Mixed/unclear,Descriptive,TRUE,FALSE,NOT_REQUIRED_AFTER_INITIAL_HARMONIZATION,,,,,,"Indirect, direct or combined revascularization and subtécnicas.",Technique groups or pooled single-arm outcomes.,,,,,,,,,,,,Direction not prespecified,Not orientable,NR,NR,FALSE
E0225,R044,MOY-0162,Tier 2 — Contextual formal synthesis/evidence map,Perioperative safety/risk,Seizure/epilepsy,"Seizures, Epilepsy, and Electroencephalography Findings in Pediatric Moyamoya Arteriopathy: A Scoping Review","Children with MMD/MMS undergoing direct, indirect or combined revascularization; selected reviews focus on epilepsy.","Indirect, direct or combined revascularization and subtécnicas.",Technique groups or pooled single-arm outcomes.,Epileptiform EEG discharges,late/follow-up,patient,Studies: NR; patients: Pediatric moyamoya seizure/EEG literature; denominator varies,range,3–67%,NR,NR,NR,As reported; verify event coding in source statement,[MESCLADO 3 p. 39],"Cannot declare a universal best technique across ages, vessel size, MMS etiology and outcomes. Technical vessel limitations and perioperative risk versus delayed collateralization and possible late failure.",Critically low,High,Evidence map only,Source-verified during final effect audit,"Do not pool across age, MMD/MMS, presentation, early/late horizon or patient/hemisphere/procedure units unless explicitly harmonized.",MOY-0162,Tier 2 — Contextual formal synthesis/evidence map,"Seizures, Epilepsy, and Electroencephalography Findings in Pediatric Moyamoya Arteriopathy: A Scoping Review",Yes,Critically low,High,,,,FALSE,FALSE,FALSE,,PED_MIX,C00,O09,T3,U01,EM_DESCRIPTIVE,DESCRIPTIVE,0,not_orientable,-1,PED_MIX|C00|O09|T3|U01,PED_MIX|C00|O09|T3|U01|EM_DESCRIPTIVE,Moderate,TRUE,FALSE,review_profile,review_profile,keyword,long_term,exact,descriptive,C00 and O99 are operational noninferential codes and do not create new SAP comparisons/outcomes.,,,FALSE,FALSE,FALSE,,,,FALSE,TRUE,FALSE,PED_MIX|C00|O09|T3|U01,PED_MIX|C00|O09|T3|U01|EM_DESCRIPTIVE,Corrected — evidence-map descriptive statistic,Corrected from source,Corrected to epileptiform EEG discharges.,Additional quantitative result extracted from full text,"EEG features: epileptiform activity The occurrence of epileptiform discharges varied widely among studies from 3% to 67%.6,7,22,43 Cho et al. found three of four patients with epileptiform activity to have Rolandic discharges during sleep, thought likely unrelated to the underlying moyamoya arterio- pathy.43 The fourth patient with epileptiform discharges had a corresponding ischemic infarction on neuroimaging.43 Another study demonstrated that all seven patients with ischemic strokes had corresponding epileptiform discharges and/or localized slow waves on EEG.6 EEG features: Rebuildup phenomenon The EEG of pediatric patients with moyamoya arteriopathy demonstrates a unique ﬁnding termed rebuildup.",No,Source-verified during final effect audit,Yes — descriptive only,Source-verified during final effect audit,Additional quantitative result extracted from full text,Yes — descriptive only,"EEG features: epileptiform activity The occurrence of epileptiform discharges varied widely among studies from 3% to 67%.6,7,22,43 Cho et al. found three of four patients with epileptiform activity to have Rolandic discharges during sleep, thought likely unrelated to the underlying moyamoya arterio- pathy.43 The fourth patient with epileptiform discharges had a corresponding ischemic infarction on neuroimaging.43 Another study demonstrated that all seven patients with ischemic strokes had corresponding epileptiform discharges and/or localized slow waves on EEG.6 EEG features: Rebuildup phenomenon The EEG of pediatric patients with moyamoya arteriopathy demonstrates a unique ﬁnding termed rebuildup.",Corrected — evidence-map descriptive statistic,Corrected to epileptiform EEG discharges.,Studies: NR; patients: Pediatric moyamoya seizure/EEG literature; denominator varies,[MESCLADO 3 p. 39],"Cannot declare a universal best technique across ages, vessel size, MMS etiology and outcomes. Technical vessel limitations and perioperative risk versus delayed collateralization and possible late failure.",retain,,"Indirect, direct or combined revascularization and subtécnicas.",Technique groups or pooled single-arm outcomes.,TRUE,TRUE,,TRUE,FALSE,FALSE,TRUE,Clinical events/safety,Pediatric mixed MMD/MMS,No formal comparison,Postoperative seizure,Late/long-term,Patient,Descriptive,TRUE,FALSE,NOT_REQUIRED_AFTER_INITIAL_HARMONIZATION,,,,,,"Indirect, direct or combined revascularization and subtécnicas.",Technique groups or pooled single-arm outcomes.,,,,,,,,,,,,Direction not prespecified,Not orientable,NR,NR,FALSE
E0226,R045,MOY-0150,Tier 1 — Core formal synthesis,Perioperative safety/risk,Prognostic factors,Risk Factors for Ischemic Stroke After Revascularization Surgery in Patients with Moyamoya Disease: An Age-Stratified Comparative Meta-Analysis,MMD patients undergoing revascularization; age-stratified in some reviews.,"Direct, indirect or combined revascularization.",Risk-factor strata and/or bypass types.,Preoperative ischemic stroke as predictor of postoperative stroke,NR,NR,Studies: 22; patients: NR,OR,2.59,1.69–4.54,<0.00001,NR,As reported; verify event coding in source statement,[MESCLADO 3 p. 46],Cannot causally attribute postoperative stroke to technique from unadjusted observational pooling. More aggressive/complex revascularization may improve late protection but increase early vulnerability.,Low,High,Core clinical-surgical evidence table,Source-verified during final effect audit,"Do not pool across age, MMD/MMS, presentation, early/late horizon or patient/hemisphere/procedure units unless explicitly harmonized.",MOY-0150,Tier 1 — Core formal synthesis,Risk Factors for Ischemic Stroke After Revascularization Surgery in Patients with Moyamoya Disease: An Age-Stratified Comparative Meta-Analysis,Yes,Low,High,2.59,1.69,4.54,TRUE,TRUE,FALSE,TRUE,MIXED_UNSEP,C00,O01,T9,U07,EM_OR,PROGNOSTIC,0,not_orientable,-1,MIXED_UNSEP|C00|O01|T9|U07,MIXED_UNSEP|C00|O01|T9|U07|EM_OR,Low,TRUE,FALSE,review_profile,no_authorized_comparison,keyword_horizon,not_analytic,mixed_or_unclear,exact,C00 and O99 are operational noninferential codes and do not create new SAP comparisons/outcomes.,1.69,4.54,TRUE,FALSE,TRUE,0.9516578757114463,,,FALSE,TRUE,FALSE,MIXED_UNSEP|C00|O01|T9|U07,MIXED_UNSEP|C00|O01|T9|U07|EM_OR,Corrected — manuscript-ready quantitative result,Corrected from source,CI restored.,Additional quantitative result extracted from full text,"Among both age groups, preoperative ischemic stroke (OR, 2.59;",No,Source-verified during final effect audit,Yes,Source-verified during final effect audit,Additional quantitative result extracted from full text,Yes,"Among both age groups, preoperative ischemic stroke (OR, 2.59;",Corrected — manuscript-ready quantitative result,CI restored.,Studies: 22; patients: NR,[MESCLADO 3 p. 46],Cannot causally attribute postoperative stroke to technique from unadjusted observational pooling. More aggressive/complex revascularization may improve late protection but increase early vulnerability.,retain,,"Direct, indirect or combined revascularization.",Risk-factor strata and/or bypass types.,TRUE,TRUE,,TRUE,FALSE,FALSE,TRUE,Clinical events/safety,Mixed/unseparated,No formal comparison,Early ischemic stroke,Not reported/not analytic,Mixed/unclear,OR,TRUE,FALSE,NOT_REQUIRED_AFTER_INITIAL_HARMONIZATION,,,2.59,1.69,4.54,"Direct, indirect or combined revascularization.",Risk-factor strata and/or bypass types.,2.59,1.69,4.54,0.9516578757114463,0.5247285289349821,1.5129270120532565,-0.9516578757114463,-0.5247285289349821,-1.5129270120532565,-1.5129270120532565,-0.5247285289349821,Precise harm,CI excludes null,OR 2.59 (1.69 to 4.54),OR 2.59 (1.69 to 4.54),FALSE
E0227,R046,MOY-0177,Tier 1 — Core formal synthesis,General revascularization/technique comparison,Ischemic/stroke events,The Efficacy of Surgical Treatment for the Secondary Prevention of Stroke in Symptomatic Moyamoya Disease: A Meta-Analysis,"Symptomatic MMD, often adults or mixed ages, undergoing direct, indirect or combined bypass.",Direct and/or combined bypass.,Indirect bypass and/or conservative treatment.,Secondary stroke: indirect versus direct bypass,early/perioperative,procedure/bypass,Studies: 16; patients: Denominators vary; hemorrhagic subgroup 610,OR,1.79,1.14–2.82,0.01,NR,As reported; verify event coding in source statement,[MESCLADO 3 p. 72],"Cannot produce a universal ranking across mixed phenotypes and outcomes. Immediate flow and robust collaterals versus technical complexity, perioperative ischemia/hemorrhage and hyperperfusion.",Critically low,High,Core clinical-surgical evidence table,Source-verified during final effect audit,"Do not pool across age, MMD/MMS, presentation, early/late horizon or patient/hemisphere/procedure units unless explicitly harmonized.",MOY-0177,Tier 1 — Core formal synthesis,The Efficacy of Surgical Treatment for the Secondary Prevention of Stroke in Symptomatic Moyamoya Disease: A Meta-Analysis,Yes,Critically low,High,1.79,1.14,2.82,TRUE,TRUE,FALSE,TRUE,MIXED_UNSEP,C02,O16,T3,U07,EM_OR,COMPARATIVE,-1,canonical,-1,MIXED_UNSEP|C02|O16|T3|U07,MIXED_UNSEP|C02|O16|T3|U07|EM_OR,Moderate,TRUE,FALSE,review_profile,text_rule,keyword_horizon,early,mixed_or_unclear,exact,,1.14,2.82,TRUE,FALSE,TRUE,0.5822156198526637,-0.5822156198526637,0.5822156198526637,TRUE,TRUE,TRUE,MIXED_UNSEP|C02|O16|T3|U07,MIXED_UNSEP|C02|O16|T3|U07|EM_OR,Corrected — manuscript-ready quantitative result,Corrected from source,CI restored.,Additional quantitative result extracted from full text,"Further analysis indicated that compared to direct bypass surgery, indirect bypass surgery had a lower efﬁcacy on sec- ondary stroke risk reduction (OR of 1.79, 95% CI, 1.14–2.82, P ¼ 0.01), while no signiﬁcant difference was detected for perioperative compli- cations.",No,Source-verified during final effect audit,Yes,Source-verified during final effect audit,Additional quantitative result extracted from full text,Yes,"Further analysis indicated that compared to direct bypass surgery, indirect bypass surgery had a lower efﬁcacy on sec- ondary stroke risk reduction (OR of 1.79, 95% CI, 1.14–2.82, P ¼ 0.01), while no signiﬁcant difference was detected for perioperative compli- cations.",Corrected — manuscript-ready quantitative result,CI restored.,Studies: 16; patients: Denominators vary; hemorrhagic subgroup 610,[MESCLADO 3 p. 72],"Cannot produce a universal ranking across mixed phenotypes and outcomes. Immediate flow and robust collaterals versus technical complexity, perioperative ischemia/hemorrhage and hyperperfusion.",retain,,Indirect bypass,Direct bypass,TRUE,TRUE,Reclassified as any/recurrent stroke or composite cerebrovascular event rather than ischemic or hemorrhagic stroke alone. Source defines recurrent stroke after >6 months and reports indirect versus direct bypass.,TRUE,TRUE,TRUE,TRUE,Clinical events/safety,Mixed/unseparated,Direct vs indirect,Any/recurrent stroke,Late/long-term,Mixed/unclear,OR,FALSE,FALSE,RESOLVED,Source reports secondary stroke as indirect versus direct OR 1.79 (1.14–2.82); canonical direct-versus-indirect display is reciprocated.,,1.79,1.14,2.82,Direct bypass,Indirect bypass,0.5586592178770949,0.3546099290780142,0.8771929824561404,-0.5822156198526637,-1.0367368849500223,-0.13102826240640403,0.5822156198526637,1.0367368849500223,0.13102826240640403,0.13102826240640403,1.0367368849500223,Precise benefit,CI excludes null,OR 0.56 (0.35 to 0.88),OR 1.79 (1.14 to 2.82),TRUE
E0235,R050,MOY-0190,Tier 2 — Contextual formal synthesis/evidence map,MMS/special etiologic phenotype,Ischemic/stroke events,When and why is surgical revascularization indicated for the treatment of moyamoya syndrome in patients with RASopathies? A systematic review of the literature and a single institute experience,Children with NF1/other RASopathies and MMS; institutional plus literature cases.,"Revascularization, often indirect or combined.",Descriptive/untreated context.,TIA or paresis at presentation,NR,patient,45 patients,proportion,24.8%,NR,NR,NR,As reported; verify event coding in source statement,[MESCLADO 3 p. 110],"Cannot define universal screening or timing threshold. Stroke prevention versus comorbidity, tumor/radiation context and uncertain natural history.",Critically low,High,Evidence map only,Source-verified during final effect audit,"Do not pool across age, MMD/MMS, presentation, early/late horizon or patient/hemisphere/procedure units unless explicitly harmonized.",MOY-0190,Tier 2 — Contextual formal synthesis/evidence map,When and why is surgical revascularization indicated for the treatment of moyamoya syndrome in patients with RASopathies? A systematic review of the literature and a single institute experience,Yes,Critically low,High,,,,FALSE,FALSE,FALSE,,MMS_OTHER,C00,O03,T9,U01,EM_PROPORTION,DESCRIPTIVE,0,not_orientable,-1,MMS_OTHER|C00|O03|T9|U01,MMS_OTHER|C00|O03|T9|U01|EM_PROPORTION,Moderate,TRUE,FALSE,review_profile,review_profile,keyword,not_analytic,exact,proportion,C00 and O99 are operational noninferential codes and do not create new SAP comparisons/outcomes.,,,FALSE,FALSE,FALSE,,,,FALSE,TRUE,FALSE,MMS_OTHER|C00|O03|T9|U01,MMS_OTHER|C00|O03|T9|U01|EM_PROPORTION,Corrected — evidence-map descriptive statistic,Corrected from source,Descriptive rare-syndrome phenotype.,Additional quantitative result extracted from full text,"The most common clinical symptoms lead- ing to MMS diagnosis were transient ischemic attacks (TIAs) or paresis (45 patients, corresponding to 24.8% of total), sei- zures (14 patients, corresponding to 7.7% of total), or head- ache (10 patients, corresponding to 5.5% of total).",No,Source-verified during final effect audit,Yes — descriptive only,Source-verified during final effect audit,Additional quantitative result extracted from full text,Yes — descriptive only,"The most common clinical symptoms lead- ing to MMS diagnosis were transient ischemic attacks (TIAs) or paresis (45 patients, corresponding to 24.8% of total), sei- zures (14 patients, corresponding to 7.7% of total), or head- ache (10 patients, corresponding to 5.5% of total).",Corrected — evidence-map descriptive statistic,Descriptive rare-syndrome phenotype.,45 patients,[MESCLADO 3 p. 110],"Cannot define universal screening or timing threshold. Stroke prevention versus comorbidity, tumor/radiation context and uncertain natural history.",retain,,"Revascularization, often indirect or combined.",Descriptive/untreated context.,TRUE,TRUE,,TRUE,FALSE,FALSE,TRUE,Clinical events/safety,Other MMS,No formal comparison,TIA,Not reported/not analytic,Patient,Proportion,TRUE,FALSE,NOT_REQUIRED_AFTER_INITIAL_HARMONIZATION,,,,,,"Revascularization, often indirect or combined.",Descriptive/untreated context.,,,,,,,,,,,,Direction not prespecified,Not orientable,NR,NR,FALSE
E0236,R050,MOY-0190,Tier 2 — Contextual formal synthesis/evidence map,MMS/special etiologic phenotype,Other,When and why is surgical revascularization indicated for the treatment of moyamoya syndrome in patients with RASopathies? A systematic review of the literature and a single institute experience,Children with NF1/other RASopathies and MMS; institutional plus literature cases.,"Revascularization, often indirect or combined.",Descriptive/untreated context.,Chronic cerebral ischemia,NR,patient,13/18 patients,proportion,72.2%,NR,NR,NR,As reported; verify event coding in source statement,[MESCLADO 3 p. 110],"Cannot define universal screening or timing threshold. Stroke prevention versus comorbidity, tumor/radiation context and uncertain natural history.",Critically low,High,Evidence map only,Source-verified during final effect audit,"Do not pool across age, MMD/MMS, presentation, early/late horizon or patient/hemisphere/procedure units unless explicitly harmonized.",MOY-0190,Tier 2 — Contextual formal synthesis/evidence map,When and why is surgical revascularization indicated for the treatment of moyamoya syndrome in patients with RASopathies? A systematic review of the literature and a single institute experience,Yes,Critically low,High,,,,FALSE,FALSE,FALSE,,MMS_OTHER,C00,O99,T9,U01,EM_PROPORTION,DESCRIPTIVE,0,not_orientable,0,MMS_OTHER|C00|O99|T9|U01,MMS_OTHER|C00|O99|T9|U01|EM_PROPORTION,Moderate,TRUE,FALSE,review_profile,review_profile,other_or_composite,not_analytic,exact,proportion,C00 and O99 are operational noninferential codes and do not create new SAP comparisons/outcomes.,,,FALSE,FALSE,FALSE,,,,FALSE,FALSE,FALSE,MMS_OTHER|C00|O99|T9|U01,MMS_OTHER|C00|O99|T9|U01|EM_PROPORTION,Corrected — evidence-map descriptive statistic,Corrected from source,Descriptive rare-syndrome phenotype.,Additional quantitative result extracted from full text,Thirteen patients (72% of total) presented with symptoms consistent with chronic cere- bral ischemia.,No,Source-verified during final effect audit,Yes — descriptive only,Source-verified during final effect audit,Additional quantitative result extracted from full text,Yes — descriptive only,Thirteen patients (72% of total) presented with symptoms consistent with chronic cere- bral ischemia.,Corrected — evidence-map descriptive statistic,Descriptive rare-syndrome phenotype.,13/18 patients,[MESCLADO 3 p. 110],"Cannot define universal screening or timing threshold. Stroke prevention versus comorbidity, tumor/radiation context and uncertain natural history.",retain,,"Revascularization, often indirect or combined.",Descriptive/untreated context.,TRUE,TRUE,,TRUE,FALSE,FALSE,TRUE,Other/composite,Other MMS,No formal comparison,Other/composite,Not reported/not analytic,Patient,Proportion,TRUE,FALSE,NOT_REQUIRED_AFTER_INITIAL_HARMONIZATION,,,,,,"Revascularization, often indirect or combined.",Descriptive/untreated context.,,,,,,,,,,,,Direction not prespecified,Not orientable,NR,NR,FALSE
E0237,R050,MOY-0190,Tier 2 — Contextual formal synthesis/evidence map,MMS/special etiologic phenotype,Patient-centered/functional,When and why is surgical revascularization indicated for the treatment of moyamoya syndrome in patients with RASopathies? A systematic review of the literature and a single institute experience,Children with NF1/other RASopathies and MMS; institutional plus literature cases.,"Revascularization, often indirect or combined.",Descriptive/untreated context.,Cognitive deficit,late/follow-up,patient,7/18 patients,proportion,38.9%,NR,NR,NR,As reported; verify event coding in source statement,[MESCLADO 3 p. 113],"Cannot define universal screening or timing threshold. Stroke prevention versus comorbidity, tumor/radiation context and uncertain natural history.",Critically low,High,Evidence map only,Source-verified during final effect audit,"Do not pool across age, MMD/MMS, presentation, early/late horizon or patient/hemisphere/procedure units unless explicitly harmonized.",MOY-0190,Tier 2 — Contextual formal synthesis/evidence map,When and why is surgical revascularization indicated for the treatment of moyamoya syndrome in patients with RASopathies? A systematic review of the literature and a single institute experience,Yes,Critically low,High,,,,FALSE,FALSE,FALSE,,MMS_OTHER,C00,O13,T3,U01,EM_PROPORTION,PATIENT_CENTERED_DESCRIPTIVE,0,not_orientable,0,MMS_OTHER|C00|O13|T3|U01,MMS_OTHER|C00|O13|T3|U01|EM_PROPORTION,High,FALSE,FALSE,review_profile,review_profile,keyword,long_term,exact,proportion,C00 and O99 are operational noninferential codes and do not create new SAP comparisons/outcomes.,,,FALSE,FALSE,FALSE,,,,FALSE,TRUE,FALSE,MMS_OTHER|C00|O13|T3|U01,MMS_OTHER|C00|O13|T3|U01|EM_PROPORTION,Corrected — evidence-map descriptive statistic,Corrected from source,Descriptive rare-syndrome phenotype.,Additional quantitative result extracted from full text,"At the time of diagnosis of arteriopathy, the cognitive def- icit was present in seven patients (39% of total), and in five of them, the intelligence quotient (IQ) score was stable during the follow-up.",No,Source-verified during final effect audit,Yes — descriptive only,Source-verified during final effect audit,Additional quantitative result extracted from full text,Yes — descriptive only,"At the time of diagnosis of arteriopathy, the cognitive def- icit was present in seven patients (39% of total), and in five of them, the intelligence quotient (IQ) score was stable during the follow-up.",Corrected — evidence-map descriptive statistic,Descriptive rare-syndrome phenotype.,7/18 patients,[MESCLADO 3 p. 113],"Cannot define universal screening or timing threshold. Stroke prevention versus comorbidity, tumor/radiation context and uncertain natural history.",retain,,"Revascularization, often indirect or combined.",Descriptive/untreated context.,TRUE,TRUE,,TRUE,FALSE,FALSE,TRUE,Patient-centered,Other MMS,No formal comparison,Cognition/neuropsychology,Late/long-term,Patient,Proportion,FALSE,FALSE,NOT_REQUIRED,,,,,,"Revascularization, often indirect or combined.",Descriptive/untreated context.,,,,,,,,,,,,Direction not prespecified,Not orientable,NR,NR,FALSE
E0238,R051,MOY-1141,Tier 2 — Contextual formal synthesis/evidence map,MMS/special etiologic phenotype,Ischemic/stroke events,Radiation-Induced Moyamoya Syndrome in Children with Brain Tumors: Case Series and Literature Review,Children with brain tumors who develop radiation-induced MMS; institutional and literature cases.,Revascularization.,Descriptive/observation.,Transient ischemic attack,late/follow-up,NR,2/6 patients,proportion,33.3%,NR,NR,NR,As reported; verify event coding in source statement,[MESCLADO 3 p. 123],"Cannot establish optimal screening interval or technique. Operative benefit versus prior radiation, tumor status and fragile tissues.",Critically low,High,Evidence map only,Source-verified during final effect audit,"Do not pool across age, MMD/MMS, presentation, early/late horizon or patient/hemisphere/procedure units unless explicitly harmonized.",MOY-1141,Tier 2 — Contextual formal synthesis/evidence map,Radiation-Induced Moyamoya Syndrome in Children with Brain Tumors: Case Series and Literature Review,Yes,Critically low,High,,,,FALSE,FALSE,FALSE,,MMS_OTHER,C00,O03,T3,U07,EM_PROPORTION,DESCRIPTIVE,0,not_orientable,-1,MMS_OTHER|C00|O03|T3|U07,MMS_OTHER|C00|O03|T3|U07|EM_PROPORTION,Moderate,TRUE,FALSE,review_profile,review_profile,keyword,long_term,mixed_or_unclear,proportion,C00 and O99 are operational noninferential codes and do not create new SAP comparisons/outcomes.,,,FALSE,FALSE,FALSE,,,,FALSE,TRUE,FALSE,MMS_OTHER|C00|O03|T3|U07,MMS_OTHER|C00|O03|T3|U07|EM_PROPORTION,Corrected — evidence-map descriptive statistic,Corrected from source,Descriptive rare-syndrome phenotype.,Additional quantitative result extracted from full text,"TIA-related symptoms were observed in only 2 cases (33%), whereas cerebral infarction or gliosis were found in 4 in- dividuals (66%).",No,Source-verified during final effect audit,Yes — descriptive only,Source-verified during final effect audit,Additional quantitative result extracted from full text,Yes — descriptive only,"TIA-related symptoms were observed in only 2 cases (33%), whereas cerebral infarction or gliosis were found in 4 in- dividuals (66%).",Corrected — evidence-map descriptive statistic,Descriptive rare-syndrome phenotype.,2/6 patients,[MESCLADO 3 p. 123],"Cannot establish optimal screening interval or technique. Operative benefit versus prior radiation, tumor status and fragile tissues.",retain,,Revascularization.,Descriptive/observation.,TRUE,TRUE,,TRUE,FALSE,FALSE,TRUE,Clinical events/safety,Other MMS,No formal comparison,TIA,Late/long-term,Mixed/unclear,Proportion,TRUE,FALSE,NOT_REQUIRED_AFTER_INITIAL_HARMONIZATION,,,,,,Revascularization.,Descriptive/observation.,,,,,,,,,,,,Direction not prespecified,Not orientable,NR,NR,FALSE
E0239,R051,MOY-1141,Tier 2 — Contextual formal synthesis/evidence map,MMS/special etiologic phenotype,Seizure/epilepsy,Radiation-Induced Moyamoya Syndrome in Children with Brain Tumors: Case Series and Literature Review,Children with brain tumors who develop radiation-induced MMS; institutional and literature cases.,Revascularization.,Descriptive/observation.,Seizure,NR,patient,1/6 patients,proportion,16.7%,NR,NR,NR,As reported; verify event coding in source statement,[MESCLADO 3 p. 123],"Cannot establish optimal screening interval or technique. Operative benefit versus prior radiation, tumor status and fragile tissues.",Critically low,High,Evidence map only,Source-verified during final effect audit,"Do not pool across age, MMD/MMS, presentation, early/late horizon or patient/hemisphere/procedure units unless explicitly harmonized.",MOY-1141,Tier 2 — Contextual formal synthesis/evidence map,Radiation-Induced Moyamoya Syndrome in Children with Brain Tumors: Case Series and Literature Review,Yes,Critically low,High,,,,FALSE,FALSE,FALSE,,MMS_OTHER,C00,O09,T9,U01,EM_PROPORTION,DESCRIPTIVE,0,not_orientable,-1,MMS_OTHER|C00|O09|T9|U01,MMS_OTHER|C00|O09|T9|U01|EM_PROPORTION,Moderate,TRUE,FALSE,review_profile,review_profile,keyword,not_analytic,exact,proportion,C00 and O99 are operational noninferential codes and do not create new SAP comparisons/outcomes.,,,FALSE,FALSE,FALSE,,,,FALSE,TRUE,FALSE,MMS_OTHER|C00|O09|T9|U01,MMS_OTHER|C00|O09|T9|U01|EM_PROPORTION,Corrected — evidence-map descriptive statistic,Corrected from source,Descriptive rare-syndrome phenotype.,Additional quantitative result extracted from full text,Only 1 patient had epileptic seizures at clinical onset (16%).,No,Source-verified during final effect audit,Yes — descriptive only,Source-verified during final effect audit,Additional quantitative result extracted from full text,Yes — descriptive only,Only 1 patient had epileptic seizures at clinical onset (16%).,Corrected — evidence-map descriptive statistic,Descriptive rare-syndrome phenotype.,1/6 patients,[MESCLADO 3 p. 123],"Cannot establish optimal screening interval or technique. Operative benefit versus prior radiation, tumor status and fragile tissues.",retain,,Revascularization.,Descriptive/observation.,TRUE,TRUE,,TRUE,FALSE,FALSE,TRUE,Clinical events/safety,Other MMS,No formal comparison,Postoperative seizure,Not reported/not analytic,Patient,Proportion,TRUE,FALSE,NOT_REQUIRED_AFTER_INITIAL_HARMONIZATION,,,,,,Revascularization.,Descriptive/observation.,,,,,,,,,,,,Direction not prespecified,Not orientable,NR,NR,FALSE
E0240,R052,MOY-0086,Tier 1 — Core formal synthesis,Technique-specific/failure,Angiographic/technical success,Failures in Revascularization for Pediatric Moyamoya Disease and Syndrome: A Scoping Review,"Children with MMD/MMS undergoing direct, indirect or combined revascularization; selected reviews focus on epilepsy.","Indirect, direct or combined revascularization and subtécnicas.",Technique groups or pooled single-arm outcomes.,Matsushima grade A collateralization,NR,hemisphere,442/900 hemispheres/procedures,proportion,49.1%,NR,NR,NR,As reported; verify event coding in source statement,[MESCLADO 3 p. 134],"Cannot declare a universal best technique across ages, vessel size, MMS etiology and outcomes. Technical vessel limitations and perioperative risk versus delayed collateralization and possible late failure.",Critically low,High,Core clinical-surgical evidence table,Source-verified during final effect audit,"Do not pool across age, MMD/MMS, presentation, early/late horizon or patient/hemisphere/procedure units unless explicitly harmonized.",MOY-0086,Tier 1 — Core formal synthesis,Failures in Revascularization for Pediatric Moyamoya Disease and Syndrome: A Scoping Review,Yes,Critically low,High,,,,FALSE,FALSE,FALSE,,PED_MIX,C00,O10,T9,U02,EM_PROPORTION,SURROGATE_DESCRIPTIVE,0,not_orientable,1,PED_MIX|C00|O10|T9|U02,PED_MIX|C00|O10|T9|U02|EM_PROPORTION,Moderate,TRUE,FALSE,review_profile,review_profile,keyword,not_analytic,exact,proportion,C00 and O99 are operational noninferential codes and do not create new SAP comparisons/outcomes.,,,FALSE,FALSE,FALSE,,,,FALSE,TRUE,FALSE,PED_MIX|C00|O10|T9|U02,PED_MIX|C00|O10|T9|U02|EM_PROPORTION,Verified — manuscript-ready quantitative result,No,Source-confirmed angiographic distribution.,Additional quantitative result extracted from full text,"Angiographic out- comes were reported for 900 hemispheres, of which 442 (49.1%) were denoted as Matsushima grade A, 299 (33.2%) as Matsushima grade B, and 159 (17.7%) as Matsushima grade C.",No,Source-verified during final effect audit,Yes,Source-verified during final effect audit,Additional quantitative result extracted from full text,Yes,"Angiographic out- comes were reported for 900 hemispheres, of which 442 (49.1%) were denoted as Matsushima grade A, 299 (33.2%) as Matsushima grade B, and 159 (17.7%) as Matsushima grade C.",Verified — manuscript-ready quantitative result,Source-confirmed angiographic distribution.,442/900 hemispheres/procedures,[MESCLADO 3 p. 134],"Cannot declare a universal best technique across ages, vessel size, MMS etiology and outcomes. Technical vessel limitations and perioperative risk versus delayed collateralization and possible late failure.",retain,,"Indirect, direct or combined revascularization and subtécnicas.",Technique groups or pooled single-arm outcomes.,TRUE,TRUE,,TRUE,FALSE,FALSE,TRUE,Angiographic,Pediatric mixed MMD/MMS,No formal comparison,Matsushima/collateralization,Not reported/not analytic,Hemisphere,Proportion,TRUE,FALSE,NOT_REQUIRED_AFTER_INITIAL_HARMONIZATION,,,,,,"Indirect, direct or combined revascularization and subtécnicas.",Technique groups or pooled single-arm outcomes.,,,,,,,,,,,,Direction not prespecified,Not orientable,NR,NR,FALSE
E0241,R053,MOY-0051,Tier 2 — Contextual formal synthesis/evidence map,General revascularization/technique comparison,Ischemic/stroke events,Clinical Usefulness of Genetic Testing For Patients with Moyamoya Disease: A Systematic Review,MMD patients with reported genetic variants.,Genetic testing; surgery is contextual.,Genotype strata.,TIA: RNF213 variant versus wild type,NR,NR,Studies: 12; patients: NR,proportion comparison,32.8% vs 22.2%,NR,NR,NR,As reported; verify event coding in source statement,[MESCLADO 3 p. 148],Cannot recommend universal testing or technique selection solely by genotype. Potential risk stratification versus uncertain actionability and ancestry-specific validity.,Critically low,High,Evidence map only,Source-verified during final effect audit,"Do not pool across age, MMD/MMS, presentation, early/late horizon or patient/hemisphere/procedure units unless explicitly harmonized.",MOY-0051,Tier 2 — Contextual formal synthesis/evidence map,Clinical Usefulness of Genetic Testing For Patients with Moyamoya Disease: A Systematic Review,Yes,Critically low,High,,,,FALSE,FALSE,FALSE,,MIXED_UNSEP,C00,O03,T9,U07,EM_PROPORTION,DESCRIPTIVE,0,not_orientable,-1,MIXED_UNSEP|C00|O03|T9|U07,MIXED_UNSEP|C00|O03|T9|U07|EM_PROPORTION,Low,TRUE,FALSE,review_profile,review_profile,keyword,not_analytic,mixed_or_unclear,proportion,C00 and O99 are operational noninferential codes and do not create new SAP comparisons/outcomes.,,,FALSE,FALSE,FALSE,,,,FALSE,TRUE,FALSE,MIXED_UNSEP|C00|O03|T9|U07,MIXED_UNSEP|C00|O03|T9|U07|EM_PROPORTION,Corrected — evidence-map descriptive statistic,Corrected from source,Single-study genotype comparison; evidence-map context.,Additional quantitative result extracted from full text,"Four studies examined presenting symptoms.17,22-24 One study17 determined that 32.8% of a combined group of heterozygotes and homozygotes for the p.4810K variant presented with transient ischemic attacks compared with 22.2% of the wild-type group.",No,Source-verified during final effect audit,Yes — descriptive only,Source-verified during final effect audit,Additional quantitative result extracted from full text,Yes — descriptive only,"Four studies examined presenting symptoms.17,22-24 One study17 determined that 32.8% of a combined group of heterozygotes and homozygotes for the p.4810K variant presented with transient ischemic attacks compared with 22.2% of the wild-type group.",Corrected — evidence-map descriptive statistic,Single-study genotype comparison; evidence-map context.,Studies: 12; patients: NR,[MESCLADO 3 p. 148],Cannot recommend universal testing or technique selection solely by genotype. Potential risk stratification versus uncertain actionability and ancestry-specific validity.,retain,,Genetic testing; surgery is contextual.,Genotype strata.,TRUE,TRUE,,TRUE,FALSE,FALSE,TRUE,Clinical events/safety,Mixed/unseparated,No formal comparison,TIA,Not reported/not analytic,Mixed/unclear,Proportion,TRUE,FALSE,NOT_REQUIRED_AFTER_INITIAL_HARMONIZATION,,,,,,Genetic testing; surgery is contextual.,Genotype strata.,,,,,,,,,,,,Direction not prespecified,Not orientable,NR,NR,FALSE
E0243,R054,MOY-0034,Tier 1 — Core formal synthesis,Medical/perioperative adjunct,Angiographic/technical success,Benefits and risks of antiplatelet therapy after bypass surgery for moyamoya disease: A meta-analysis,"MMD patients receiving antiplatelet therapy, including nonsurgical and post-bypass settings.","Aspirin or other antiplatelet therapy, sometimes cilostazol.",No antiplatelet or alternative antiplatelet.,Bypass patency,late/follow-up,procedure/bypass,Studies: 5; patients: 903 (480 APT; 423 no APT),OR,2.58,1.51–4.43,0.0006,18%,As reported; verify event coding in source statement,[MESCLADO 3 p. 158],Cannot replace revascularization or prove stroke-prevention efficacy from observational data. Potential thromboembolic protection versus hemorrhagic concern and confounding by indication.,Low,High,Core clinical-surgical evidence table,Source-verified during final effect audit,"Do not pool across age, MMD/MMS, presentation, early/late horizon or patient/hemisphere/procedure units unless explicitly harmonized.",MOY-0034,Tier 1 — Core formal synthesis,Benefits and risks of antiplatelet therapy after bypass surgery for moyamoya disease: A meta-analysis,Yes,Low,High,2.58,1.51,4.43,TRUE,TRUE,FALSE,TRUE,MIXED_UNSEP,C09,O11,T3,U07,EM_OR,COMPARATIVE,1,canonical,1,MIXED_UNSEP|C09|O11|T3|U07,MIXED_UNSEP|C09|O11|T3|U07|EM_OR,Moderate,TRUE,FALSE,review_profile,review_profile,keyword,long_term,mixed_or_unclear,exact,,1.51,4.43,TRUE,FALSE,TRUE,0.9477893989335261,0.9477893989335261,0.9477893989335261,TRUE,TRUE,TRUE,MIXED_UNSEP|C09|O11|T3|U07,MIXED_UNSEP|C09|O11|T3|U07|EM_OR,Corrected — manuscript-ready quantitative result,Corrected from source,Corrected to bypass patency effect.,Additional quantitative result extracted from full text,"Outcome studies group Overall effect Heterogeneity ATP NO ATP Effect estimate 95 %CI P-Value I2(%) P-Value Bypass patency 5 350/380 300/342 OR,2.58 1.51–4.43 0.0006 18 0.30 Improve functional outcomes 3 209/287 157/304 OR,1.88 1.29–2.74 0.001 0 0.77 TIA 3 33/287 38/304 OR,0.55 0.32–0.95 0.03 49 0.14 Ischemia stroke 4 25/339 30/326 OR,0.89 0.49–1.63 0.72 0 0.81 seizure 3 13/287 10/304 OR,1.43 0.61–3.37 0.41 0 0.54 Cerebral hemorrhage 4 9/339 13/326 OR,0.69 0.28–1.71 0.42 0 0.93 APT: antiplate treatment.",No,Source-verified during final effect audit,Yes,Source-verified during final effect audit,Additional quantitative result extracted from full text,Yes,"Outcome studies group Overall effect Heterogeneity ATP NO ATP Effect estimate 95 %CI P-Value I2(%) P-Value Bypass patency 5 350/380 300/342 OR,2.58 1.51–4.43 0.0006 18 0.30 Improve functional outcomes 3 209/287 157/304 OR,1.88 1.29–2.74 0.001 0 0.77 TIA 3 33/287 38/304 OR,0.55 0.32–0.95 0.03 49 0.14 Ischemia stroke 4 25/339 30/326 OR,0.89 0.49–1.63 0.72 0 0.81 seizure 3 13/287 10/304 OR,1.43 0.61–3.37 0.41 0 0.54 Cerebral hemorrhage 4 9/339 13/326 OR,0.69 0.28–1.71 0.42 0 0.93 APT: antiplate treatment.",Corrected — manuscript-ready quantitative result,Corrected to bypass patency effect.,Studies: 5; patients: 903 (480 APT; 423 no APT),[MESCLADO 3 p. 158],Cannot replace revascularization or prove stroke-prevention efficacy from observational data. Potential thromboembolic protection versus hemorrhagic concern and confounding by indication.,retain,,"Aspirin or other antiplatelet therapy, sometimes cilostazol.",No antiplatelet or alternative antiplatelet.,TRUE,TRUE,,TRUE,TRUE,TRUE,TRUE,Technical,Mixed/unseparated,Antiplatelet vs none/alternative,Bypass patency/capacity,Late/long-term,Mixed/unclear,OR,FALSE,FALSE,RESOLVED,"Exact manuscript-ready estimate, comparator context, and PDF locator rechecked; residual flags reflected evidence heterogeneity/units/horizon rather than unresolved extraction.",,2.58,1.51,4.43,"Aspirin or other antiplatelet therapy, sometimes cilostazol.",No antiplatelet or alternative antiplatelet.,2.58,1.51,4.43,0.9477893989335261,0.412109650826833,1.4883995840570443,0.9477893989335261,0.412109650826833,1.4883995840570443,0.412109650826833,1.4883995840570443,Precise benefit,CI excludes null,OR 2.58 (1.51 to 4.43),OR 2.58 (1.51 to 4.43),FALSE
E0244,R055,MOY-0032,Tier 2 — Contextual formal synthesis/evidence map,MMS/special etiologic phenotype,Ischemic/stroke events,Association of moyamoya vasculopathy with autoimmune disease: a systematic review and pooled analysis,MMS with autoimmune disease or antiphospholipid antibody/APS positivity.,Medical immunologic/antithrombotic therapy and revascularization.,Descriptive treatment groups; strong selection bias.,Ischemic among stroke presentations,NR,patient,131/148 stroke cases,proportion,88.5%,NR,NR,NR,As reported; verify event coding in source statement,[MESCLADO 3 p. 165],Cannot infer combined-bypass superiority from uncontrolled case aggregation. Ischemic prevention versus hemorrhage/antithrombotic risk and active systemic disease.,Critically low,High,Evidence map only,Source-verified during final effect audit,"Do not pool across age, MMD/MMS, presentation, early/late horizon or patient/hemisphere/procedure units unless explicitly harmonized.",MOY-0032,Tier 2 — Contextual formal synthesis/evidence map,Association of moyamoya vasculopathy with autoimmune disease: a systematic review and pooled analysis,Yes,Critically low,High,,,,FALSE,FALSE,FALSE,,MMS_OTHER,C00,O02,T9,U01,EM_PROPORTION,DESCRIPTIVE,0,not_orientable,-1,MMS_OTHER|C00|O02|T9|U01,MMS_OTHER|C00|O02|T9|U01|EM_PROPORTION,Moderate,TRUE,FALSE,review_profile,review_profile,keyword,not_analytic,exact,proportion,C00 and O99 are operational noninferential codes and do not create new SAP comparisons/outcomes.,,,FALSE,FALSE,FALSE,,,,FALSE,TRUE,FALSE,MMS_OTHER|C00|O02|T9|U01,MMS_OTHER|C00|O02|T9|U01|EM_PROPORTION,Corrected — evidence-map descriptive statistic,Corrected from source,Descriptive stroke subtype distribution.,Additional quantitative result extracted from full text,"Of the 148 patients who presented with stroke, 88.5% of cases (n = 131) were ischemic.",No,Source-verified during final effect audit,Yes — descriptive only,Source-verified during final effect audit,Additional quantitative result extracted from full text,Yes — descriptive only,"Of the 148 patients who presented with stroke, 88.5% of cases (n = 131) were ischemic.",Corrected — evidence-map descriptive statistic,Descriptive stroke subtype distribution.,131/148 stroke cases,[MESCLADO 3 p. 165],Cannot infer combined-bypass superiority from uncontrolled case aggregation. Ischemic prevention versus hemorrhage/antithrombotic risk and active systemic disease.,retain,,Medical immunologic/antithrombotic therapy and revascularization.,Descriptive treatment groups; strong selection bias.,TRUE,TRUE,,TRUE,FALSE,FALSE,TRUE,Clinical events/safety,Other MMS,No formal comparison,Late ischemic stroke,Not reported/not analytic,Patient,Proportion,TRUE,FALSE,NOT_REQUIRED_AFTER_INITIAL_HARMONIZATION,,,,,,Medical immunologic/antithrombotic therapy and revascularization.,Descriptive treatment groups; strong selection bias.,,,,,,,,,,,,Direction not prespecified,Not orientable,NR,NR,FALSE
E0245,R058,MOY-0134,Tier 1 — Core formal synthesis,Perioperative safety/risk,Ischemic/stroke events,Perioperative Complications and Long-Term Outcomes After Bypasses in Adults with Moyamoya Disease: A Systematic Review and Meta-Analysis,"Symptomatic MMD, often adults or mixed ages, undergoing direct, indirect or combined bypass.",Direct and/or combined bypass.,Indirect bypass and/or conservative treatment.,Long-term ischemic events: direct versus combined bypass,late/follow-up,procedure/bypass,Studies: 47; patients: NR,OR,0.47,0.31–0.72,NR,NR,As reported; verify event coding in source statement,[MESCLADO 3 p. 193],"Cannot produce a universal ranking across mixed phenotypes and outcomes. Immediate flow and robust collaterals versus technical complexity, perioperative ischemia/hemorrhage and hyperperfusion.",Critically low,High,Core clinical-surgical evidence table,Source-verified during final effect audit,"Do not pool across age, MMD/MMS, presentation, early/late horizon or patient/hemisphere/procedure units unless explicitly harmonized.",MOY-0134,Tier 1 — Core formal synthesis,Perioperative Complications and Long-Term Outcomes After Bypasses in Adults with Moyamoya Disease: A Systematic Review and Meta-Analysis,Yes,Critically low,High,0.47,0.31,0.72,TRUE,TRUE,FALSE,TRUE,ADULT_MIX,C01,O02,T3,U07,EM_OR,COMPARATIVE,1,canonical,-1,ADULT_MIX|C01|O02|T3|U07,ADULT_MIX|C01|O02|T3|U07|EM_OR,High,FALSE,FALSE,review_profile,text_rule,keyword,long_term,mixed_or_unclear,exact,,0.31,0.72,TRUE,FALSE,TRUE,-0.7550225842780328,-0.7550225842780328,0.7550225842780328,TRUE,TRUE,TRUE,ADULT_MIX|C01|O02|T3|U07,ADULT_MIX|C01|O02|T3|U07|EM_OR,Corrected — manuscript-ready quantitative result,Corrected from source,CI restored.,Additional quantitative result extracted from full text,"95% CI, 0.31e0.72) bypasses in preventing long-term ischemia.",No,Source-verified during final effect audit,Yes,Source-verified during final effect audit,Additional quantitative result extracted from full text,Yes,"95% CI, 0.31e0.72) bypasses in preventing long-term ischemia.",Corrected — manuscript-ready quantitative result,CI restored.,Studies: 47; patients: NR,[MESCLADO 3 p. 193],"Cannot produce a universal ranking across mixed phenotypes and outcomes. Immediate flow and robust collaterals versus technical complexity, perioperative ischemia/hemorrhage and hyperperfusion.",exclude_duplicate,E0109,Direct and/or combined bypass.,Indirect bypass and/or conservative treatment.,FALSE,FALSE,Duplicate representation of the same review-level result; retain E0109.,TRUE,TRUE,FALSE,FALSE,Clinical events/safety,Adult mixed,Surgery vs conservative,Late ischemic stroke,Late/long-term,Mixed/unclear,OR,FALSE,FALSE,NOT_REQUIRED,,,0.47,0.31,0.72,Direct and/or combined bypass.,Indirect bypass and/or conservative treatment.,0.47,0.31,0.72,-0.7550225842780328,-1.171182981502945,-0.3285040669720361,0.7550225842780328,1.171182981502945,0.3285040669720361,0.3285040669720361,1.171182981502945,Precise benefit,CI excludes null,OR 0.47 (0.31 to 0.72),OR 0.47 (0.31 to 0.72),FALSE
E0247,R060,MOY-0020,Tier 1 — Core formal synthesis,Angiography/hemodynamics/monitoring,Angiographic/technical success,Angiographic outcomes after indirect revascularization in pediatric Moyamoya disease: a systematic review and meta-analysis,"Children with MMD/MMS undergoing direct, indirect or combined revascularization; selected reviews focus on epilepsy.","Indirect, direct or combined revascularization and subtécnicas.",Technique groups or pooled single-arm outcomes.,Matsushima grade A,NR,hemisphere,Studies: 17; patients: NR,pooled proportion,47.1%,38.4–55.9,NR,84.4%,As reported; verify event coding in source statement,[MESCLADO 3 p. 212],"Cannot declare a universal best technique across ages, vessel size, MMS etiology and outcomes. Technical vessel limitations and perioperative risk versus delayed collateralization and possible late failure.",Low,Unclear,Core clinical-surgical evidence table,Source-verified during final effect audit,"Do not pool across age, MMD/MMS, presentation, early/late horizon or patient/hemisphere/procedure units unless explicitly harmonized.",MOY-0020,Tier 1 — Core formal synthesis,Angiographic outcomes after indirect revascularization in pediatric Moyamoya disease: a systematic review and meta-analysis,Yes,Low,Unclear,,38.4,55.9,FALSE,FALSE,FALSE,,PED_MIX,C12,O10,T9,U02,EM_PROPORTION,DESCRIPTIVE_WITH_COMPARATOR,0,not_orientable,1,PED_MIX|C12|O10|T9|U02,PED_MIX|C12|O10|T9|U02|EM_PROPORTION,High,FALSE,FALSE,review_profile,review_profile,keyword,not_analytic,exact,proportion,,38.4,55.9,FALSE,FALSE,FALSE,,,,TRUE,TRUE,FALSE,PED_MIX|C12|O10|T9|U02,PED_MIX|C12|O10|T9|U02|EM_PROPORTION,Verified — manuscript-ready quantitative result,No,Source-confirmed pooled Matsushima A; high heterogeneity.,Additional quantitative result extracted from full text,"The combined proportions of hemispheres achieving Matsushima grades A, B and C were 47.1% (95% CI: 38.4–55.9;",No,Source-verified during final effect audit,Yes,Source-verified during final effect audit,Additional quantitative result extracted from full text,Yes,"The combined proportions of hemispheres achieving Matsushima grades A, B and C were 47.1% (95% CI: 38.4–55.9;",Verified — manuscript-ready quantitative result,Source-confirmed pooled Matsushima A; high heterogeneity.,Studies: 17; patients: NR,[MESCLADO 3 p. 212],"Cannot declare a universal best technique across ages, vessel size, MMS etiology and outcomes. Technical vessel limitations and perioperative risk versus delayed collateralization and possible late failure.",retain,,"Indirect, direct or combined revascularization and subtécnicas.",Technique groups or pooled single-arm outcomes.,TRUE,TRUE,,TRUE,FALSE,FALSE,TRUE,Angiographic,Pediatric mixed MMD/MMS,Indirect technique subtypes,Matsushima/collateralization,Not reported/not analytic,Hemisphere,Proportion,FALSE,FALSE,NOT_REQUIRED,,,,38.4,55.9,"Indirect, direct or combined revascularization and subtécnicas.",Technique groups or pooled single-arm outcomes.,,38.4,55.9,,,,,,,,,Direction not prespecified,Not orientable,NR,NR,FALSE
E0248,R061,MOY-0120,Tier 2 — Contextual formal synthesis/evidence map,General revascularization/technique comparison,Other,Moyamoya disease in Latin America: A systematic literature review with an illustrative case,"MMD/MMA cases from an under-represented region, often with an illustrative institutional case.","Medical and surgical management, mainly indirect revascularization in reported cases.","Descriptive, no reliable concurrent comparator.",Clinical presentation in Latin America,NR,NR,47 patients,distribution,Ischemic 78%; hemorrhagic 22%,NR,NR,NR,As reported; verify event coding in source statement,[MESCLADO 4 p. 1],Cannot infer regional treatment superiority or epidemiology from published cases. Apparent favorable surgical outcomes versus severe publication/selection bias and sparse follow-up.,Critically low,Unclear,Evidence map only,Source-verified during final effect audit,"Do not pool across age, MMD/MMS, presentation, early/late horizon or patient/hemisphere/procedure units unless explicitly harmonized.",MOY-0120,Tier 2 — Contextual formal synthesis/evidence map,Moyamoya disease in Latin America: A systematic literature review with an illustrative case,Yes,Critically low,Unclear,,,,FALSE,FALSE,FALSE,,MIXED_UNSEP,C00,O99,T9,U07,EM_DESCRIPTIVE,DESCRIPTIVE,0,not_orientable,0,MIXED_UNSEP|C00|O99|T9|U07,MIXED_UNSEP|C00|O99|T9|U07|EM_DESCRIPTIVE,Low,TRUE,FALSE,review_profile,review_profile,other_or_composite,not_analytic,mixed_or_unclear,descriptive,C00 and O99 are operational noninferential codes and do not create new SAP comparisons/outcomes.,,,FALSE,FALSE,FALSE,,,,FALSE,FALSE,FALSE,MIXED_UNSEP|C00|O99|T9|U07,MIXED_UNSEP|C00|O99|T9|U07|EM_DESCRIPTIVE,Corrected — evidence-map descriptive statistic,Corrected from source,Latin-American descriptive review; denominator follows 47-case table/abstract; narrative has 32-versus-47 inconsistency.,Additional quantitative result extracted from full text,"Ischemic strokes were the most frequent presentation (78%), followed by hemorrhagic events (22%).",No,Source-verified during final effect audit,Yes — descriptive only,Source-verified during final effect audit,Additional quantitative result extracted from full text,Yes — descriptive only,"Ischemic strokes were the most frequent presentation (78%), followed by hemorrhagic events (22%).",Corrected — evidence-map descriptive statistic,Latin-American descriptive review; denominator follows 47-case table/abstract; narrative has 32-versus-47 inconsistency.,47 patients,[MESCLADO 4 p. 1],Cannot infer regional treatment superiority or epidemiology from published cases. Apparent favorable surgical outcomes versus severe publication/selection bias and sparse follow-up.,retain,,"Medical and surgical management, mainly indirect revascularization in reported cases.","Descriptive, no reliable concurrent comparator.",TRUE,TRUE,,TRUE,FALSE,FALSE,TRUE,Other/composite,Mixed/unseparated,No formal comparison,Other/composite,Not reported/not analytic,Mixed/unclear,Descriptive,TRUE,FALSE,NOT_REQUIRED_AFTER_INITIAL_HARMONIZATION,,,,,,"Medical and surgical management, mainly indirect revascularization in reported cases.","Descriptive, no reliable concurrent comparator.",,,,,,,,,,,,Direction not prespecified,Not orientable,NR,NR,FALSE
E0249,R062,MOY-0102,Tier 2 — Contextual formal synthesis/evidence map,MMS/special etiologic phenotype,Mortality,"Intersecting Pathways: Moyamoya Syndrome and Antiphospholipid Antibodies-A Comprehensive Review of Clinical Insights, Therapeutic Considerations and Prospective Perspectives",MMS with autoimmune disease or antiphospholipid antibody/APS positivity.,Medical immunologic/antithrombotic therapy and revascularization.,Descriptive treatment groups; strong selection bias.,Mortality,late/follow-up,patient,2/12 patients,proportion,16.7%,NR,NR,NR,As reported; verify event coding in source statement,[MESCLADO 4 p. 16],Cannot infer combined-bypass superiority from uncontrolled case aggregation. Ischemic prevention versus hemorrhage/antithrombotic risk and active systemic disease.,Critically low,High,Evidence map only,Source-verified during final effect audit,"Do not pool across age, MMD/MMS, presentation, early/late horizon or patient/hemisphere/procedure units unless explicitly harmonized.",MOY-0102,Tier 2 — Contextual formal synthesis/evidence map,"Intersecting Pathways: Moyamoya Syndrome and Antiphospholipid Antibodies-A Comprehensive Review of Clinical Insights, Therapeutic Considerations and Prospective Perspectives",Yes,Critically low,High,,,,FALSE,FALSE,FALSE,,MMS_OTHER,C00,O07,T3,U01,EM_PROPORTION,DESCRIPTIVE,0,not_orientable,-1,MMS_OTHER|C00|O07|T3|U01,MMS_OTHER|C00|O07|T3|U01|EM_PROPORTION,High,FALSE,FALSE,review_profile,review_profile,keyword,long_term,exact,proportion,C00 and O99 are operational noninferential codes and do not create new SAP comparisons/outcomes.,,,FALSE,FALSE,FALSE,,,,FALSE,TRUE,FALSE,MMS_OTHER|C00|O07|T3|U01,MMS_OTHER|C00|O07|T3|U01|EM_PROPORTION,Corrected — evidence-map descriptive statistic,Corrected from source,Descriptive mortality in APS-associated moyamoya syndrome.,Additional quantitative result extracted from full text,"However, new thrombotic events were observed in three patients (25%), new haemorrhagic complications in two patients (16.7%), and mortality reported in two cases (16.7%), including one due to haemor- rhage and one related to warfarin overdose.",No,Source-verified during final effect audit,Yes — descriptive only,Source-verified during final effect audit,Additional quantitative result extracted from full text,Yes — descriptive only,"However, new thrombotic events were observed in three patients (25%), new haemorrhagic complications in two patients (16.7%), and mortality reported in two cases (16.7%), including one due to haemor- rhage and one related to warfarin overdose.",Corrected — evidence-map descriptive statistic,Descriptive mortality in APS-associated moyamoya syndrome.,2/12 patients,[MESCLADO 4 p. 16],Cannot infer combined-bypass superiority from uncontrolled case aggregation. Ischemic prevention versus hemorrhage/antithrombotic risk and active systemic disease.,retain,,Medical immunologic/antithrombotic therapy and revascularization.,Descriptive treatment groups; strong selection bias.,TRUE,TRUE,,TRUE,FALSE,FALSE,TRUE,Clinical events/safety,Other MMS,No formal comparison,Mortality,Late/long-term,Patient,Proportion,FALSE,FALSE,NOT_REQUIRED,,,,,,Medical immunologic/antithrombotic therapy and revascularization.,Descriptive treatment groups; strong selection bias.,,,,,,,,,,,,Direction not prespecified,Not orientable,NR,NR,FALSE
E0253,R064,MOY-0152,Tier 1 — Core formal synthesis,Perioperative safety/risk,Prognostic factors,Risk factors for postoperative stroke in adult patients with moyamoya disease: a systematic review with meta-analysis,MMD patients undergoing revascularization; age-stratified in some reviews.,"Direct, indirect or combined revascularization.",Risk-factor strata and/or bypass types.,Diabetes as predictor of postoperative stroke,early/perioperative,patient,"Studies: 8; patients: 1,649",OR,4.02,1.59–10.16,0.003,NR,As reported; verify event coding in source statement,[MESCLADO 4 p. 25],Cannot causally attribute postoperative stroke to technique from unadjusted observational pooling. More aggressive/complex revascularization may improve late protection but increase early vulnerability.,Critically low,Unclear,Core clinical-surgical evidence table,Source-verified during final effect audit,"Do not pool across age, MMD/MMS, presentation, early/late horizon or patient/hemisphere/procedure units unless explicitly harmonized.",MOY-0152,Tier 1 — Core formal synthesis,Risk factors for postoperative stroke in adult patients with moyamoya disease: a systematic review with meta-analysis,Yes,Critically low,Unclear,4.02,1.59,10.16,TRUE,TRUE,FALSE,TRUE,ADULT_MIX,C00,O01,T1,U01,EM_OR,PROGNOSTIC,0,not_orientable,-1,ADULT_MIX|C00|O01|T1|U01,ADULT_MIX|C00|O01|T1|U01|EM_OR,High,FALSE,FALSE,review_profile,no_authorized_comparison,risk_review_target,early,exact,exact,C00 and O99 are operational noninferential codes and do not create new SAP comparisons/outcomes.,1.59,10.16,TRUE,FALSE,TRUE,1.3912819026309295,,,FALSE,TRUE,FALSE,ADULT_MIX|C00|O01|T1|U01,ADULT_MIX|C00|O01|T1|U01|EM_OR,Corrected — manuscript-ready quantitative result,Corrected from source,CI restored.,Additional quantitative result extracted from full text,"MMD patients with diabetes were associated with an increased risk of postoperative stroke events (OR = 4.02, 95% CI = 1.59–10.16; p = 0.003).",No,Source-verified during final effect audit,Yes,Source-verified during final effect audit,Additional quantitative result extracted from full text,Yes,"MMD patients with diabetes were associated with an increased risk of postoperative stroke events (OR = 4.02, 95% CI = 1.59–10.16; p = 0.003).",Corrected — manuscript-ready quantitative result,CI restored.,"Studies: 8; patients: 1,649",[MESCLADO 4 p. 25],Cannot causally attribute postoperative stroke to technique from unadjusted observational pooling. More aggressive/complex revascularization may improve late protection but increase early vulnerability.,retain,,"Direct, indirect or combined revascularization.",Risk-factor strata and/or bypass types.,TRUE,TRUE,,TRUE,FALSE,FALSE,TRUE,Clinical events/safety,Adult mixed,No formal comparison,Early ischemic stroke,Early/perioperative,Patient,OR,FALSE,FALSE,NOT_REQUIRED,,,4.02,1.59,10.16,"Direct, indirect or combined revascularization.",Risk-factor strata and/or bypass types.,4.02,1.59,10.16,1.3912819026309295,0.4637340162321402,2.318458442150336,-1.3912819026309295,-0.4637340162321402,-2.318458442150336,-2.318458442150336,-0.4637340162321402,Precise harm,CI excludes null,OR 4.02 (1.59 to 10.16),OR 4.02 (1.59 to 10.16),FALSE
E0254,R065,MOY-0123,Tier 1 — Core formal synthesis,Cognition/patient-centered outcomes,Patient-centered/functional,Moyamoya disease: functional and neurocognitive outcomes in the pediatric and adult populations,"Children and/or adults with MMD/MMV, sometimes mixed with atherosclerotic steno-occlusive disease.",Revascularization or observational cognitive assessment.,"Pre/post surgery, healthy controls, or nonsurgical groups.",Verbal memory dysfunction,NR,patient,29 adults,proportion,31%,NR,NR,NR,Overall memory score approximately 1.1 SD below normative mean.,[MESCLADO 4 p. 36],Cannot equate improved perfusion/angiography with meaningful cognitive benefit. Potential cognitive preservation versus surgical risk and uncertain measurement sensitivity.,Critically low,High,Evidence map only,Source-verified during final effect audit,"Do not pool across age, MMD/MMS, presentation, early/late horizon or patient/hemisphere/procedure units unless explicitly harmonized.",MOY-0123,Tier 1 — Core formal synthesis,Moyamoya disease: functional and neurocognitive outcomes in the pediatric and adult populations,Yes,Critically low,High,,,,FALSE,FALSE,FALSE,,MIXED_UNSEP,C00,O13,T9,U01,EM_PROPORTION,PATIENT_CENTERED_DESCRIPTIVE,0,not_orientable,0,MIXED_UNSEP|C00|O13|T9|U01,MIXED_UNSEP|C00|O13|T9|U01|EM_PROPORTION,Moderate,TRUE,FALSE,review_profile,review_profile,keyword,not_analytic,exact,proportion,C00 and O99 are operational noninferential codes and do not create new SAP comparisons/outcomes.,,,FALSE,FALSE,FALSE,,,,FALSE,TRUE,FALSE,MIXED_UNSEP|C00|O13|T9|U01,MIXED_UNSEP|C00|O13|T9|U01|EM_PROPORTION,Corrected — evidence-map descriptive statistic,Corrected from source,Descriptive neuropsychological result; not treatment effect.,Additional quantitative result extracted from full text,"At initial presentation, 31% of patients showed verbal memory dysfunction on the delayed list re- call test.",No,Source-verified during final effect audit,Yes — descriptive only,Source-verified during final effect audit,Additional quantitative result extracted from full text,Yes — descriptive only,"At initial presentation, 31% of patients showed verbal memory dysfunction on the delayed list re- call test.",Corrected — evidence-map descriptive statistic,Descriptive neuropsychological result; not treatment effect.,29 adults,[MESCLADO 4 p. 36],Cannot equate improved perfusion/angiography with meaningful cognitive benefit. Potential cognitive preservation versus surgical risk and uncertain measurement sensitivity.,retain,,Revascularization or observational cognitive assessment.,"Pre/post surgery, healthy controls, or nonsurgical groups.",TRUE,TRUE,,TRUE,FALSE,FALSE,TRUE,Patient-centered,Mixed/unseparated,No formal comparison,Cognition/neuropsychology,Not reported/not analytic,Patient,Proportion,TRUE,FALSE,NOT_REQUIRED_AFTER_INITIAL_HARMONIZATION,,,,,,Revascularization or observational cognitive assessment.,"Pre/post surgery, healthy controls, or nonsurgical groups.",,,,,,,,,,,,Direction not prespecified,Not orientable,NR,NR,FALSE
E0255,R065,MOY-0123,Tier 1 — Core formal synthesis,Cognition/patient-centered outcomes,Patient-centered/functional,Moyamoya disease: functional and neurocognitive outcomes in the pediatric and adult populations,"Children and/or adults with MMD/MMV, sometimes mixed with atherosclerotic steno-occlusive disease.",Revascularization or observational cognitive assessment.,"Pre/post surgery, healthy controls, or nonsurgical groups.",Depression,NR,NR,2/36 patients,proportion,5.6%,NR,NR,NR,As reported; verify event coding in source statement,[MESCLADO 4 p. 36],Cannot equate improved perfusion/angiography with meaningful cognitive benefit. Potential cognitive preservation versus surgical risk and uncertain measurement sensitivity.,Critically low,High,Evidence map only,Source-verified during final effect audit,"Do not pool across age, MMD/MMS, presentation, early/late horizon or patient/hemisphere/procedure units unless explicitly harmonized.",MOY-0123,Tier 1 — Core formal synthesis,Moyamoya disease: functional and neurocognitive outcomes in the pediatric and adult populations,Yes,Critically low,High,,,,FALSE,FALSE,FALSE,,MIXED_UNSEP,C00,O13,T9,U07,EM_PROPORTION,PATIENT_CENTERED_DESCRIPTIVE,0,not_orientable,0,MIXED_UNSEP|C00|O13|T9|U07,MIXED_UNSEP|C00|O13|T9|U07|EM_PROPORTION,Low,TRUE,FALSE,review_profile,review_profile,keyword,not_analytic,mixed_or_unclear,proportion,C00 and O99 are operational noninferential codes and do not create new SAP comparisons/outcomes.,,,FALSE,FALSE,FALSE,,,,FALSE,TRUE,FALSE,MIXED_UNSEP|C00|O13|T9|U07,MIXED_UNSEP|C00|O13|T9|U07|EM_PROPORTION,Corrected — evidence-map descriptive statistic,Corrected from source,"Corrected to depression prevalence, not stroke.",Additional quantitative result extracted from full text,"In another study, only 2 (5.6%) of 36 adults reported a mod- erate level of depression, defined as a Beck Depression Inventory–II score between 20 and 28.26 Depression prev- alence has been found to be between 20% and 40% after acute neurological events such as stroke.37 Karzmark et al.26 rationalized the low prevalence of depression found Unauthenticated | Downloaded 08/05/26 06:52 PM UTC",No,Source-verified during final effect audit,Yes — descriptive only,Source-verified during final effect audit,Additional quantitative result extracted from full text,Yes — descriptive only,"In another study, only 2 (5.6%) of 36 adults reported a mod- erate level of depression, defined as a Beck Depression Inventory–II score between 20 and 28.26 Depression prev- alence has been found to be between 20% and 40% after acute neurological events such as stroke.37 Karzmark et al.26 rationalized the low prevalence of depression found Unauthenticated | Downloaded 08/05/26 06:52 PM UTC",Corrected — evidence-map descriptive statistic,"Corrected to depression prevalence, not stroke.",2/36 patients,[MESCLADO 4 p. 36],Cannot equate improved perfusion/angiography with meaningful cognitive benefit. Potential cognitive preservation versus surgical risk and uncertain measurement sensitivity.,retain,,Revascularization or observational cognitive assessment.,"Pre/post surgery, healthy controls, or nonsurgical groups.",TRUE,TRUE,,TRUE,FALSE,FALSE,TRUE,Patient-centered,Mixed/unseparated,No formal comparison,Cognition/neuropsychology,Not reported/not analytic,Mixed/unclear,Proportion,TRUE,FALSE,NOT_REQUIRED_AFTER_INITIAL_HARMONIZATION,,,,,,Revascularization or observational cognitive assessment.,"Pre/post surgery, healthy controls, or nonsurgical groups.",,,,,,,,,,,,Direction not prespecified,Not orientable,NR,NR,FALSE
E0256,R066,MOY-0040,Tier 1 — Core formal synthesis,General revascularization/technique comparison,Hemorrhagic events,Cerebrovascular events after surgery versus conservative therapy for moyamoya disease: a meta-analysis,"Symptomatic or hemorrhagic-onset MMD, predominantly adults/East Asian cohorts.",Revascularization.,Conservative/medical management.,Hemorrhagic stroke/recurrence: surgery versus conservative care,late/follow-up,patient,"Studies: 10; patients: 2,484",OR,0.27,0.14–0.53,NR,NR,Observed proportions ~4.6% vs 18.6%; observational evidence.,[MESCLADO 4 p. 40],"Cannot generalize the magnitude to ischemic-onset, pediatric or non-East Asian populations. Perioperative risk versus late recurrent-event reduction.",Critically low,High,Core clinical-surgical evidence table,Source-verified during final effect audit,"Do not pool across age, MMD/MMS, presentation, early/late horizon or patient/hemisphere/procedure units unless explicitly harmonized.",MOY-0040,Tier 1 — Core formal synthesis,Cerebrovascular events after surgery versus conservative therapy for moyamoya disease: a meta-analysis,Yes,Critically low,High,0.27,0.14,0.53,TRUE,TRUE,FALSE,TRUE,MIXED_UNSEP,C01,O05,T3,U01,EM_OR,COMPARATIVE,1,canonical,-1,MIXED_UNSEP|C01|O05|T3|U01,MIXED_UNSEP|C01|O05|T3|U01|EM_OR,High,FALSE,FALSE,review_profile,text_rule,keyword,long_term,exact,exact,,0.14,0.53,TRUE,FALSE,TRUE,-1.3093333199837622,-1.3093333199837622,1.3093333199837622,TRUE,TRUE,TRUE,MIXED_UNSEP|C01|O05|T3|U01,MIXED_UNSEP|C01|O05|T3|U01|EM_OR,Verified — manuscript-ready quantitative result,No,Source-confirmed hemorrhagic-onset comparison.,Additional quantitative result extracted from full text,"Hemorrhagic stroke during follow-up was less frequent in patients who underwent a surgical intervention, 4.6% compared to 18.6% of the conservatively treated patients (pooled OR 0.27, 95% CI 0.14–0.53).",No,Source-verified during final effect audit,Yes,Source-verified during final effect audit,Additional quantitative result extracted from full text,Yes,"Hemorrhagic stroke during follow-up was less frequent in patients who underwent a surgical intervention, 4.6% compared to 18.6% of the conservatively treated patients (pooled OR 0.27, 95% CI 0.14–0.53).",Verified — manuscript-ready quantitative result,Source-confirmed hemorrhagic-onset comparison.,"Studies: 10; patients: 2,484",[MESCLADO 4 p. 40],"Cannot generalize the magnitude to ischemic-onset, pediatric or non-East Asian populations. Perioperative risk versus late recurrent-event reduction.",retain,,Revascularization.,Conservative/medical management.,TRUE,TRUE,,TRUE,TRUE,TRUE,TRUE,Clinical events/safety,Mixed/unseparated,Surgery vs conservative,Late hemorrhage/rebleeding,Late/long-term,Patient,OR,FALSE,FALSE,NOT_REQUIRED,,,0.27,0.14,0.53,Revascularization.,Conservative/medical management.,0.27,0.14,0.53,-1.3093333199837622,-1.9661128563728327,-0.6348782724359695,1.3093333199837622,1.9661128563728327,0.6348782724359695,0.6348782724359695,1.9661128563728327,Precise benefit,CI excludes null,OR 0.27 (0.14 to 0.53),OR 0.27 (0.14 to 0.53),FALSE
E0257,R067,MOY-0151,Tier 1 — Core formal synthesis,Perioperative safety/risk,Prognostic factors,Risk factors for perioperative cerebral infarction in moyamoya disease: a meta-analysis,MMD patients undergoing revascularization; age-stratified in some reviews.,"Direct, indirect or combined revascularization.",Risk-factor strata and/or bypass types.,Age as predictor of postoperative stroke,early/perioperative,NR,"Studies: 10 retrospective cohorts; patients: 3,239",OR,0.99,0.95–1.03,0.14,76.9%,No significant association; high heterogeneity.,[MESCLADO 4 p. 50],Cannot causally attribute postoperative stroke to technique from unadjusted observational pooling. More aggressive/complex revascularization may improve late protection but increase early vulnerability.,Critically low,Unclear,Core clinical-surgical evidence table,Source-verified during final effect audit,"Do not pool across age, MMD/MMS, presentation, early/late horizon or patient/hemisphere/procedure units unless explicitly harmonized.",MOY-0151,Tier 1 — Core formal synthesis,Risk factors for perioperative cerebral infarction in moyamoya disease: a meta-analysis,Yes,Critically low,Unclear,0.99,0.95,1.03,TRUE,TRUE,FALSE,TRUE,MIXED_UNSEP,C00,O01,T1,U07,EM_OR,PROGNOSTIC,0,not_orientable,-1,MIXED_UNSEP|C00|O01|T1|U07,MIXED_UNSEP|C00|O01|T1|U07|EM_OR,Moderate,TRUE,FALSE,review_profile,no_authorized_comparison,risk_review_target,early,mixed_or_unclear,exact,C00 and O99 are operational noninferential codes and do not create new SAP comparisons/outcomes.,0.95,1.03,TRUE,FALSE,TRUE,-0.01005033585350145,,,FALSE,TRUE,FALSE,MIXED_UNSEP|C00|O01|T1|U07,MIXED_UNSEP|C00|O01|T1|U07|EM_OR,Corrected — manuscript-ready quantitative result,Corrected from source,Corrected to age as nonsignificant predictor; PCA involvement separated.,Additional quantitative result extracted from full text,"Meta-analysis results Age A total of seven studies mentioned age, in which heterogeneity was tested (I2 = 76.9%, p = 0.001) and therefore analyzed using a random-effects model, and the results of the analysis (Figure 2) suggested that age was not a risk factor for the development of cerebral infarction perioperative moyamoya disease [OR = 0.99, 95% CI (0.95, 1.03), p = 0.14].",No,Source-verified during final effect audit,Yes,Source-verified during final effect audit,Additional quantitative result extracted from full text,Yes,"Meta-analysis results Age A total of seven studies mentioned age, in which heterogeneity was tested (I2 = 76.9%, p = 0.001) and therefore analyzed using a random-effects model, and the results of the analysis (Figure 2) suggested that age was not a risk factor for the development of cerebral infarction perioperative moyamoya disease [OR = 0.99, 95% CI (0.95, 1.03), p = 0.14].",Corrected — manuscript-ready quantitative result,Corrected to age as nonsignificant predictor; PCA involvement separated.,"Studies: 10 retrospective cohorts; patients: 3,239",[MESCLADO 4 p. 50],Cannot causally attribute postoperative stroke to technique from unadjusted observational pooling. More aggressive/complex revascularization may improve late protection but increase early vulnerability.,retain,,"Direct, indirect or combined revascularization.",Risk-factor strata and/or bypass types.,TRUE,TRUE,,TRUE,FALSE,FALSE,TRUE,Clinical events/safety,Mixed/unseparated,No formal comparison,Early ischemic stroke,Early/perioperative,Mixed/unclear,OR,TRUE,FALSE,NOT_REQUIRED_AFTER_INITIAL_HARMONIZATION,,,0.99,0.95,1.03,"Direct, indirect or combined revascularization.",Risk-factor strata and/or bypass types.,0.99,0.95,1.03,-0.01005033585350145,-0.05129329438755058,0.02955880224154443,0.01005033585350145,0.05129329438755058,-0.02955880224154443,-0.02955880224154443,0.05129329438755058,Imprecise benefit direction,CI includes null,OR 0.99 (0.95 to 1.03),OR 0.99 (0.95 to 1.03),FALSE
E0258,R068,MOY-0009,Tier 1 — Core formal synthesis,Adult revascularization,Ischemic/stroke events,A Comprehensive Meta-Analysis for Bypass Surgery in Adult Moyamoya,"Symptomatic MMD, often adults or mixed ages, undergoing direct, indirect or combined bypass.",Direct and/or combined bypass.,Indirect bypass and/or conservative treatment.,Stroke recurrence in ischemic-onset MMD: bypass versus conservative care,NR,procedure/bypass,"Studies: 17; patients: 2,224",OR,0.470,0.140–1.579,0.222,NR,As reported; verify event coding in source statement,[MESCLADO 4 p. 58],"Cannot produce a universal ranking across mixed phenotypes and outcomes. Immediate flow and robust collaterals versus technical complexity, perioperative ischemia/hemorrhage and hyperperfusion.",Critically low,High,Core clinical-surgical evidence table,Source-verified during final effect audit,"Do not pool across age, MMD/MMS, presentation, early/late horizon or patient/hemisphere/procedure units unless explicitly harmonized.",MOY-0009,Tier 1 — Core formal synthesis,A Comprehensive Meta-Analysis for Bypass Surgery in Adult Moyamoya,Yes,Critically low,High,0.47,0.14,1.579,TRUE,TRUE,FALSE,TRUE,ADULT_ISCH,C01,O16,T4,U07,EM_OR,COMPARATIVE,1,canonical,-1,ADULT_ISCH|C01|O16|T4|U07,ADULT_ISCH|C01|O16|T4|U07|EM_OR,Moderate,TRUE,FALSE,subgroup_text,text_rule,keyword,not_analytic,mixed_or_unclear,exact,,0.14,1.579,TRUE,FALSE,TRUE,-0.7550225842780328,-0.7550225842780328,0.7550225842780328,TRUE,TRUE,TRUE,ADULT_ISCH|C01|O16|T4|U07,ADULT_ISCH|C01|O16|T4|U07|EM_OR,Corrected — manuscript-ready quantitative result,Corrected from source,CI and p restored; no significant benefit in ischemic-onset subgroup.,Additional quantitative result extracted from full text,"However, for those patients with moyamoya and ischemia, there was no sig- nificant difference for future stroke events between the bypass and CT groups (OR 0.470;",No,Source-verified during final effect audit,Yes,Source-verified during final effect audit,Additional quantitative result extracted from full text,Yes,"However, for those patients with moyamoya and ischemia, there was no sig- nificant difference for future stroke events between the bypass and CT groups (OR 0.470;",Corrected — manuscript-ready quantitative result,CI and p restored; no significant benefit in ischemic-onset subgroup.,"Studies: 17; patients: 2,224",[MESCLADO 4 p. 58],"Cannot produce a universal ranking across mixed phenotypes and outcomes. Immediate flow and robust collaterals versus technical complexity, perioperative ischemia/hemorrhage and hyperperfusion.",retain,,Bypass surgery,Conservative management,TRUE,TRUE,Reclassified as any/recurrent stroke or composite cerebrovascular event rather than ischemic or hemorrhagic stroke alone. Source-confirmed ischemic-onset subgroup of surgery versus conservative management.,TRUE,TRUE,TRUE,TRUE,Clinical events/safety,Adult ischemic,Surgery vs conservative,Any/recurrent stroke,Mixed/unspecified follow-up,Mixed/unclear,OR,TRUE,FALSE,NOT_REQUIRED_AFTER_INITIAL_HARMONIZATION,,,0.47,0.14,1.579,Bypass surgery,Conservative management,0.47,0.14,1.579,-0.7550225842780328,-1.9661128563728327,0.45679173527350503,0.7550225842780328,1.9661128563728327,-0.45679173527350503,-0.45679173527350503,1.9661128563728327,Imprecise benefit direction,CI includes null,OR 0.47 (0.14 to 1.58),OR 0.47 (0.14 to 1.58),FALSE
E0259,R071,MOY-0071,Tier 1 — Core formal synthesis,General revascularization/technique comparison,Patient-centered/functional,Effect of Surgery on the Long-Term Functional Outcome of Moyamoya Disease: A Meta-Analysis,"MMD patients after revascularization, mixed ages/presentations.","Direct, indirect and combined surgery.",Technique subgroups; mostly single-arm pooled good-outcome rates.,Favorable functional outcome,NR,NR,"Studies: NR; patients: 2,666",pooled proportion,0.87,0.84–0.90,NR,NR,As reported; verify event coding in source statement,[MESCLADO 4 p. 70],"Cannot infer combined superiority from pooled proportions. Functional benefit estimates are vulnerable to baseline severity, outcome-definition and selection differences.",Critically low,High,Core clinical-surgical evidence table,Source-verified during final effect audit,"Do not pool across age, MMD/MMS, presentation, early/late horizon or patient/hemisphere/procedure units unless explicitly harmonized.",MOY-0071,Tier 1 — Core formal synthesis,Effect of Surgery on the Long-Term Functional Outcome of Moyamoya Disease: A Meta-Analysis,Yes,Critically low,High,0.87,0.84,0.9,FALSE,FALSE,FALSE,,MIXED_UNSEP,C01,O06,T9,U07,EM_PROPORTION,DESCRIPTIVE_WITH_COMPARATOR,0,not_orientable,1,MIXED_UNSEP|C01|O06|T9|U07,MIXED_UNSEP|C01|O06|T9|U07|EM_PROPORTION,Moderate,TRUE,FALSE,review_profile,review_text_rule,keyword,not_analytic,mixed_or_unclear,proportion,,0.84,0.9,FALSE,FALSE,TRUE,,,,TRUE,TRUE,FALSE,MIXED_UNSEP|C01|O06|T9|U07,MIXED_UNSEP|C01|O06|T9|U07|EM_PROPORTION,Corrected — manuscript-ready quantitative result,Corrected from source,Corrected to favorable functional outcome proportion.,Additional quantitative result extracted from full text,"RESULTS: The overall estimated rate of good outcome was 0.87 (95%CI, 0.84 0.90), with substantial heterogeneity.",No,Source-verified during final effect audit,Yes,Source-verified during final effect audit,Additional quantitative result extracted from full text,Yes,"RESULTS: The overall estimated rate of good outcome was 0.87 (95%CI, 0.84 0.90), with substantial heterogeneity.",Corrected — manuscript-ready quantitative result,Corrected to favorable functional outcome proportion.,"Studies: NR; patients: 2,666",[MESCLADO 4 p. 70],"Cannot infer combined superiority from pooled proportions. Functional benefit estimates are vulnerable to baseline severity, outcome-definition and selection differences.",retain,,"Direct, indirect and combined surgery.",Technique subgroups; mostly single-arm pooled good-outcome rates.,TRUE,TRUE,,TRUE,FALSE,FALSE,TRUE,Functional,Mixed/unseparated,Surgery vs conservative,Favorable functional outcome,Not reported/not analytic,Mixed/unclear,Proportion,TRUE,FALSE,NOT_REQUIRED_AFTER_INITIAL_HARMONIZATION,,,0.87,0.84,0.9,"Direct, indirect and combined surgery.",Technique subgroups; mostly single-arm pooled good-outcome rates.,0.87,0.84,0.9,,,,,,,,,Direction not prespecified,Not orientable,Proportion 0.87 (0.84 to 0.90),Proportion 0.87 (0.84 to 0.90),FALSE
E0260,R072,MOY-0038,Tier 1 — Core formal synthesis,Perioperative safety/risk,Hemodynamic/perfusion,Cerebral Hyperperfusion Syndrome After Revascularization Surgery in Patients with Moyamoya Disease: Systematic Review and Meta-Analysis,MMD patients after direct/combined revascularization; some prevention reviews include other bypass indications.,Bypass type and preventive pharmacologic/hemodynamic strategies.,"Age, bypass type, blood-pressure control and adjunctive regimens.",Cerebral hyperperfusion syndrome,early/perioperative,procedure/bypass,"Studies: 27 cohorts; patients: 2,225",pooled incidence,16.5%,range 11.3–22.3,NR,NR,"Subgroups: pediatric 3.8%, adult 19.9%, direct 15.4%, combined 15.2%; clinical progression 39.5%.",[MESCLADO 4 p. 79],Cannot infer causal superiority of a preventive regimen from between-study pooled proportions. Avoiding hyperperfusion/hemorrhage without provoking hypoperfusion/ischemia.,Critically low,High,Core clinical-surgical evidence table,Source-verified during final effect audit,"Do not pool across age, MMD/MMS, presentation, early/late horizon or patient/hemisphere/procedure units unless explicitly harmonized.",MOY-0038,Tier 1 — Core formal synthesis,Cerebral Hyperperfusion Syndrome After Revascularization Surgery in Patients with Moyamoya Disease: Systematic Review and Meta-Analysis,Yes,Critically low,High,,11.3,22.3,FALSE,FALSE,FALSE,,MIXED_UNSEP,C00,O08,T1,U07,EM_RATE,DESCRIPTIVE,0,not_orientable,-1,MIXED_UNSEP|C00|O08|T1|U07,MIXED_UNSEP|C00|O08|T1|U07|EM_RATE,Moderate,TRUE,FALSE,review_profile,review_profile,keyword,early,mixed_or_unclear,rate,C00 and O99 are operational noninferential codes and do not create new SAP comparisons/outcomes.,11.3,22.3,FALSE,FALSE,FALSE,,,,FALSE,TRUE,FALSE,MIXED_UNSEP|C00|O08|T1|U07,MIXED_UNSEP|C00|O08|T1|U07|EM_RATE,Corrected — manuscript-ready quantitative result,Corrected from source,Background text replaced by actual pooled CHS data.,Additional quantitative result extracted from full text,"The use of indirect bypass of vascularized donor tissues such as encephaloduroarter- iomyosynangiosis is also considered a valid treatment for MMD.9 Cerebral hyperperfusion syndrome (CHS), characterized by a series of neurologic deﬁcits induced by post- operative high cerebral blood ﬂow (CBF) perfusion, is one of the most serious complications of revascularization surgery for MMD, especially in adult patients.10,11 It occurs in up to 50% of patients with MMD after direct bypass surgery,12 and its clinical symptoms may vary from minor discomforts (e.g., headache, aphasia, hemiparesis, paresis, facial palsy, and limb weakness) to major signs - BACKGROUND: Cerebral hyperperfusion syndrome (CHS) after bypass sur- gery is known as a complication of moyamoya disease (MMD).",No,Source-verified during final effect audit,Yes,Source-verified during final effect audit,Additional quantitative result extracted from full text,Yes,"The use of indirect bypass of vascularized donor tissues such as encephaloduroarter- iomyosynangiosis is also considered a valid treatment for MMD.9 Cerebral hyperperfusion syndrome (CHS), characterized by a series of neurologic deﬁcits induced by post- operative high cerebral blood ﬂow (CBF) perfusion, is one of the most serious complications of revascularization surgery for MMD, especially in adult patients.10,11 It occurs in up to 50% of patients with MMD after direct bypass surgery,12 and its clinical symptoms may vary from minor discomforts (e.g., headache, aphasia, hemiparesis, paresis, facial palsy, and limb weakness) to major signs - BACKGROUND: Cerebral hyperperfusion syndrome (CHS) after bypass sur- gery is known as a complication of moyamoya disease (MMD).",Corrected — manuscript-ready quantitative result,Background text replaced by actual pooled CHS data.,"Studies: 27 cohorts; patients: 2,225",[MESCLADO 4 p. 79],Cannot infer causal superiority of a preventive regimen from between-study pooled proportions. Avoiding hyperperfusion/hemorrhage without provoking hypoperfusion/ischemia.,retain,,Bypass type and preventive pharmacologic/hemodynamic strategies.,"Age, bypass type, blood-pressure control and adjunctive regimens.",TRUE,TRUE,,TRUE,FALSE,FALSE,TRUE,Clinical events/safety,Mixed/unseparated,No formal comparison,Hyperperfusion syndrome,Early/perioperative,Mixed/unclear,Rate,TRUE,FALSE,NOT_REQUIRED_AFTER_INITIAL_HARMONIZATION,,,,11.3,22.3,Bypass type and preventive pharmacologic/hemodynamic strategies.,"Age, bypass type, blood-pressure control and adjunctive regimens.",,11.3,22.3,,,,,,,,,Direction not prespecified,Not orientable,NR,NR,FALSE
E0261,R073,MOY-0056,Tier 1 — Core formal synthesis,Hemorrhagic phenotype,Mortality,Comparison of revascularization and conservative treatment for hemorrhagic moyamoya disease in East Asian Countries: a single-center case series and a systematic review with meta-analysis,"Symptomatic or hemorrhagic-onset MMD, predominantly adults/East Asian cohorts.",Revascularization.,Conservative/medical management.,Mortality: surgery versus conservative management,NR,patient,"Studies: 19 review studies + institutional cohort; patients: Review: 1,571; institutional: 24",OR,0.24,0.12–0.50,0.0001,NR,Adult subgroup OR 0.28 (0.10–0.75; p=0.01); observational evidence.,[MESCLADO 4 p. 101],"Cannot generalize the magnitude to ischemic-onset, pediatric or non-East Asian populations. Perioperative risk versus late recurrent-event reduction.",Critically low,High,Core clinical-surgical evidence table,Source-verified during final effect audit,"Do not pool across age, MMD/MMS, presentation, early/late horizon or patient/hemisphere/procedure units unless explicitly harmonized.",MOY-0056,Tier 1 — Core formal synthesis,Comparison of revascularization and conservative treatment for hemorrhagic moyamoya disease in East Asian Countries: a single-center case series and a systematic review with meta-analysis,Yes,Critically low,High,0.24,0.12,0.5,TRUE,TRUE,FALSE,TRUE,ADULT_HEM,C06,O07,T9,U01,EM_OR,COMPARATIVE,1,canonical,-1,ADULT_HEM|C06|O07|T9|U01,ADULT_HEM|C06|O07|T9|U01|EM_OR,High,FALSE,FALSE,review_profile,review_profile,keyword,not_analytic,exact,exact,,0.12,0.5,TRUE,FALSE,TRUE,-1.4271163556401458,-1.4271163556401458,1.4271163556401458,TRUE,TRUE,TRUE,ADULT_HEM|C06|O07|T9|U01,ADULT_HEM|C06|O07|T9|U01|EM_OR,Corrected — manuscript-ready quantitative result,Corrected from source,CI and p restored.,Additional quantitative result extracted from full text,"In our review, the mortality rate in six mixed adult/pediatric patient studies with revascularization (4.6%, 15/328) was signiﬁcantly lower than those who received conservative treatment (18.7%, 23/123) (OR, 0.24;",No,Source-verified during final effect audit,Yes,Source-verified during final effect audit,Additional quantitative result extracted from full text,Yes,"In our review, the mortality rate in six mixed adult/pediatric patient studies with revascularization (4.6%, 15/328) was signiﬁcantly lower than those who received conservative treatment (18.7%, 23/123) (OR, 0.24;",Corrected — manuscript-ready quantitative result,CI and p restored.,"Studies: 19 review studies + institutional cohort; patients: Review: 1,571; institutional: 24",[MESCLADO 4 p. 101],"Cannot generalize the magnitude to ischemic-onset, pediatric or non-East Asian populations. Perioperative risk versus late recurrent-event reduction.",retain,,Revascularization.,Conservative/medical management.,TRUE,TRUE,,TRUE,TRUE,TRUE,TRUE,Clinical events/safety,Adult hemorrhagic,Hemorrhagic MMD: revascularization comparison,Mortality,Not reported/not analytic,Patient,OR,FALSE,FALSE,NOT_REQUIRED,,,0.24,0.12,0.5,Revascularization.,Conservative/medical management.,0.24,0.12,0.5,-1.4271163556401458,-2.120263536200091,-0.6931471805599453,1.4271163556401458,2.120263536200091,0.6931471805599453,0.6931471805599453,2.120263536200091,Precise benefit,CI excludes null,OR 0.24 (0.12 to 0.50),OR 0.24 (0.12 to 0.50),FALSE
E0262,R074,MOY-0074,Tier 1 — Core formal synthesis,Medical/perioperative adjunct,Ischemic/stroke events,Efficacy of Remote Ischemic Conditioning for Moyamoya Disease: A Meta-Analysis of Randomized Controlled Trials,MMD patients in randomized trials receiving remote ischemic conditioning.,"Remote ischemic pre-, per- or post-conditioning.",Sham/usual care.,Ischemic stroke with remote ischemic conditioning,NR,patient,Studies: 4 RCTs; patients: Outcome-specific N: 152–228,OR,0.22,0.07–0.67,0.008,NR,As reported; verify event coding in source statement,[MESCLADO 4 p. 104],"Cannot replace revascularization or establish effects on TIA/CHS/seizure from imprecise estimates. Low-burden adjunct versus small trials, protocol heterogeneity and uncertain durability.",Low,Unclear,Core clinical-surgical evidence table,Source-verified during final effect audit,"Do not pool across age, MMD/MMS, presentation, early/late horizon or patient/hemisphere/procedure units unless explicitly harmonized.",MOY-0074,Tier 1 — Core formal synthesis,Efficacy of Remote Ischemic Conditioning for Moyamoya Disease: A Meta-Analysis of Randomized Controlled Trials,Yes,Low,Unclear,0.22,0.07,0.67,TRUE,TRUE,FALSE,TRUE,MIXED_UNSEP,C11,O02,T4,U01,EM_OR,COMPARATIVE,1,canonical,-1,MIXED_UNSEP|C11|O02|T4|U01,MIXED_UNSEP|C11|O02|T4|U01|EM_OR,Moderate,TRUE,FALSE,review_profile,review_profile,keyword,not_analytic,exact,exact,,0.07,0.67,TRUE,FALSE,TRUE,-1.5141277326297755,-1.5141277326297755,1.5141277326297755,TRUE,TRUE,TRUE,MIXED_UNSEP|C11|O02|T4|U01,MIXED_UNSEP|C11|O02|T4|U01|EM_OR,Verified — manuscript-ready quantitative result,No,Source-confirmed randomized-trial meta-analysis.,Additional quantitative result extracted from full text,"Results: RIC was associated with a lower incidence of ischemic stroke in patients with MMD (n = 228, OR: 0.22, 95% CI: 0.07– 0.67, p = 0.008).",No,Source-verified during final effect audit,Yes,Source-verified during final effect audit,Additional quantitative result extracted from full text,Yes,"Results: RIC was associated with a lower incidence of ischemic stroke in patients with MMD (n = 228, OR: 0.22, 95% CI: 0.07– 0.67, p = 0.008).",Verified — manuscript-ready quantitative result,Source-confirmed randomized-trial meta-analysis.,Studies: 4 RCTs; patients: Outcome-specific N: 152–228,[MESCLADO 4 p. 104],"Cannot replace revascularization or establish effects on TIA/CHS/seizure from imprecise estimates. Low-burden adjunct versus small trials, protocol heterogeneity and uncertain durability.",retain,,"Remote ischemic pre-, per- or post-conditioning.",Sham/usual care.,TRUE,TRUE,Ischemic stroke during randomized RIC study follow-up; duplicate E0148 is excluded.,TRUE,TRUE,TRUE,TRUE,Clinical events/safety,Mixed/unseparated,Remote ischemic conditioning vs control,Late ischemic stroke,Mixed/unspecified follow-up,Patient,OR,FALSE,FALSE,RESOLVED,"Exact manuscript-ready estimate, comparator context, and PDF locator rechecked; residual flags reflected evidence heterogeneity/units/horizon rather than unresolved extraction.",,0.22,0.07,0.67,"Remote ischemic pre-, per- or post-conditioning.",Sham/usual care.,0.22,0.07,0.67,-1.5141277326297755,-2.659260036932778,-0.40047756659712525,1.5141277326297755,2.659260036932778,0.40047756659712525,0.40047756659712525,2.659260036932778,Precise benefit,CI excludes null,OR 0.22 (0.07 to 0.67),OR 0.22 (0.07 to 0.67),FALSE
E0263,R031,MOY-0161,Tier 1 — Core formal synthesis,General revascularization/technique comparison,Other,Safety of Extracranial-Intracranial Arterial Bypass in the Treatment of Moyamoya Disease,MMD patients in 2 comparative studies (160 participants).,EC–IC arterial bypass,Nonsurgical management,Primary endpoints after EC–IC bypass versus nonsurgical management,follow-up,participant,2 studies; N=160,OR,0.35,0.15–0.84,0.79 for heterogeneity,I²=0%,Favors bypass for the review-defined primary endpoints,[MESCLADO 2 pp. 125–128],Only 2 small studies; endpoint composition and trial quality limit certainty.,Critically low,Unclear,Core clinical-surgical evidence table,Previously source-verified audit addition,"Do not pool across age, MMD/MMS, presentation, early/late horizon or patient/hemisphere/procedure units unless explicitly harmonized.",MOY-0161,Tier 1 — Core formal synthesis,Safety of Extracranial-Intracranial Arterial Bypass in the Treatment of Moyamoya Disease,Yes,Critically low,Unclear,0.35,0.15,0.84,TRUE,TRUE,FALSE,TRUE,MIXED_UNSEP,C01,O99,T4,U01,EM_OR,COMPARATIVE,1,canonical,0,MIXED_UNSEP|C01|O99|T4|U01,MIXED_UNSEP|C01|O99|T4|U01|EM_OR,Moderate,TRUE,FALSE,review_profile,text_rule,other_or_composite,mixed_or_unspecified_followup,exact,exact,C00 and O99 are operational noninferential codes and do not create new SAP comparisons/outcomes.,0.15,0.84,TRUE,FALSE,TRUE,-1.0498221244986778,-1.0498221244986778,,TRUE,FALSE,FALSE,MIXED_UNSEP|C01|O99|T4|U01,MIXED_UNSEP|C01|O99|T4|U01|EM_OR,Audit-added; manually source-verified,No,Added during reconciliation because the consolidated extraction omitted the formal meta-analysis effect.,Audit-added fixed-effect meta-analysis,"Bypass group had a greater reduction of primary endpoints: OR 0.35, 95% CI 0.15–0.84; I²=0%.",No,Previously source-verified audit addition,Yes,Previously source-verified audit addition,Audit-added fixed-effect meta-analysis,Yes,"Bypass group had a greater reduction of primary endpoints: OR 0.35, 95% CI 0.15–0.84; I²=0%.",Audit-added; manually source-verified,Added during reconciliation because the consolidated extraction omitted the formal meta-analysis effect.,2 studies; N=160,[MESCLADO 2 pp. 125–128],Only 2 small studies; endpoint composition and trial quality limit certainty.,retain,,EC–IC arterial bypass,Nonsurgical management,TRUE,TRUE,,TRUE,FALSE,FALSE,TRUE,Other/composite,Mixed/unseparated,Surgery vs conservative,Other/composite,Mixed/unspecified follow-up,Patient,OR,TRUE,FALSE,NOT_REQUIRED_AFTER_INITIAL_HARMONIZATION,,,0.35,0.15,0.84,EC–IC arterial bypass,Nonsurgical management,0.35,0.15,0.84,-1.0498221244986778,-1.8971199848858813,-0.1743533871447778,,,,,,Direction not prespecified,Not orientable,OR 0.35 (0.15 to 0.84),OR 0.35 (0.15 to 0.84),FALSE
E0264,R035,MOY-0022,Tier 1 — Core formal synthesis,Medical/perioperative adjunct,Ischemic/stroke events,Antiplatelet therapy may improve the prognosis of patients with moyamoya disease: a 12-year retrospective study,Patients with MMD in observational antiplatelet cohorts.,Antiplatelet therapy,No antiplatelet therapy/usual care,Stroke events during follow-up,follow-up,patient,"8 external cohorts plus current cohort; total internally inconsistent (28,925 vs 29,825)",OR,0.57,0.49–0.65,0.00 as reported,NR in extracted statement,Favors antiplatelet therapy,"[MESCLADO 2 pp. 169, 173]",Observational confounding; unresolved total-N discrepancy; cannot replace revascularization evidence.,Critically low,Unclear,Core clinical-surgical evidence table,Previously source-verified audit addition,"Do not pool across age, MMD/MMS, presentation, early/late horizon or patient/hemisphere/procedure units unless explicitly harmonized.",MOY-0022,Tier 1 — Core formal synthesis,Antiplatelet therapy may improve the prognosis of patients with moyamoya disease: a 12-year retrospective study,Yes,Critically low,Unclear,0.57,0.49,0.65,TRUE,TRUE,FALSE,TRUE,MIXED_UNSEP,C09,O02,T4,U01,EM_OR,COMPARATIVE,1,canonical,-1,MIXED_UNSEP|C09|O02|T4|U01,MIXED_UNSEP|C09|O02|T4|U01|EM_OR,High,FALSE,FALSE,review_profile,review_profile,keyword,mixed_or_unspecified_followup,exact,exact,,0.49,0.65,TRUE,FALSE,TRUE,-0.5621189181535413,-0.5621189181535413,0.5621189181535413,TRUE,TRUE,TRUE,MIXED_UNSEP|C09|O02|T4|U01,MIXED_UNSEP|C09|O02|T4|U01|EM_OR,Audit-added; manually source-verified,No,Added during reconciliation because the consolidated extraction omitted the formal meta-analysis effect.,Audit-added systematic review/meta-analysis component,Meta-analysis reported OR 0.57 (95% CI 0.49–0.65) for stroke events.,No,Previously source-verified audit addition,Yes,Previously source-verified audit addition,Audit-added systematic review/meta-analysis component,Yes,Meta-analysis reported OR 0.57 (95% CI 0.49–0.65) for stroke events.,Audit-added; manually source-verified,Added during reconciliation because the consolidated extraction omitted the formal meta-analysis effect.,"8 external cohorts plus current cohort; total internally inconsistent (28,925 vs 29,825)","[MESCLADO 2 pp. 169, 173]",Observational confounding; unresolved total-N discrepancy; cannot replace revascularization evidence.,retain,,Antiplatelet therapy,No antiplatelet therapy/usual care,TRUE,TRUE,,TRUE,TRUE,TRUE,TRUE,Clinical events/safety,Mixed/unseparated,Antiplatelet vs none/alternative,Late ischemic stroke,Mixed/unspecified follow-up,Patient,OR,FALSE,FALSE,NOT_REQUIRED,,,0.57,0.49,0.65,Antiplatelet therapy,No antiplatelet therapy/usual care,0.57,0.49,0.65,-0.5621189181535413,-0.7133498878774648,-0.4307829160924542,0.5621189181535413,0.7133498878774648,0.4307829160924542,0.4307829160924542,0.7133498878774648,Precise benefit,CI excludes null,OR 0.57 (0.49 to 0.65),OR 0.57 (0.49 to 0.65),FALSE
E0265,R035,MOY-0022,Tier 1 — Core formal synthesis,Medical/perioperative adjunct,Other,Antiplatelet therapy may improve the prognosis of patients with moyamoya disease: a 12-year retrospective study,Patients with MMD in observational antiplatelet cohorts.,Antiplatelet therapy,No antiplatelet therapy/usual care,Modified Rankin Scale during follow-up,follow-up,patient,8 external cohorts plus current cohort; outcome-specific N NR,WMD,−0.07,−0.14 to −0.00,0.04,NR in extracted statement,Small numerical improvement with antiplatelet therapy,"[MESCLADO 2 pp. 169, 173]",Very small effect; observational data; clinical importance uncertain.,Critically low,Unclear,Core clinical-surgical evidence table,Previously source-verified audit addition,"Do not pool across age, MMD/MMS, presentation, early/late horizon or patient/hemisphere/procedure units unless explicitly harmonized.",MOY-0022,Tier 1 — Core formal synthesis,Antiplatelet therapy may improve the prognosis of patients with moyamoya disease: a 12-year retrospective study,Yes,Critically low,Unclear,-0.07,-0.14,-0,TRUE,TRUE,FALSE,TRUE,MIXED_UNSEP,C09,O06,T4,U01,EM_WMD,COMPARATIVE,1,canonical,-1,MIXED_UNSEP|C09|O06|T4|U01,MIXED_UNSEP|C09|O06|T4|U01|EM_WMD,High,FALSE,FALSE,review_profile,review_profile,keyword,mixed_or_unspecified_followup,exact,exact,,-0.14,-0,FALSE,TRUE,TRUE,,,,TRUE,TRUE,TRUE,MIXED_UNSEP|C09|O06|T4|U01,MIXED_UNSEP|C09|O06|T4|U01|EM_WMD,Audit-added; manually source-verified,No,Added during reconciliation because the consolidated extraction omitted the formal meta-analysis effect.,Audit-added systematic review/meta-analysis component,Meta-analysis reported WMD −0.07 (95% CI −0.14 to −0.00) for mRS.,No,Previously source-verified audit addition,Yes,Previously source-verified audit addition,Audit-added systematic review/meta-analysis component,Yes,Meta-analysis reported WMD −0.07 (95% CI −0.14 to −0.00) for mRS.,Audit-added; manually source-verified,Added during reconciliation because the consolidated extraction omitted the formal meta-analysis effect.,8 external cohorts plus current cohort; outcome-specific N NR,"[MESCLADO 2 pp. 169, 173]",Very small effect; observational data; clinical importance uncertain.,retain,,Antiplatelet therapy,No antiplatelet therapy/usual care,TRUE,TRUE,Lower mRS is favorable; the WMD direction must be inverted for the benefit axis.,TRUE,TRUE,TRUE,TRUE,Functional,Mixed/unseparated,Antiplatelet vs none/alternative,Favorable functional outcome,Mixed/unspecified follow-up,Patient,WMD,FALSE,FALSE,RESOLVED,mRS is functional and lower is favorable. WMD −0.07 (−0.14 to −0.00) is retained exactly; the rounded CI reaches the null boundary.,,-0.07,-0.14,-0,Antiplatelet therapy,No antiplatelet therapy/usual care,-0.07,-0.14,-0,-0.07,-0.14,-0,0.07,0.14,0,0,0.14,Borderline benefit direction (CI boundary at null),CI boundary rounds to null,WMD -0.07 (-0.14 to -0.00),WMD -0.07 (-0.14 to -0.00),FALSE
E0266,R035,MOY-0022,Tier 1 — Core formal synthesis,Medical/perioperative adjunct,Ischemic/stroke events,Antiplatelet therapy may improve the prognosis of patients with moyamoya disease: a 12-year retrospective study,Patients with MMD receiving perioperative antiplatelet therapy.,Perioperative antiplatelet therapy,No perioperative antiplatelet therapy/usual care,Perioperative stroke events,perioperative,patient/procedure as reported,Outcome-specific N NR,OR,0.70,0.37–1.32,0.26,NR in extracted statement,No statistically significant difference,[MESCLADO 2 p. 173],Imprecise observational estimate; perioperative management and surgical selection vary.,Critically low,Unclear,Core clinical-surgical evidence table,Previously source-verified audit addition,"Do not pool across age, MMD/MMS, presentation, early/late horizon or patient/hemisphere/procedure units unless explicitly harmonized.",MOY-0022,Tier 1 — Core formal synthesis,Antiplatelet therapy may improve the prognosis of patients with moyamoya disease: a 12-year retrospective study,Yes,Critically low,Unclear,0.7,0.37,1.32,TRUE,TRUE,FALSE,TRUE,MIXED_UNSEP,C09,O01,T1,U07,EM_OR,COMPARATIVE,1,canonical,-1,MIXED_UNSEP|C09|O01|T1|U07,MIXED_UNSEP|C09|O01|T1|U07|EM_OR,Moderate,TRUE,FALSE,review_profile,review_profile,keyword_horizon,early,mixed_or_unclear,exact,,0.37,1.32,TRUE,FALSE,TRUE,-0.35667494393873245,-0.35667494393873245,0.35667494393873245,TRUE,TRUE,TRUE,MIXED_UNSEP|C09|O01|T1|U07,MIXED_UNSEP|C09|O01|T1|U07|EM_OR,Audit-added; manually source-verified,No,Added during reconciliation because the consolidated extraction omitted the formal meta-analysis effect.,Audit-added systematic review/meta-analysis component,Meta-analysis reported OR 0.70 (95% CI 0.37–1.32) for perioperative stroke events.,No,Previously source-verified audit addition,Yes,Previously source-verified audit addition,Audit-added systematic review/meta-analysis component,Yes,Meta-analysis reported OR 0.70 (95% CI 0.37–1.32) for perioperative stroke events.,Audit-added; manually source-verified,Added during reconciliation because the consolidated extraction omitted the formal meta-analysis effect.,Outcome-specific N NR,[MESCLADO 2 p. 173],Imprecise observational estimate; perioperative management and surgical selection vary.,retain,,Perioperative antiplatelet therapy,No perioperative antiplatelet therapy/usual care,TRUE,TRUE,,TRUE,TRUE,TRUE,TRUE,Clinical events/safety,Mixed/unseparated,Antiplatelet vs none/alternative,Early ischemic stroke,Early/perioperative,Mixed/unclear,OR,FALSE,FALSE,RESOLVED,"Exact manuscript-ready estimate, comparator context, and PDF locator rechecked; residual flags reflected evidence heterogeneity/units/horizon rather than unresolved extraction.",,0.7,0.37,1.32,Perioperative antiplatelet therapy,No perioperative antiplatelet therapy/usual care,0.7,0.37,1.32,-0.35667494393873245,-0.9942522733438669,0.27763173659827955,0.35667494393873245,0.9942522733438669,-0.27763173659827955,-0.27763173659827955,0.9942522733438669,Imprecise benefit direction,CI includes null,OR 0.70 (0.37 to 1.32),OR 0.70 (0.37 to 1.32),FALSE
E0267,R002,MOY-0170,Tier 2 — Contextual formal synthesis/evidence map,MMS — sickle cell disease,Ischemic/stroke events,Surgical Revascularization for Pediatric Patients with Sickle Cell Disease and Moyamoya Disease in the Prevention of Ischemic Strokes: A Single-Center Case Series and a Systematic Review,"Predominantly pediatric MMS associated with sickle cell disease, often with prior ischemic stroke despite chronic transfusion.","Mostly indirect revascularization (EDAS, pial synangiosis, EMAS) added to chronic transfusion.",Chronic transfusion alone or preoperative event rate; largely nonconcurrent comparisons.,Postoperative ischemic stroke,perioperative/early,patient,3/52 patients,proportion,5.8%,NR,NR,NR,"Low observed event proportion, but no concurrent control.",[MESCLADO 1 p. 9],"Cannot prove superiority over optimized transfusion from nonrandomized, overlapping cohorts. Low perioperative event rate versus delayed collateral development and evidence from small retrospective cohorts.",Critically low,High,Evidence map only,Source-verified during final effect audit,"Do not pool across age, MMD/MMS, presentation, early/late horizon or patient/hemisphere/procedure units unless explicitly harmonized.",MOY-0170,Tier 2 — Contextual formal synthesis/evidence map,Surgical Revascularization for Pediatric Patients with Sickle Cell Disease and Moyamoya Disease in the Prevention of Ischemic Strokes: A Single-Center Case Series and a Systematic Review,Yes,Critically low,High,,,,FALSE,FALSE,FALSE,,MMS_SCD,C14,O01,T1,U01,EM_PROPORTION,DESCRIPTIVE_WITH_COMPARATOR,1,canonical,-1,MMS_SCD|C14|O01|T1|U01,MMS_SCD|C14|O01|T1|U01|EM_PROPORTION,High,FALSE,FALSE,review_profile,review_profile,keyword_horizon,early,exact,proportion,,,,FALSE,FALSE,FALSE,,,,TRUE,TRUE,FALSE,MMS_SCD|C14|O01|T1|U01,MMS_SCD|C14|O01|T1|U01|EM_PROPORTION,Corrected — evidence-map descriptive statistic,Audit-added from full text,Derived transparently from 3 strokes among 52 patients; descriptive only.,Audit-added result from source verification,Three ischemic strokes occurred among 52 followed patients; all were within 30 postoperative days.,No,Source-verified during final effect audit,Yes — descriptive only,Source-verified during final effect audit,Audit-added result from source verification,Yes — descriptive only,Three ischemic strokes occurred among 52 followed patients; all were within 30 postoperative days.,Corrected — evidence-map descriptive statistic,Derived transparently from 3 strokes among 52 patients; descriptive only.,3/52 patients,[MESCLADO 1 p. 9],"Cannot prove superiority over optimized transfusion from nonrandomized, overlapping cohorts. Low perioperative event rate versus delayed collateral development and evidence from small retrospective cohorts.",retain,,"Mostly indirect revascularization (EDAS, pial synangiosis, EMAS) added to chronic transfusion.",Chronic transfusion alone or preoperative event rate; largely nonconcurrent comparisons.,TRUE,TRUE,,TRUE,FALSE,FALSE,TRUE,Clinical events/safety,SCD-associated MMS,SCD-MMS: surgery + transfusion,Early ischemic stroke,Early/perioperative,Patient,Proportion,FALSE,FALSE,NOT_REQUIRED,,,,,,"Mostly indirect revascularization (EDAS, pial synangiosis, EMAS) added to chronic transfusion.",Chronic transfusion alone or preoperative event rate; largely nonconcurrent comparisons.,,,,,,,,,,,,Direction not prespecified,Not orientable,NR,NR,FALSE
E0268,R002,MOY-0170,Tier 2 — Contextual formal synthesis/evidence map,MMS — sickle cell disease,Ischemic/stroke events,Surgical Revascularization for Pediatric Patients with Sickle Cell Disease and Moyamoya Disease in the Prevention of Ischemic Strokes: A Single-Center Case Series and a Systematic Review,"Predominantly pediatric MMS associated with sickle cell disease, often with prior ischemic stroke despite chronic transfusion.","Mostly indirect revascularization (EDAS, pial synangiosis, EMAS) added to chronic transfusion.",Chronic transfusion alone or preoperative event rate; largely nonconcurrent comparisons.,Postoperative ischemic stroke incidence,late/follow-up,patient-year,SCD-associated MMS surgical cohort/literature synthesis,incidence rate,1.42 per 100 patient-years,0.46–4.40,NR,NR,High stroke-free survival after indirect revascularization in SCD-associated MMS; uncontrolled evidence.,[MESCLADO 1 p. 9],"Cannot prove superiority over optimized transfusion from nonrandomized, overlapping cohorts. Low perioperative event rate versus delayed collateral development and evidence from small retrospective cohorts.",Critically low,High,Evidence map only,Source-verified during final effect audit,"Do not pool across age, MMD/MMS, presentation, early/late horizon or patient/hemisphere/procedure units unless explicitly harmonized.",MOY-0170,Tier 2 — Contextual formal synthesis/evidence map,Surgical Revascularization for Pediatric Patients with Sickle Cell Disease and Moyamoya Disease in the Prevention of Ischemic Strokes: A Single-Center Case Series and a Systematic Review,Yes,Critically low,High,,0.46,4.4,FALSE,FALSE,FALSE,,MMS_SCD,C14,O01,T3,U05,EM_RATE,DESCRIPTIVE_WITH_COMPARATOR,1,canonical,-1,MMS_SCD|C14|O01|T3|U05,MMS_SCD|C14|O01|T3|U05|EM_RATE,High,FALSE,FALSE,review_profile,review_profile,keyword_horizon,long_term,exact,rate,,0.46,4.4,FALSE,FALSE,FALSE,,,,TRUE,TRUE,FALSE,MMS_SCD|C14|O01|T3|U05,MMS_SCD|C14|O01|T3|U05|EM_RATE,Verified — evidence-map descriptive statistic,Audit-added from full text,Reported/derived incidence based on the review follow-up; descriptive only.,Audit-added result from source verification,"All ischemic strokes occurred within the first 30 days after the surgery and the rate of ischemic stroke-free survival was 94.3% (95% confidence in- terval, 83.3e98.1).",No,Source-verified during final effect audit,Yes — descriptive only,Source-verified during final effect audit,Audit-added result from source verification,Yes — descriptive only,"All ischemic strokes occurred within the first 30 days after the surgery and the rate of ischemic stroke-free survival was 94.3% (95% confidence in- terval, 83.3e98.1).",Verified — evidence-map descriptive statistic,Reported/derived incidence based on the review follow-up; descriptive only.,SCD-associated MMS surgical cohort/literature synthesis,[MESCLADO 1 p. 9],"Cannot prove superiority over optimized transfusion from nonrandomized, overlapping cohorts. Low perioperative event rate versus delayed collateral development and evidence from small retrospective cohorts.",retain,,"Mostly indirect revascularization (EDAS, pial synangiosis, EMAS) added to chronic transfusion.",Chronic transfusion alone or preoperative event rate; largely nonconcurrent comparisons.,TRUE,TRUE,,TRUE,FALSE,FALSE,TRUE,Clinical events/safety,SCD-associated MMS,SCD-MMS: surgery + transfusion,Early ischemic stroke,Late/long-term,Patient-year,Rate,FALSE,FALSE,NOT_REQUIRED,,,,0.46,4.4,"Mostly indirect revascularization (EDAS, pial synangiosis, EMAS) added to chronic transfusion.",Chronic transfusion alone or preoperative event rate; largely nonconcurrent comparisons.,,0.46,4.4,,,,,,,,,Direction not prespecified,Not orientable,NR,NR,FALSE
E0269,R005,MOY-0041,Tier 2 — Contextual formal synthesis/evidence map,MMS/special etiologic phenotype,Ischemic/stroke events,Characteristics of Moyamoya Syndrome in Pediatric Patients With Neurofibromatosis Type 1,"Children with NF1-associated MMS, including an institutional cohort and published cases/series.","Observation, medical management and revascularization.",Descriptive; no robust concurrent comparison.,Stroke or TIA at diagnosis: bilateral versus unilateral,presentation,patient,140 patients,proportion comparison,62% vs 34%,NR,0.001,NR,"More frequent in bilateral than unilateral disease (62% vs 34%, p=0.001) and age <4 years (61% vs 40%, p=0.02).",[MESCLADO 1 p. 48],Cannot infer technique superiority or universal screening interval. Potential stroke prevention versus uncertain natural history and treatment-selection bias.,Critically low,High,Evidence map only,Source-verified during final effect audit,"Do not pool across age, MMD/MMS, presentation, early/late horizon or patient/hemisphere/procedure units unless explicitly harmonized.",MOY-0041,Tier 2 — Contextual formal synthesis/evidence map,Characteristics of Moyamoya Syndrome in Pediatric Patients With Neurofibromatosis Type 1,Yes,Critically low,High,,,,FALSE,FALSE,FALSE,,MMS_NF1,C01,O03,T9,U01,EM_PROPORTION,DESCRIPTIVE_WITH_COMPARATOR,0,not_orientable,-1,MMS_NF1|C01|O03|T9|U01,MMS_NF1|C01|O03|T9|U01|EM_PROPORTION,High,FALSE,FALSE,review_profile,text_rule,keyword,not_analytic,exact,proportion,,,,FALSE,FALSE,FALSE,,,,TRUE,TRUE,FALSE,MMS_NF1|C01|O03|T9|U01,MMS_NF1|C01|O03|T9|U01|EM_PROPORTION,Verified — evidence-map descriptive statistic,Audit-added from full text,Descriptive phenotype comparison; no treatment-effect interpretation.,Audit-added result from source verification,Stroke or transient ischemic attack (TIA) was present at diagnosis in 46%.,No,Source-verified during final effect audit,Yes — descriptive only,Source-verified during final effect audit,Audit-added result from source verification,Yes — descriptive only,Stroke or transient ischemic attack (TIA) was present at diagnosis in 46%.,Verified — evidence-map descriptive statistic,Descriptive phenotype comparison; no treatment-effect interpretation.,140 patients,[MESCLADO 1 p. 48],Cannot infer technique superiority or universal screening interval. Potential stroke prevention versus uncertain natural history and treatment-selection bias.,retain,,"Observation, medical management and revascularization.",Descriptive; no robust concurrent comparison.,TRUE,TRUE,,TRUE,FALSE,FALSE,TRUE,Clinical events/safety,NF1-associated MMS,Surgery vs conservative,TIA,Not reported/not analytic,Patient,Proportion,FALSE,FALSE,NOT_REQUIRED,,,,,,"Observation, medical management and revascularization.",Descriptive; no robust concurrent comparison.,,,,,,,,,,,,Direction not prespecified,Not orientable,NR,NR,FALSE
E0270,R005,MOY-0041,Tier 2 — Contextual formal synthesis/evidence map,MMS/special etiologic phenotype,Other,Characteristics of Moyamoya Syndrome in Pediatric Patients With Neurofibromatosis Type 1,"Children with NF1-associated MMS, including an institutional cohort and published cases/series.","Observation, medical management and revascularization.",Descriptive; no robust concurrent comparison.,Silent cerebral infarction,presentation,patient,2/19 patients,proportion,10.5%,NR,NR,NR,As reported; verify event coding in source statement,[MESCLADO 1 p. 50],Cannot infer technique superiority or universal screening interval. Potential stroke prevention versus uncertain natural history and treatment-selection bias.,Critically low,High,Evidence map only,Source-verified during final effect audit,"Do not pool across age, MMD/MMS, presentation, early/late horizon or patient/hemisphere/procedure units unless explicitly harmonized.",MOY-0041,Tier 2 — Contextual formal synthesis/evidence map,Characteristics of Moyamoya Syndrome in Pediatric Patients With Neurofibromatosis Type 1,Yes,Critically low,High,,,,FALSE,FALSE,FALSE,,MMS_NF1,C01,O02,T9,U01,EM_PROPORTION,DESCRIPTIVE_WITH_COMPARATOR,0,not_orientable,-1,MMS_NF1|C01|O02|T9|U01,MMS_NF1|C01|O02|T9|U01|EM_PROPORTION,High,FALSE,FALSE,review_profile,text_rule,keyword,not_analytic,exact,proportion,,,,FALSE,FALSE,FALSE,,,,TRUE,TRUE,FALSE,MMS_NF1|C01|O02|T9|U01,MMS_NF1|C01|O02|T9|U01|EM_PROPORTION,Verified — evidence-map descriptive statistic,Audit-added from full text,Descriptive imaging phenotype; 2/19 patients.,Audit-added result from source verification,"For the six patients (32%) who presented with TIA (three, 16%) or stroke (three, 16%) at the time of diagnosis, the median age of MMS diagnosis was 4 years (IQR 1.5 to 7.3 years, range 1.2 to 11 years), whereas those without stroke or TIA at presentation were diagnosed at a median age of 7.3 years (IQR 2.7 to 9.3 years, range 1.5 to 16.5 years, P ¼ 0.18, Wilcoxon rank-sum).",No,Source-verified during final effect audit,Yes — descriptive only,Source-verified during final effect audit,Audit-added result from source verification,Yes — descriptive only,"For the six patients (32%) who presented with TIA (three, 16%) or stroke (three, 16%) at the time of diagnosis, the median age of MMS diagnosis was 4 years (IQR 1.5 to 7.3 years, range 1.2 to 11 years), whereas those without stroke or TIA at presentation were diagnosed at a median age of 7.3 years (IQR 2.7 to 9.3 years, range 1.5 to 16.5 years, P ¼ 0.18, Wilcoxon rank-sum).",Verified — evidence-map descriptive statistic,Descriptive imaging phenotype; 2/19 patients.,2/19 patients,[MESCLADO 1 p. 50],Cannot infer technique superiority or universal screening interval. Potential stroke prevention versus uncertain natural history and treatment-selection bias.,retain,,"Observation, medical management and revascularization.",Descriptive; no robust concurrent comparison.,TRUE,TRUE,,TRUE,FALSE,FALSE,TRUE,Clinical events/safety,NF1-associated MMS,Surgery vs conservative,Late ischemic stroke,Not reported/not analytic,Patient,Proportion,FALSE,FALSE,NOT_REQUIRED,,,,,,"Observation, medical management and revascularization.",Descriptive; no robust concurrent comparison.,,,,,,,,,,,,Direction not prespecified,Not orientable,NR,NR,FALSE
E0271,R007,MOY-0045,Tier 2 — Contextual formal synthesis/evidence map,Natural history/progression,Ischemic/stroke events,Clinical and radiological course of asymptomatic and hemodynamically stable moyamoya disease: a systematic review and meta-analysis,Asymptomatic/hemodynamically stable MMD or cohorts evaluated for disease progression.,Observation/monitoring; surgery may appear as subsequent treatment.,Risk-factor strata or baseline phenotypes.,Ischemic stroke under conservative management,follow-up,patient,Studies: 7; patients: 393,pooled proportion,0.7%,0–2.3,NR,NR,As reported; verify event coding in source statement,[MESCLADO 1 p. 66],Cannot convert prognostic association into a causal indication for a specific technique. Avoiding unnecessary surgery versus risk of silent or clinical progression.,Low,High,Contextual formal evidence table,Source-verified during final effect audit,"Do not pool across age, MMD/MMS, presentation, early/late horizon or patient/hemisphere/procedure units unless explicitly harmonized.",MOY-0045,Tier 2 — Contextual formal synthesis/evidence map,Clinical and radiological course of asymptomatic and hemodynamically stable moyamoya disease: a systematic review and meta-analysis,Yes,Low,High,,0,2.3,FALSE,FALSE,FALSE,,ASYM_STABLE,C08,O02,T4,U01,EM_PROPORTION,DESCRIPTIVE_WITH_COMPARATOR,0,not_orientable,-1,ASYM_STABLE|C08|O02|T4|U01,ASYM_STABLE|C08|O02|T4|U01|EM_PROPORTION,High,FALSE,FALSE,review_profile,review_profile,keyword,mixed_or_unspecified_followup,exact,proportion,,0,2.3,FALSE,FALSE,FALSE,,,,TRUE,TRUE,FALSE,ASYM_STABLE|C08|O02|T4|U01,ASYM_STABLE|C08|O02|T4|U01|EM_PROPORTION,Verified — manuscript-ready quantitative result,Audit-added from full text,Source-confirmed pooled proportion; separated from hemorrhagic events.,Audit-added result from source verification,"Six studies provided data on stroke in the conservative group, showing the pooled rate of hemorrhagic stroke of 3.8% (95% CI 0.4–7.2%) and ischemic stroke of 0.7% (95% CI 0–2.3%).",No,Source-verified during final effect audit,Yes,Source-verified during final effect audit,Audit-added result from source verification,Yes,"Six studies provided data on stroke in the conservative group, showing the pooled rate of hemorrhagic stroke of 3.8% (95% CI 0.4–7.2%) and ischemic stroke of 0.7% (95% CI 0–2.3%).",Verified — manuscript-ready quantitative result,Source-confirmed pooled proportion; separated from hemorrhagic events.,Studies: 7; patients: 393,[MESCLADO 1 p. 66],Cannot convert prognostic association into a causal indication for a specific technique. Avoiding unnecessary surgery versus risk of silent or clinical progression.,retain,,Observation/monitoring; surgery may appear as subsequent treatment.,Risk-factor strata or baseline phenotypes.,TRUE,TRUE,,TRUE,FALSE,FALSE,TRUE,Clinical events/safety,Asymptomatic/stable,Asymptomatic: surgery vs surveillance,Late ischemic stroke,Mixed/unspecified follow-up,Patient,Proportion,FALSE,FALSE,NOT_REQUIRED,,,,0,2.3,Observation/monitoring; surgery may appear as subsequent treatment.,Risk-factor strata or baseline phenotypes.,,0,2.3,,,,,,,,,Direction not prespecified,Not orientable,NR,NR,FALSE
E0272,R010,MOY-0073,Tier 1 — Core formal synthesis,Technique-specific/failure,Hemodynamic/perfusion,Efficacy of double anastomosis STA-MCA bypass in adult Moyamoya disease and cerebral atherosclerosis disease: a systematic review and meta-analysis,Patients undergoing double-barrel/double-anastomosis STA-MCA bypass; some reviews include non-MMD occlusive disease.,Two-anastomosis STA-MCA bypass.,Single anastomosis or no direct comparator; often single-arm.,Cerebral blood flow,NR,NR,Studies: 15; patients: 417,mean difference,14.75,2.32–27.19,0.020,NR,As reported; verify event coding in source statement,[MESCLADO 1 p. 115],"Cannot infer superiority over single-barrel bypass from predominantly single-arm data. Greater flow/coverage versus longer, more complex surgery and potential hyperperfusion.",Critically low,Unclear,Core clinical-surgical evidence table,Source-verified during final effect audit,"Do not pool across age, MMD/MMS, presentation, early/late horizon or patient/hemisphere/procedure units unless explicitly harmonized.",MOY-0073,Tier 1 — Core formal synthesis,Efficacy of double anastomosis STA-MCA bypass in adult Moyamoya disease and cerebral atherosclerosis disease: a systematic review and meta-analysis,Yes,Critically low,Unclear,14.75,2.32,27.19,TRUE,TRUE,FALSE,TRUE,ADULT_MIX,C13,O12,T9,U07,EM_MD,SURROGATE_DESCRIPTIVE,1,canonical,0,ADULT_MIX|C13|O12|T9|U07,ADULT_MIX|C13|O12|T9|U07|EM_MD,Moderate,TRUE,FALSE,review_profile,review_profile,keyword,not_analytic,mixed_or_unclear,exact,,2.32,27.19,FALSE,TRUE,TRUE,,,,TRUE,TRUE,FALSE,ADULT_MIX|C13|O12|T9|U07,ADULT_MIX|C13|O12|T9|U07|EM_MD,Verified — manuscript-ready quantitative result,Audit-added from full text,Second distinct perfusion endpoint separated from MCA perfusion.,Audit-added result from source verification,"95%CI: 2.32 to 27.19; p = 0.020), and increased MCA perfusion (MD: 9.28;",No,Source-verified during final effect audit,Yes,Source-verified during final effect audit,Audit-added result from source verification,Yes,"95%CI: 2.32 to 27.19; p = 0.020), and increased MCA perfusion (MD: 9.28;",Verified — manuscript-ready quantitative result,Second distinct perfusion endpoint separated from MCA perfusion.,Studies: 15; patients: 417,[MESCLADO 1 p. 115],"Cannot infer superiority over single-barrel bypass from predominantly single-arm data. Greater flow/coverage versus longer, more complex surgery and potential hyperperfusion.",descriptive_only,,Two-anastomosis STA-MCA bypass.,Single anastomosis or no direct comparator; often single-arm.,FALSE,FALSE,Predominantly single-arm double-barrel evidence without a stable direct comparator.,TRUE,FALSE,FALSE,FALSE,Hemodynamic,Adult mixed,Double-barrel vs benchmark,CBF/CVR/OEF/perfusion,Not reported/not analytic,Mixed/unclear,MD,TRUE,FALSE,NOT_REQUIRED_AFTER_INITIAL_HARMONIZATION,,,14.75,2.32,27.19,Two-anastomosis STA-MCA bypass.,Single anastomosis or no direct comparator; often single-arm.,14.75,2.32,27.19,14.75,2.32,27.19,,,,,,Direction not prespecified,Not orientable,MD 14.75 (2.32 to 27.19),MD 14.75 (2.32 to 27.19),FALSE
E0274,R015,MOY-1176,Tier 1 — Core formal synthesis,Pediatric revascularization,Ischemic/stroke events,Revascularisation surgery for paediatric moyamoya: a review of the literature,"Children with MMD/MMS undergoing direct, indirect or combined revascularization; selected reviews focus on epilepsy.","Indirect, direct or combined revascularization and subtécnicas.",Technique groups or pooled single-arm outcomes.,Reversible perioperative ischemic events,perioperative,procedure,"Studies: 57; patients: 1,448 (1,322 aged <21 years)",proportion,6.1%,NR,NR,NR,As reported; verify event coding in source statement,[MESCLADO 1 p. 169],"Cannot declare a universal best technique across ages, vessel size, MMS etiology and outcomes. Technical vessel limitations and perioperative risk versus delayed collateralization and possible late failure.",Critically low,High,Evidence map only,Source-verified during final effect audit,"Do not pool across age, MMD/MMS, presentation, early/late horizon or patient/hemisphere/procedure units unless explicitly harmonized.",MOY-1176,Tier 1 — Core formal synthesis,Revascularisation surgery for paediatric moyamoya: a review of the literature,Yes,Critically low,High,,,,FALSE,FALSE,FALSE,,PED_MIX,C00,O01,T1,U03,EM_PROPORTION,DESCRIPTIVE,0,not_orientable,-1,PED_MIX|C00|O01|T1|U03,PED_MIX|C00|O01|T1|U03|EM_PROPORTION,High,FALSE,FALSE,review_profile,no_authorized_comparison,keyword_horizon,early,exact,proportion,C00 and O99 are operational noninferential codes and do not create new SAP comparisons/outcomes.,,,FALSE,FALSE,FALSE,,,,FALSE,TRUE,FALSE,PED_MIX|C00|O01|T1|U03,PED_MIX|C00|O01|T1|U03|EM_PROPORTION,Verified — evidence-map descriptive statistic,Audit-added from full text,Descriptive perioperative safety endpoint.,Audit-added result from source verification,The rates of peri- operative stroke and reversible is- chaemic events were 4.4 and 6.1% respectively.,No,Source-verified during final effect audit,Yes — descriptive only,Source-verified during final effect audit,Audit-added result from source verification,Yes — descriptive only,The rates of peri- operative stroke and reversible is- chaemic events were 4.4 and 6.1% respectively.,Verified — evidence-map descriptive statistic,Descriptive perioperative safety endpoint.,"Studies: 57; patients: 1,448 (1,322 aged <21 years)",[MESCLADO 1 p. 169],"Cannot declare a universal best technique across ages, vessel size, MMS etiology and outcomes. Technical vessel limitations and perioperative risk versus delayed collateralization and possible late failure.",retain,,"Indirect, direct or combined revascularization and subtécnicas.",Technique groups or pooled single-arm outcomes.,TRUE,TRUE,,TRUE,FALSE,FALSE,TRUE,Clinical events/safety,Pediatric mixed MMD/MMS,No formal comparison,Early ischemic stroke,Early/perioperative,Procedure,Proportion,FALSE,FALSE,NOT_REQUIRED,,,,,,"Indirect, direct or combined revascularization and subtécnicas.",Technique groups or pooled single-arm outcomes.,,,,,,,,,,,,Direction not prespecified,Not orientable,NR,NR,FALSE
E0275,R015,MOY-1176,Tier 1 — Core formal synthesis,Pediatric revascularization,Patient-centered/functional,Revascularisation surgery for paediatric moyamoya: a review of the literature,"Children with MMD/MMS undergoing direct, indirect or combined revascularization; selected reviews focus on epilepsy.","Indirect, direct or combined revascularization and subtécnicas.",Technique groups or pooled single-arm outcomes.,Symptomatic clinical benefit,follow-up,patient,1003/1156 patients,proportion,87%,NR,NR,NR,As reported; verify event coding in source statement,[MESCLADO 1 p. 169],"Cannot declare a universal best technique across ages, vessel size, MMS etiology and outcomes. Technical vessel limitations and perioperative risk versus delayed collateralization and possible late failure.",Critically low,High,Evidence map only,Source-verified during final effect audit,"Do not pool across age, MMD/MMS, presentation, early/late horizon or patient/hemisphere/procedure units unless explicitly harmonized.",MOY-1176,Tier 1 — Core formal synthesis,Revascularisation surgery for paediatric moyamoya: a review of the literature,Yes,Critically low,High,,,,FALSE,FALSE,FALSE,,PED_MIX,C00,O06,T4,U01,EM_PROPORTION,DESCRIPTIVE,0,not_orientable,1,PED_MIX|C00|O06|T4|U01,PED_MIX|C00|O06|T4|U01|EM_PROPORTION,High,FALSE,FALSE,review_profile,no_authorized_comparison,keyword,mixed_or_unspecified_followup,exact,proportion,C00 and O99 are operational noninferential codes and do not create new SAP comparisons/outcomes.,,,FALSE,FALSE,FALSE,,,,FALSE,TRUE,FALSE,PED_MIX|C00|O06|T4|U01,PED_MIX|C00|O06|T4|U01|EM_PROPORTION,Verified — evidence-map descriptive statistic,Audit-added from full text,Reported benefit (1003/1156); outcome definitions varied.,Audit-added result from source verification,The rates of peri- operative stroke and reversible is- chaemic events were 4.4 and 6.1% respectively.,No,Source-verified during final effect audit,Yes — descriptive only,Source-verified during final effect audit,Audit-added result from source verification,Yes — descriptive only,The rates of peri- operative stroke and reversible is- chaemic events were 4.4 and 6.1% respectively.,Verified — evidence-map descriptive statistic,Reported benefit (1003/1156); outcome definitions varied.,1003/1156 patients,[MESCLADO 1 p. 169],"Cannot declare a universal best technique across ages, vessel size, MMS etiology and outcomes. Technical vessel limitations and perioperative risk versus delayed collateralization and possible late failure.",retain,,"Indirect, direct or combined revascularization and subtécnicas.",Technique groups or pooled single-arm outcomes.,TRUE,TRUE,,TRUE,FALSE,FALSE,TRUE,Functional,Pediatric mixed MMD/MMS,No formal comparison,Favorable functional outcome,Mixed/unspecified follow-up,Patient,Proportion,FALSE,FALSE,NOT_REQUIRED,,,,,,"Indirect, direct or combined revascularization and subtécnicas.",Technique groups or pooled single-arm outcomes.,,,,,,,,,,,,Direction not prespecified,Not orientable,NR,NR,FALSE
E0276,R015,MOY-1176,Tier 1 — Core formal synthesis,Pediatric revascularization,Other,Revascularisation surgery for paediatric moyamoya: a review of the literature,"Children with MMD/MMS undergoing direct, indirect or combined revascularization; selected reviews focus on epilepsy.","Indirect, direct or combined revascularization and subtécnicas.",Technique groups or pooled single-arm outcomes.,Radiographic cerebral infarction,presentation,patient,353/1084 children,proportion,32.6%,NR,NR,NR,As reported; verify event coding in source statement,[MESCLADO 1 p. 171],"Cannot declare a universal best technique across ages, vessel size, MMS etiology and outcomes. Technical vessel limitations and perioperative risk versus delayed collateralization and possible late failure.",Critically low,High,Evidence map only,Source-verified during final effect audit,"Do not pool across age, MMD/MMS, presentation, early/late horizon or patient/hemisphere/procedure units unless explicitly harmonized.",MOY-1176,Tier 1 — Core formal synthesis,Revascularisation surgery for paediatric moyamoya: a review of the literature,Yes,Critically low,High,,,,FALSE,FALSE,FALSE,,PED_MIX,C00,O02,T9,U01,EM_PROPORTION,DESCRIPTIVE,0,not_orientable,-1,PED_MIX|C00|O02|T9|U01,PED_MIX|C00|O02|T9|U01|EM_PROPORTION,Moderate,TRUE,FALSE,review_profile,no_authorized_comparison,keyword,not_analytic,exact,proportion,C00 and O99 are operational noninferential codes and do not create new SAP comparisons/outcomes.,,,FALSE,FALSE,FALSE,,,,FALSE,TRUE,FALSE,PED_MIX|C00|O02|T9|U01,PED_MIX|C00|O02|T9|U01|EM_PROPORTION,Verified — evidence-map descriptive statistic,Audit-added from full text,Descriptive imaging burden in pediatric evidence.,Audit-added result from source verification,Over 80% of patients presented with ischaemic symptoms (TIA or cerebral infarction).,No,Source-verified during final effect audit,Yes — descriptive only,Source-verified during final effect audit,Audit-added result from source verification,Yes — descriptive only,Over 80% of patients presented with ischaemic symptoms (TIA or cerebral infarction).,Verified — evidence-map descriptive statistic,Descriptive imaging burden in pediatric evidence.,353/1084 children,[MESCLADO 1 p. 171],"Cannot declare a universal best technique across ages, vessel size, MMS etiology and outcomes. Technical vessel limitations and perioperative risk versus delayed collateralization and possible late failure.",retain,,"Indirect, direct or combined revascularization and subtécnicas.",Technique groups or pooled single-arm outcomes.,TRUE,TRUE,,TRUE,FALSE,FALSE,TRUE,Clinical events/safety,Pediatric mixed MMD/MMS,No formal comparison,Late ischemic stroke,Not reported/not analytic,Patient,Proportion,TRUE,FALSE,NOT_REQUIRED_AFTER_INITIAL_HARMONIZATION,,,,,,"Indirect, direct or combined revascularization and subtécnicas.",Technique groups or pooled single-arm outcomes.,,,,,,,,,,,,Direction not prespecified,Not orientable,NR,NR,FALSE
E0277,R017,MOY-0072,Tier 1 — Core formal synthesis,Perioperative safety/risk,Ischemic/stroke events,Effects of intraoperative inhalational versus intravenous anesthesia on perioperative neurological outcomes and long-term prognosis in patients with moyamoya disease undergoing revascularization surgery: a systematic review and meta-analysis,"Adults with symptomatic MMD, stratified where possible by ischemic versus hemorrhagic presentation.","Direct, indirect or combined bypass.",Conservative/medical treatment.,Postoperative stroke,early/perioperative,NR,"Studies: 11 (6 core quantitative); patients: 1,673",OR,1.05,0.50–2.17,0.91,0%,No significant difference; moderate heterogeneity.,[MESCLADO 1 p. 185],Cannot claim equal benefit in ischemic-onset disease when subgroup estimates are imprecise/heterogeneous. Perioperative stroke/hemorrhage versus delayed reduction in recurrent events.,Low,Unclear,Core clinical-surgical evidence table,Source-verified during final effect audit,"Do not pool across age, MMD/MMS, presentation, early/late horizon or patient/hemisphere/procedure units unless explicitly harmonized.",MOY-0072,Tier 1 — Core formal synthesis,Effects of intraoperative inhalational versus intravenous anesthesia on perioperative neurological outcomes and long-term prognosis in patients with moyamoya disease undergoing revascularization surgery: a systematic review and meta-analysis,Yes,Low,Unclear,1.05,0.5,2.17,TRUE,TRUE,FALSE,TRUE,MIXED_UNSEP,C10,O01,T1,U03,EM_OR,COMPARATIVE,1,not_orientable,-1,MIXED_UNSEP|C10|O01|T1|U03,MIXED_UNSEP|C10|O01|T1|U03|EM_OR,High,TRUE,TRUE,review_profile,review_profile,keyword_horizon,early,mixed_or_unclear,exact,,0.5,2.17,TRUE,FALSE,TRUE,0.04879016416943205,0.04879016416943205,-0.04879016416943205,TRUE,TRUE,TRUE,MIXED_UNSEP|C10|O01|T1|U03,MIXED_UNSEP|C10|O01|T1|U03|EM_OR,Verified — manuscript-ready quantitative result,Audit-added from full text,Distinct meta-analytic safety endpoint separated from transient neurologic events.,Audit-added result from source verification,"Pooled results showed no significant intergroup difference in TNEs (OR = 0.87, 95% CI: 0.55—1.38, P = 0.56, I² = 61%) or postoperative stroke (OR = 1.05, 95% CI: 0.50—2.17, P = 0.91, I² = 0%).",No,Source-verified during final effect audit,Yes,Source-verified during final effect audit,Audit-added result from source verification,Yes,"Pooled results showed no significant intergroup difference in TNEs (OR = 0.87, 95% CI: 0.55—1.38, P = 0.56, I² = 61%) or postoperative stroke (OR = 1.05, 95% CI: 0.50—2.17, P = 0.91, I² = 0%).",Verified — manuscript-ready quantitative result,Distinct meta-analytic safety endpoint separated from transient neurologic events.,"Studies: 11 (6 core quantitative); patients: 1,673",[MESCLADO 1 p. 185],Cannot claim equal benefit in ischemic-onset disease when subgroup estimates are imprecise/heterogeneous. Perioperative stroke/hemorrhage versus delayed reduction in recurrent events.,retain,,Inhalational anesthesia,Intravenous anesthesia,TRUE,TRUE,Review title and abstract establish the anesthesia contrast; the inherited surgical comparator fields were erroneous.,TRUE,TRUE,TRUE,TRUE,Clinical events/safety,Mixed/unseparated,Inhalational vs intravenous anesthesia,Early ischemic stroke,Early/perioperative,Procedure,OR,FALSE,FALSE,RESOLVED,Review title/abstract and methods explicitly define inhalational anesthesia as intervention and intravenous anesthesia as control; inherited surgical comparator text is rejected.,,1.05,0.5,2.17,Inhalational anesthesia,Intravenous anesthesia,1.05,0.5,2.17,0.04879016416943205,-0.6931471805599453,0.7747271675523681,-0.04879016416943205,0.6931471805599453,-0.7747271675523681,-0.7747271675523681,0.6931471805599453,Imprecise harm direction,CI includes null,OR 1.05 (0.50 to 2.17),OR 1.05 (0.50 to 2.17),FALSE
E0278,R023,MOY-0023,Tier 1 — Core formal synthesis,Medical/perioperative adjunct,Ischemic/stroke events,Antiplatelet Treatment in Moyamoya Disease: A Systematic Review,"MMD patients receiving antiplatelet therapy, including nonsurgical and post-bypass settings.","Aspirin or other antiplatelet therapy, sometimes cilostazol.",No antiplatelet or alternative antiplatelet.,Postoperative ischemic stroke,early/perioperative,NR,Studies: 8; patients: NR,proportion comparison,10.2% vs 13.8%,NR,0.49,NR,As reported; verify event coding in source statement,[MESCLADO 2 p. 26],Cannot replace revascularization or prove stroke-prevention efficacy from observational data. Potential thromboembolic protection versus hemorrhagic concern and confounding by indication.,Low,High,Evidence map only,Source-verified during final effect audit,"Do not pool across age, MMD/MMS, presentation, early/late horizon or patient/hemisphere/procedure units unless explicitly harmonized.",MOY-0023,Tier 1 — Core formal synthesis,Antiplatelet Treatment in Moyamoya Disease: A Systematic Review,Yes,Low,High,,,,FALSE,FALSE,FALSE,,MIXED_UNSEP,C09,O01,T1,U07,EM_PROPORTION,DESCRIPTIVE_WITH_COMPARATOR,1,canonical,-1,MIXED_UNSEP|C09|O01|T1|U07,MIXED_UNSEP|C09|O01|T1|U07|EM_PROPORTION,Moderate,TRUE,FALSE,review_profile,review_profile,keyword_horizon,early,mixed_or_unclear,proportion,,,,FALSE,FALSE,FALSE,,,,TRUE,TRUE,FALSE,MIXED_UNSEP|C09|O01|T1|U07,MIXED_UNSEP|C09|O01|T1|U07|EM_PROPORTION,Verified — evidence-map descriptive statistic,Audit-added from full text,Separate postoperative comparison from same source.,Audit-added result from source verification,"There was no difference in the rate of perioperative ischemic stroke when an antiplatelet was prescribed perioperatively (antiplatelet+surgery 8/52 [15.4%] vs. surgery 2/22 [9.1%], p = 0.80) and postoperatively (an- tiplatelet+surgery 6/59 [10.2%] vs. surgery 19/138 [13.8%], p = 0.49) [20, 21].",No,Source-verified during final effect audit,Yes — descriptive only,Source-verified during final effect audit,Audit-added result from source verification,Yes — descriptive only,"There was no difference in the rate of perioperative ischemic stroke when an antiplatelet was prescribed perioperatively (antiplatelet+surgery 8/52 [15.4%] vs. surgery 2/22 [9.1%], p = 0.80) and postoperatively (an- tiplatelet+surgery 6/59 [10.2%] vs. surgery 19/138 [13.8%], p = 0.49) [20, 21].",Verified — evidence-map descriptive statistic,Separate postoperative comparison from same source.,Studies: 8; patients: NR,[MESCLADO 2 p. 26],Cannot replace revascularization or prove stroke-prevention efficacy from observational data. Potential thromboembolic protection versus hemorrhagic concern and confounding by indication.,retain,,"Aspirin or other antiplatelet therapy, sometimes cilostazol.",No antiplatelet or alternative antiplatelet.,TRUE,TRUE,,TRUE,FALSE,FALSE,TRUE,Clinical events/safety,Mixed/unseparated,Antiplatelet vs none/alternative,Early ischemic stroke,Early/perioperative,Mixed/unclear,Proportion,TRUE,FALSE,NOT_REQUIRED_AFTER_INITIAL_HARMONIZATION,,,,,,"Aspirin or other antiplatelet therapy, sometimes cilostazol.",No antiplatelet or alternative antiplatelet.,,,,,,,,,,,,Direction not prespecified,Not orientable,NR,NR,FALSE
E0279,R026,MOY-1036,Tier 2 — Contextual formal synthesis/evidence map,Technique-specific/failure,Angiographic/technical success,Omental Approach to Functional Recovery After Cerebrovascular Disease,MMD and non-MMD ischemic cerebrovascular disease undergoing omental transposition.,Omental transplantation/transposition.,None/heterogeneous.,Cerebral vascularization after surgery,NR,patient,"Studies: 15 reports (11 case series, 4 case reports); patients: NR; mixed cerebrovascular disease",proportion,98%,NR,NR,NR,As reported; verify event coding in source statement,[MESCLADO 2 p. 55],Cannot recommend routine use. Major extracranial procedure and uncertain efficacy.,Critically low,High,Evidence map only,Source-verified during final effect audit,"Do not pool across age, MMD/MMS, presentation, early/late horizon or patient/hemisphere/procedure units unless explicitly harmonized.",MOY-1036,Tier 2 — Contextual formal synthesis/evidence map,Omental Approach to Functional Recovery After Cerebrovascular Disease,Yes,Critically low,High,,,,FALSE,FALSE,FALSE,,MIXED_UNSEP,C00,O10,T9,U01,EM_PROPORTION,SURROGATE_DESCRIPTIVE,0,not_orientable,1,MIXED_UNSEP|C00|O10|T9|U01,MIXED_UNSEP|C00|O10|T9|U01|EM_PROPORTION,Moderate,TRUE,FALSE,review_profile,review_profile,keyword,not_analytic,exact,proportion,C00 and O99 are operational noninferential codes and do not create new SAP comparisons/outcomes.,,,FALSE,FALSE,FALSE,,,,FALSE,TRUE,FALSE,MIXED_UNSEP|C00|O10|T9|U01,MIXED_UNSEP|C00|O10|T9|U01|EM_PROPORTION,Verified — evidence-map descriptive statistic,Audit-added from full text,Angiographic/technical endpoint; not equivalent to clinical benefit.,Audit-added result from source verification,"At post- assessment 56% of patients showed substantial gains in functional domains (24% in the non-MMD group, 71% in the MMD group) and 92% demonstrated improvements of cerebral vascularization (55% in the non-MMD group, 98% in the MMD group).",No,Source-verified during final effect audit,Yes — descriptive only,Source-verified during final effect audit,Audit-added result from source verification,Yes — descriptive only,"At post- assessment 56% of patients showed substantial gains in functional domains (24% in the non-MMD group, 71% in the MMD group) and 92% demonstrated improvements of cerebral vascularization (55% in the non-MMD group, 98% in the MMD group).",Verified — evidence-map descriptive statistic,Angiographic/technical endpoint; not equivalent to clinical benefit.,"Studies: 15 reports (11 case series, 4 case reports); patients: NR; mixed cerebrovascular disease",[MESCLADO 2 p. 55],Cannot recommend routine use. Major extracranial procedure and uncertain efficacy.,retain,,Omental transplantation/transposition.,None/heterogeneous.,TRUE,TRUE,,TRUE,FALSE,FALSE,TRUE,Angiographic,Mixed/unseparated,No formal comparison,Matsushima/collateralization,Not reported/not analytic,Patient,Proportion,TRUE,FALSE,NOT_REQUIRED_AFTER_INITIAL_HARMONIZATION,,,,,,Omental transplantation/transposition.,None/heterogeneous.,,,,,,,,,,,,Direction not prespecified,Not orientable,NR,NR,FALSE
E0280,R028,MOY-0172,Tier 1 — Core formal synthesis,Pediatric revascularization,Ischemic/stroke events,"Surgical revascularizations for pediatric moyamoya: a systematic review, meta-analysis, and meta-regression analysis","Children with MMD/MMS undergoing direct, indirect or combined revascularization; selected reviews focus on epilepsy.","Indirect, direct or combined revascularization and subtécnicas.",Technique groups or pooled single-arm outcomes.,Perioperative stroke after direct/combined bypass,early/perioperative,hemisphere,"Studies: 37; patients: 2,460",pooled proportion,4.55%,2.04–9.84,NR,53.1%,Descriptive rate; do not rank techniques using extreme sparse-event RRs.,[MESCLADO 2 p. 98],"Cannot declare a universal best technique across ages, vessel size, MMS etiology and outcomes. Technical vessel limitations and perioperative risk versus delayed collateralization and possible late failure.",Low,Unclear,Core clinical-surgical evidence table,Source-verified during final effect audit,"Do not pool across age, MMD/MMS, presentation, early/late horizon or patient/hemisphere/procedure units unless explicitly harmonized.",MOY-0172,Tier 1 — Core formal synthesis,"Surgical revascularizations for pediatric moyamoya: a systematic review, meta-analysis, and meta-regression analysis",Yes,Low,Unclear,,2.04,9.84,FALSE,FALSE,FALSE,,PED_MIX,C05,O01,T1,U02,EM_PROPORTION,DESCRIPTIVE_WITH_COMPARATOR,0,not_orientable,-1,PED_MIX|C05|O01|T1|U02,PED_MIX|C05|O01|T1|U02|EM_PROPORTION,High,FALSE,FALSE,review_profile,review_profile,keyword_horizon,early,exact,proportion,,2.04,9.84,FALSE,FALSE,FALSE,,,,TRUE,TRUE,FALSE,PED_MIX|C05|O01|T1|U02,PED_MIX|C05|O01|T1|U02|EM_PROPORTION,Verified — manuscript-ready quantitative result,Audit-added from full text,Second technique-specific pooled proportion.,Audit-added result from source verification,Two studies directly compared rates of perioperative stroke by hemispheres and patients and showed comparability (RR = 0.25 (95% CI: 0.00;,No,Source-verified during final effect audit,Yes,Source-verified during final effect audit,Audit-added result from source verification,Yes,Two studies directly compared rates of perioperative stroke by hemispheres and patients and showed comparability (RR = 0.25 (95% CI: 0.00;,Verified — manuscript-ready quantitative result,Second technique-specific pooled proportion.,"Studies: 37; patients: 2,460",[MESCLADO 2 p. 98],"Cannot declare a universal best technique across ages, vessel size, MMS etiology and outcomes. Technical vessel limitations and perioperative risk versus delayed collateralization and possible late failure.",retain,,"Indirect, direct or combined revascularization and subtécnicas.",Technique groups or pooled single-arm outcomes.,TRUE,TRUE,,TRUE,FALSE,FALSE,TRUE,Clinical events/safety,Pediatric mixed MMD/MMS,Pediatric direct/combined vs indirect,Early ischemic stroke,Early/perioperative,Hemisphere,Proportion,FALSE,FALSE,NOT_REQUIRED,,,,2.04,9.84,"Indirect, direct or combined revascularization and subtécnicas.",Technique groups or pooled single-arm outcomes.,,2.04,9.84,,,,,,,,,Direction not prespecified,Not orientable,NR,NR,FALSE
E0281,R036,MOY-0121,Tier 2 — Contextual formal synthesis/evidence map,Pregnancy/obstetric risk,Pregnancy,Moyamoya disease in pregnancy: a systematic review,"Women with MMD before, during or after pregnancy; some hybrid institutional series.","Prepregnancy revascularization, obstetric/anesthetic management, or observation.","Pregnancy timing, prior diagnosis/surgery, delivery mode; nonrandomized.",Fetal demise,NR,NR,Studies: 54 articles; patients: Individual-patient pregnancy literature; denominator varies,proportion,23.5%,NR,NR,NR,As reported; verify event coding in source statement,[MESCLADO 2 p. 178],"Cannot prescribe delivery mode or universal prophylactic surgery from pooled case series. Maternal cerebrovascular risk, hemodynamic changes and procedural/obstetric considerations.",Low,High,Evidence map only,Source-verified during final effect audit,"Do not pool across age, MMD/MMS, presentation, early/late horizon or patient/hemisphere/procedure units unless explicitly harmonized.",MOY-0121,Tier 2 — Contextual formal synthesis/evidence map,Moyamoya disease in pregnancy: a systematic review,Yes,Low,High,,,,FALSE,FALSE,FALSE,,PREG,C00,O99,T9,U07,EM_PROPORTION,DESCRIPTIVE,0,not_orientable,0,PREG|C00|O99|T9|U07,PREG|C00|O99|T9|U07|EM_PROPORTION,Low,TRUE,FALSE,review_profile,review_profile,other_or_composite,not_analytic,mixed_or_unclear,proportion,C00 and O99 are operational noninferential codes and do not create new SAP comparisons/outcomes.,,,FALSE,FALSE,FALSE,,,,FALSE,FALSE,FALSE,PREG|C00|O99|T9|U07,PREG|C00|O99|T9|U07|EM_PROPORTION,Verified — evidence-map descriptive statistic,Audit-added from full text,Separate fetal outcome.,Audit-added result from source verification,"In this group, 57.2% received neurosurgical operative management, and 80% underwent cesarean section with 13.6% maternal mortality and 23.5% fetal demise.",No,Source-verified during final effect audit,Yes — descriptive only,Source-verified during final effect audit,Audit-added result from source verification,Yes — descriptive only,"In this group, 57.2% received neurosurgical operative management, and 80% underwent cesarean section with 13.6% maternal mortality and 23.5% fetal demise.",Verified — evidence-map descriptive statistic,Separate fetal outcome.,Studies: 54 articles; patients: Individual-patient pregnancy literature; denominator varies,[MESCLADO 2 p. 178],"Cannot prescribe delivery mode or universal prophylactic surgery from pooled case series. Maternal cerebrovascular risk, hemodynamic changes and procedural/obstetric considerations.",retain,,"Prepregnancy revascularization, obstetric/anesthetic management, or observation.","Pregnancy timing, prior diagnosis/surgery, delivery mode; nonrandomized.",TRUE,TRUE,,TRUE,FALSE,FALSE,TRUE,Other/composite,Pregnancy,No formal comparison,Other/composite,Not reported/not analytic,Mixed/unclear,Proportion,TRUE,FALSE,NOT_REQUIRED_AFTER_INITIAL_HARMONIZATION,,,,,,"Prepregnancy revascularization, obstetric/anesthetic management, or observation.","Pregnancy timing, prior diagnosis/surgery, delivery mode; nonrandomized.",,,,,,,,,,,,Direction not prespecified,Not orientable,NR,NR,FALSE
E0282,R039,MOY-0100,Tier 1 — Core formal synthesis,Perioperative safety/risk,Hemorrhagic events,Incidence of cerebral hyperperfusion syndrome following revascularization surgery in moyamoya patients: a systematic review and meta-analysis,MMD patients after direct/combined revascularization; some prevention reviews include other bypass indications.,Bypass type and preventive pharmacologic/hemodynamic strategies.,"Age, bypass type, blood-pressure control and adjunctive regimens.",Postoperative hemorrhage,NR,NR,"Studies: 23; patients: 2,083",pooled proportion,15%,7–24,NR,NR,As reported; verify event coding in source statement,[MESCLADO 2 p. 206],Cannot infer causal superiority of a preventive regimen from between-study pooled proportions. Avoiding hyperperfusion/hemorrhage without provoking hypoperfusion/ischemia.,Critically low,High,Core clinical-surgical evidence table,Source-verified during final effect audit,"Do not pool across age, MMD/MMS, presentation, early/late horizon or patient/hemisphere/procedure units unless explicitly harmonized.",MOY-0100,Tier 1 — Core formal synthesis,Incidence of cerebral hyperperfusion syndrome following revascularization surgery in moyamoya patients: a systematic review and meta-analysis,Yes,Critically low,High,,7,24,FALSE,FALSE,FALSE,,MIXED_UNSEP,C00,O05,T9,U07,EM_PROPORTION,DESCRIPTIVE,0,not_orientable,-1,MIXED_UNSEP|C00|O05|T9|U07,MIXED_UNSEP|C00|O05|T9|U07|EM_PROPORTION,Low,TRUE,FALSE,review_profile,no_authorized_comparison,keyword,not_analytic,mixed_or_unclear,proportion,C00 and O99 are operational noninferential codes and do not create new SAP comparisons/outcomes.,7,24,FALSE,FALSE,FALSE,,,,FALSE,TRUE,FALSE,MIXED_UNSEP|C00|O05|T9|U07,MIXED_UNSEP|C00|O05|T9|U07|EM_PROPORTION,Verified — manuscript-ready quantitative result,Audit-added from full text,Distinct complication endpoint.,Audit-added result from source verification,"The incidence of postoperative seizures was 8% (95% CI: 5–11%), and hemorrhage was 15% (95% CI: 7–24%).",No,Source-verified during final effect audit,Yes,Source-verified during final effect audit,Audit-added result from source verification,Yes,"The incidence of postoperative seizures was 8% (95% CI: 5–11%), and hemorrhage was 15% (95% CI: 7–24%).",Verified — manuscript-ready quantitative result,Distinct complication endpoint.,"Studies: 23; patients: 2,083",[MESCLADO 2 p. 206],Cannot infer causal superiority of a preventive regimen from between-study pooled proportions. Avoiding hyperperfusion/hemorrhage without provoking hypoperfusion/ischemia.,retain,,Bypass type and preventive pharmacologic/hemodynamic strategies.,"Age, bypass type, blood-pressure control and adjunctive regimens.",TRUE,TRUE,,TRUE,FALSE,FALSE,TRUE,Clinical events/safety,Mixed/unseparated,No formal comparison,Late hemorrhage/rebleeding,Not reported/not analytic,Mixed/unclear,Proportion,TRUE,FALSE,NOT_REQUIRED_AFTER_INITIAL_HARMONIZATION,,,,7,24,Bypass type and preventive pharmacologic/hemodynamic strategies.,"Age, bypass type, blood-pressure control and adjunctive regimens.",,7,24,,,,,,,,,Direction not prespecified,Not orientable,NR,NR,FALSE
E0283,R041,MOY-0131,Tier 2 — Contextual formal synthesis/evidence map,MMS — sickle cell disease,Angiographic/technical success,Outcomes in Patients with Moyamoya Syndrome and Sickle Cell Disease: A Systematic Review,"Predominantly pediatric MMS associated with sickle cell disease, often with prior ischemic stroke despite chronic transfusion.","Mostly indirect revascularization (EDAS, pial synangiosis, EMAS) added to chronic transfusion.",Chronic transfusion alone or preoperative event rate; largely nonconcurrent comparisons.,Postoperative stroke after indirect revascularization,early/perioperative,patient,Studies: 6; patients: 122,proportion,5.5%,NR,NR,NR,Postoperative stroke 5.5%; 1/53.3 patient-years after surgery versus 1/13.65 on transfusion (p=0.00215).,[MESCLADO 3 p. 1],"Cannot prove superiority over optimized transfusion from nonrandomized, overlapping cohorts. Low perioperative event rate versus delayed collateral development and evidence from small retrospective cohorts.",Critically low,High,Evidence map only,Source-verified during final effect audit,"Do not pool across age, MMD/MMS, presentation, early/late horizon or patient/hemisphere/procedure units unless explicitly harmonized.",MOY-0131,Tier 2 — Contextual formal synthesis/evidence map,Outcomes in Patients with Moyamoya Syndrome and Sickle Cell Disease: A Systematic Review,Yes,Critically low,High,,,,FALSE,FALSE,FALSE,,MMS_SCD,C14,O01,T1,U01,EM_PROPORTION,DESCRIPTIVE_WITH_COMPARATOR,1,canonical,-1,MMS_SCD|C14|O01|T1|U01,MMS_SCD|C14|O01|T1|U01|EM_PROPORTION,High,FALSE,FALSE,review_profile,review_profile,keyword_horizon,early,exact,proportion,,,,FALSE,FALSE,FALSE,,,,TRUE,TRUE,FALSE,MMS_SCD|C14|O01|T1|U01,MMS_SCD|C14|O01|T1|U01|EM_PROPORTION,Verified — evidence-map descriptive statistic,Audit-added from full text,Late/postoperative event proportion separated.,Audit-added result from source verification,"Of the patients that underwent indirect revascu- larization surgery, a total of 1 perioperative (1.4%) and 4 postoperative strokes (5.5%) were reported over 44 months (1 stroke per 53.3 patient-years).",No,Source-verified during final effect audit,Yes — descriptive only,Source-verified during final effect audit,Audit-added result from source verification,Yes — descriptive only,"Of the patients that underwent indirect revascu- larization surgery, a total of 1 perioperative (1.4%) and 4 postoperative strokes (5.5%) were reported over 44 months (1 stroke per 53.3 patient-years).",Verified — evidence-map descriptive statistic,Late/postoperative event proportion separated.,Studies: 6; patients: 122,[MESCLADO 3 p. 1],"Cannot prove superiority over optimized transfusion from nonrandomized, overlapping cohorts. Low perioperative event rate versus delayed collateral development and evidence from small retrospective cohorts.",retain,,"Mostly indirect revascularization (EDAS, pial synangiosis, EMAS) added to chronic transfusion.",Chronic transfusion alone or preoperative event rate; largely nonconcurrent comparisons.,TRUE,TRUE,,TRUE,FALSE,FALSE,TRUE,Clinical events/safety,SCD-associated MMS,SCD-MMS: surgery + transfusion,Early ischemic stroke,Early/perioperative,Patient,Proportion,FALSE,FALSE,NOT_REQUIRED,,,,,,"Mostly indirect revascularization (EDAS, pial synangiosis, EMAS) added to chronic transfusion.",Chronic transfusion alone or preoperative event rate; largely nonconcurrent comparisons.,,,,,,,,,,,,Direction not prespecified,Not orientable,NR,NR,FALSE
E0284,R041,MOY-0131,Tier 2 — Contextual formal synthesis/evidence map,MMS — sickle cell disease,Ischemic/stroke events,Outcomes in Patients with Moyamoya Syndrome and Sickle Cell Disease: A Systematic Review,"Predominantly pediatric MMS associated with sickle cell disease, often with prior ischemic stroke despite chronic transfusion.","Mostly indirect revascularization (EDAS, pial synangiosis, EMAS) added to chronic transfusion.",Chronic transfusion alone or preoperative event rate; largely nonconcurrent comparisons.,Stroke incidence: surgery versus chronic transfusion,early/perioperative,patient-year,Studies: 6; patients: 122,incidence-rate comparison,1 per 53.3 vs 1 per 13.65 patient-years,NR,0.00215,NR,Postoperative stroke 5.5%; 1/53.3 patient-years after surgery versus 1/13.65 on transfusion (p=0.00215).,[MESCLADO 3 p. 1],"Cannot prove superiority over optimized transfusion from nonrandomized, overlapping cohorts. Low perioperative event rate versus delayed collateral development and evidence from small retrospective cohorts.",Critically low,High,Evidence map only,Source-verified during final effect audit,"Do not pool across age, MMD/MMS, presentation, early/late horizon or patient/hemisphere/procedure units unless explicitly harmonized.",MOY-0131,Tier 2 — Contextual formal synthesis/evidence map,Outcomes in Patients with Moyamoya Syndrome and Sickle Cell Disease: A Systematic Review,Yes,Critically low,High,,,,FALSE,FALSE,FALSE,,MMS_SCD,C14,O01,T1,U05,EM_RATE,DESCRIPTIVE_WITH_COMPARATOR,1,canonical,-1,MMS_SCD|C14|O01|T1|U05,MMS_SCD|C14|O01|T1|U05|EM_RATE,High,FALSE,FALSE,review_profile,review_profile,keyword_horizon,early,exact,rate,,,,FALSE,FALSE,FALSE,,,,TRUE,TRUE,FALSE,MMS_SCD|C14|O01|T1|U05,MMS_SCD|C14|O01|T1|U05|EM_RATE,Verified — evidence-map descriptive statistic,Audit-added from full text,Nonrandomized/nonconcurrent comparison; selection and immortal-time bias.,Audit-added result from source verification,"Of the patients that underwent indirect revascu- larization surgery, a total of 1 perioperative (1.4%) and 4 postoperative strokes (5.5%) were reported over 44 months (1 stroke per 53.3 patient-years).",No,Source-verified during final effect audit,Yes — descriptive only,Source-verified during final effect audit,Audit-added result from source verification,Yes — descriptive only,"Of the patients that underwent indirect revascu- larization surgery, a total of 1 perioperative (1.4%) and 4 postoperative strokes (5.5%) were reported over 44 months (1 stroke per 53.3 patient-years).",Verified — evidence-map descriptive statistic,Nonrandomized/nonconcurrent comparison; selection and immortal-time bias.,Studies: 6; patients: 122,[MESCLADO 3 p. 1],"Cannot prove superiority over optimized transfusion from nonrandomized, overlapping cohorts. Low perioperative event rate versus delayed collateral development and evidence from small retrospective cohorts.",retain,,"Mostly indirect revascularization (EDAS, pial synangiosis, EMAS) added to chronic transfusion.",Chronic transfusion alone or preoperative event rate; largely nonconcurrent comparisons.,TRUE,TRUE,,TRUE,FALSE,FALSE,TRUE,Clinical events/safety,SCD-associated MMS,SCD-MMS: surgery + transfusion,Early ischemic stroke,Early/perioperative,Patient-year,Rate,FALSE,FALSE,NOT_REQUIRED,,,,,,"Mostly indirect revascularization (EDAS, pial synangiosis, EMAS) added to chronic transfusion.",Chronic transfusion alone or preoperative event rate; largely nonconcurrent comparisons.,,,,,,,,,,,,Direction not prespecified,Not orientable,NR,NR,FALSE
E0285,R043,MOY-0166,Tier 1 — Core formal synthesis,Technique-specific/failure,Mortality,STA-MCA Double-Barrel Bypass: A Systematic Review of Technique and Single-Arm Meta-Analysis of Outcomes,Patients undergoing double-barrel/double-anastomosis STA-MCA bypass; some reviews include non-MMD occlusive disease.,Two-anastomosis STA-MCA bypass.,Single anastomosis or no direct comparator; often single-arm.,Procedure-related mortality,late/follow-up,NR,Studies: 34; patients: 408,pooled proportion,0%,0–1,NR,NR,As reported; verify event coding in source statement,[MESCLADO 3 p. 18],"Cannot infer superiority over single-barrel bypass from predominantly single-arm data. Greater flow/coverage versus longer, more complex surgery and potential hyperperfusion.",Critically low,High,Core clinical-surgical evidence table,Source-verified during final effect audit,"Do not pool across age, MMD/MMS, presentation, early/late horizon or patient/hemisphere/procedure units unless explicitly harmonized.",MOY-0166,Tier 1 — Core formal synthesis,STA-MCA Double-Barrel Bypass: A Systematic Review of Technique and Single-Arm Meta-Analysis of Outcomes,Yes,Critically low,High,,0,1,FALSE,FALSE,FALSE,,MIXED_UNSEP,C13,O07,T3,U07,EM_PROPORTION,DESCRIPTIVE_WITH_COMPARATOR,1,canonical,-1,MIXED_UNSEP|C13|O07|T3|U07,MIXED_UNSEP|C13|O07|T3|U07|EM_PROPORTION,Moderate,TRUE,FALSE,review_profile,review_profile,keyword,long_term,mixed_or_unclear,proportion,,0,1,FALSE,FALSE,FALSE,,,,TRUE,TRUE,FALSE,MIXED_UNSEP|C13|O07|T3|U07,MIXED_UNSEP|C13|O07|T3|U07|EM_PROPORTION,Verified — manuscript-ready quantitative result,Audit-added from full text,Distinct safety endpoint.,Audit-added result from source verification,The follow-up patency was 98% (95% CI: 96%- 100%;,No,Source-verified during final effect audit,Yes,Source-verified during final effect audit,Audit-added result from source verification,Yes,The follow-up patency was 98% (95% CI: 96%- 100%;,Verified — manuscript-ready quantitative result,Distinct safety endpoint.,Studies: 34; patients: 408,[MESCLADO 3 p. 18],"Cannot infer superiority over single-barrel bypass from predominantly single-arm data. Greater flow/coverage versus longer, more complex surgery and potential hyperperfusion.",retain,,Two-anastomosis STA-MCA bypass.,Single anastomosis or no direct comparator; often single-arm.,TRUE,TRUE,,TRUE,FALSE,FALSE,TRUE,Clinical events/safety,Mixed/unseparated,Double-barrel vs benchmark,Mortality,Late/long-term,Mixed/unclear,Proportion,TRUE,FALSE,NOT_REQUIRED_AFTER_INITIAL_HARMONIZATION,,,,0,1,Two-anastomosis STA-MCA bypass.,Single anastomosis or no direct comparator; often single-arm.,,0,1,,,,,,,,,Direction not prespecified,Not orientable,NR,NR,FALSE
E0286,R052,MOY-0086,Tier 1 — Core formal synthesis,Technique-specific/failure,Angiographic/technical success,Failures in Revascularization for Pediatric Moyamoya Disease and Syndrome: A Scoping Review,"Children with MMD/MMS undergoing direct, indirect or combined revascularization; selected reviews focus on epilepsy.","Indirect, direct or combined revascularization and subtécnicas.",Technique groups or pooled single-arm outcomes.,Matsushima grade B collateralization,NR,hemisphere/procedure,442/900 hemispheres/procedures,proportion,33.2%,NR,NR,NR,As reported; verify event coding in source statement,[MESCLADO 3 p. 134],"Cannot declare a universal best technique across ages, vessel size, MMS etiology and outcomes. Technical vessel limitations and perioperative risk versus delayed collateralization and possible late failure.",Critically low,High,Core clinical-surgical evidence table,Source-verified during final effect audit,"Do not pool across age, MMD/MMS, presentation, early/late horizon or patient/hemisphere/procedure units unless explicitly harmonized.",MOY-0086,Tier 1 — Core formal synthesis,Failures in Revascularization for Pediatric Moyamoya Disease and Syndrome: A Scoping Review,Yes,Critically low,High,,,,FALSE,FALSE,FALSE,,PED_MIX,C00,O10,T9,U07,EM_PROPORTION,SURROGATE_DESCRIPTIVE,0,not_orientable,1,PED_MIX|C00|O10|T9|U07,PED_MIX|C00|O10|T9|U07|EM_PROPORTION,Moderate,TRUE,FALSE,review_profile,review_profile,keyword,not_analytic,mixed_or_unclear,proportion,C00 and O99 are operational noninferential codes and do not create new SAP comparisons/outcomes.,,,FALSE,FALSE,FALSE,,,,FALSE,TRUE,FALSE,PED_MIX|C00|O10|T9|U07,PED_MIX|C00|O10|T9|U07|EM_PROPORTION,Verified — manuscript-ready quantitative result,Audit-added from full text,Second angiographic category.,Audit-added result from source verification,"Angiographic out- comes were reported for 900 hemispheres, of which 442 (49.1%) were denoted as Matsushima grade A, 299 (33.2%) as Matsushima grade B, and 159 (17.7%) as Matsushima grade C.",No,Source-verified during final effect audit,Yes,Source-verified during final effect audit,Audit-added result from source verification,Yes,"Angiographic out- comes were reported for 900 hemispheres, of which 442 (49.1%) were denoted as Matsushima grade A, 299 (33.2%) as Matsushima grade B, and 159 (17.7%) as Matsushima grade C.",Verified — manuscript-ready quantitative result,Second angiographic category.,442/900 hemispheres/procedures,[MESCLADO 3 p. 134],"Cannot declare a universal best technique across ages, vessel size, MMS etiology and outcomes. Technical vessel limitations and perioperative risk versus delayed collateralization and possible late failure.",retain,,"Indirect, direct or combined revascularization and subtécnicas.",Technique groups or pooled single-arm outcomes.,TRUE,TRUE,,TRUE,FALSE,FALSE,TRUE,Angiographic,Pediatric mixed MMD/MMS,No formal comparison,Matsushima/collateralization,Not reported/not analytic,Mixed/unclear,Proportion,TRUE,FALSE,NOT_REQUIRED_AFTER_INITIAL_HARMONIZATION,,,,,,"Indirect, direct or combined revascularization and subtécnicas.",Technique groups or pooled single-arm outcomes.,,,,,,,,,,,,Direction not prespecified,Not orientable,NR,NR,FALSE
E0287,R052,MOY-0086,Tier 1 — Core formal synthesis,Technique-specific/failure,Angiographic/technical success,Failures in Revascularization for Pediatric Moyamoya Disease and Syndrome: A Scoping Review,"Children with MMD/MMS undergoing direct, indirect or combined revascularization; selected reviews focus on epilepsy.","Indirect, direct or combined revascularization and subtécnicas.",Technique groups or pooled single-arm outcomes.,Matsushima grade C collateralization,NR,hemisphere/procedure,442/900 hemispheres/procedures,proportion,17.7%,NR,NR,NR,As reported; verify event coding in source statement,[MESCLADO 3 p. 134],"Cannot declare a universal best technique across ages, vessel size, MMS etiology and outcomes. Technical vessel limitations and perioperative risk versus delayed collateralization and possible late failure.",Critically low,High,Core clinical-surgical evidence table,Source-verified during final effect audit,"Do not pool across age, MMD/MMS, presentation, early/late horizon or patient/hemisphere/procedure units unless explicitly harmonized.",MOY-0086,Tier 1 — Core formal synthesis,Failures in Revascularization for Pediatric Moyamoya Disease and Syndrome: A Scoping Review,Yes,Critically low,High,,,,FALSE,FALSE,FALSE,,PED_MIX,C00,O10,T9,U07,EM_PROPORTION,SURROGATE_DESCRIPTIVE,0,not_orientable,1,PED_MIX|C00|O10|T9|U07,PED_MIX|C00|O10|T9|U07|EM_PROPORTION,Moderate,TRUE,FALSE,review_profile,review_profile,keyword,not_analytic,mixed_or_unclear,proportion,C00 and O99 are operational noninferential codes and do not create new SAP comparisons/outcomes.,,,FALSE,FALSE,FALSE,,,,FALSE,TRUE,FALSE,PED_MIX|C00|O10|T9|U07,PED_MIX|C00|O10|T9|U07|EM_PROPORTION,Verified — manuscript-ready quantitative result,Audit-added from full text,Third angiographic category.,Audit-added result from source verification,"Angiographic out- comes were reported for 900 hemispheres, of which 442 (49.1%) were denoted as Matsushima grade A, 299 (33.2%) as Matsushima grade B, and 159 (17.7%) as Matsushima grade C.",No,Source-verified during final effect audit,Yes,Source-verified during final effect audit,Audit-added result from source verification,Yes,"Angiographic out- comes were reported for 900 hemispheres, of which 442 (49.1%) were denoted as Matsushima grade A, 299 (33.2%) as Matsushima grade B, and 159 (17.7%) as Matsushima grade C.",Verified — manuscript-ready quantitative result,Third angiographic category.,442/900 hemispheres/procedures,[MESCLADO 3 p. 134],"Cannot declare a universal best technique across ages, vessel size, MMS etiology and outcomes. Technical vessel limitations and perioperative risk versus delayed collateralization and possible late failure.",retain,,"Indirect, direct or combined revascularization and subtécnicas.",Technique groups or pooled single-arm outcomes.,TRUE,TRUE,,TRUE,FALSE,FALSE,TRUE,Angiographic,Pediatric mixed MMD/MMS,No formal comparison,Matsushima/collateralization,Not reported/not analytic,Mixed/unclear,Proportion,TRUE,FALSE,NOT_REQUIRED_AFTER_INITIAL_HARMONIZATION,,,,,,"Indirect, direct or combined revascularization and subtécnicas.",Technique groups or pooled single-arm outcomes.,,,,,,,,,,,,Direction not prespecified,Not orientable,NR,NR,FALSE
E0288,R060,MOY-0020,Tier 1 — Core formal synthesis,Angiography/hemodynamics/monitoring,Angiographic/technical success,Angiographic outcomes after indirect revascularization in pediatric Moyamoya disease: a systematic review and meta-analysis,"Children with MMD/MMS undergoing direct, indirect or combined revascularization; selected reviews focus on epilepsy.","Indirect, direct or combined revascularization and subtécnicas.",Technique groups or pooled single-arm outcomes.,Matsushima grade B,NR,hemisphere,Studies: 17; patients: NR,pooled proportion,38.2%,32.0–44.9,NR,84.4%,As reported; verify event coding in source statement,[MESCLADO 3 p. 212],"Cannot declare a universal best technique across ages, vessel size, MMS etiology and outcomes. Technical vessel limitations and perioperative risk versus delayed collateralization and possible late failure.",Low,Unclear,Core clinical-surgical evidence table,Source-verified during final effect audit,"Do not pool across age, MMD/MMS, presentation, early/late horizon or patient/hemisphere/procedure units unless explicitly harmonized.",MOY-0020,Tier 1 — Core formal synthesis,Angiographic outcomes after indirect revascularization in pediatric Moyamoya disease: a systematic review and meta-analysis,Yes,Low,Unclear,,32,44.9,FALSE,FALSE,FALSE,,PED_MIX,C12,O10,T9,U02,EM_PROPORTION,DESCRIPTIVE_WITH_COMPARATOR,0,not_orientable,1,PED_MIX|C12|O10|T9|U02,PED_MIX|C12|O10|T9|U02|EM_PROPORTION,High,FALSE,FALSE,review_profile,review_profile,keyword,not_analytic,exact,proportion,,32,44.9,FALSE,FALSE,FALSE,,,,TRUE,TRUE,FALSE,PED_MIX|C12|O10|T9|U02,PED_MIX|C12|O10|T9|U02|EM_PROPORTION,Verified — manuscript-ready quantitative result,Audit-added from full text,Second angiographic grade.,Audit-added result from source verification,"The combined proportions of hemispheres achieving Matsushima grades A, B and C were 47.1% (95% CI: 38.4–55.9;",No,Source-verified during final effect audit,Yes,Source-verified during final effect audit,Audit-added result from source verification,Yes,"The combined proportions of hemispheres achieving Matsushima grades A, B and C were 47.1% (95% CI: 38.4–55.9;",Verified — manuscript-ready quantitative result,Second angiographic grade.,Studies: 17; patients: NR,[MESCLADO 3 p. 212],"Cannot declare a universal best technique across ages, vessel size, MMS etiology and outcomes. Technical vessel limitations and perioperative risk versus delayed collateralization and possible late failure.",retain,,"Indirect, direct or combined revascularization and subtécnicas.",Technique groups or pooled single-arm outcomes.,TRUE,TRUE,,TRUE,FALSE,FALSE,TRUE,Angiographic,Pediatric mixed MMD/MMS,Indirect technique subtypes,Matsushima/collateralization,Not reported/not analytic,Hemisphere,Proportion,FALSE,FALSE,NOT_REQUIRED,,,,32,44.9,"Indirect, direct or combined revascularization and subtécnicas.",Technique groups or pooled single-arm outcomes.,,32,44.9,,,,,,,,,Direction not prespecified,Not orientable,NR,NR,FALSE
E0289,R060,MOY-0020,Tier 1 — Core formal synthesis,Angiography/hemodynamics/monitoring,Angiographic/technical success,Angiographic outcomes after indirect revascularization in pediatric Moyamoya disease: a systematic review and meta-analysis,"Children with MMD/MMS undergoing direct, indirect or combined revascularization; selected reviews focus on epilepsy.","Indirect, direct or combined revascularization and subtécnicas.",Technique groups or pooled single-arm outcomes.,Matsushima grade C,NR,hemisphere,Studies: 17; patients: NR,pooled proportion,12.3%,9.3–16.0,NR,47%,As reported; verify event coding in source statement,[MESCLADO 3 p. 212],"Cannot declare a universal best technique across ages, vessel size, MMS etiology and outcomes. Technical vessel limitations and perioperative risk versus delayed collateralization and possible late failure.",Low,Unclear,Core clinical-surgical evidence table,Source-verified during final effect audit,"Do not pool across age, MMD/MMS, presentation, early/late horizon or patient/hemisphere/procedure units unless explicitly harmonized.",MOY-0020,Tier 1 — Core formal synthesis,Angiographic outcomes after indirect revascularization in pediatric Moyamoya disease: a systematic review and meta-analysis,Yes,Low,Unclear,,9.3,16,FALSE,FALSE,FALSE,,PED_MIX,C12,O10,T9,U02,EM_PROPORTION,DESCRIPTIVE_WITH_COMPARATOR,0,not_orientable,1,PED_MIX|C12|O10|T9|U02,PED_MIX|C12|O10|T9|U02|EM_PROPORTION,High,FALSE,FALSE,review_profile,review_profile,keyword,not_analytic,exact,proportion,,9.3,16,FALSE,FALSE,FALSE,,,,TRUE,TRUE,FALSE,PED_MIX|C12|O10|T9|U02,PED_MIX|C12|O10|T9|U02|EM_PROPORTION,Verified — manuscript-ready quantitative result,Audit-added from full text,Third angiographic grade.,Audit-added result from source verification,"The combined proportions of hemispheres achieving Matsushima grades A, B and C were 47.1% (95% CI: 38.4–55.9;",No,Source-verified during final effect audit,Yes,Source-verified during final effect audit,Audit-added result from source verification,Yes,"The combined proportions of hemispheres achieving Matsushima grades A, B and C were 47.1% (95% CI: 38.4–55.9;",Verified — manuscript-ready quantitative result,Third angiographic grade.,Studies: 17; patients: NR,[MESCLADO 3 p. 212],"Cannot declare a universal best technique across ages, vessel size, MMS etiology and outcomes. Technical vessel limitations and perioperative risk versus delayed collateralization and possible late failure.",retain,,"Indirect, direct or combined revascularization and subtécnicas.",Technique groups or pooled single-arm outcomes.,TRUE,TRUE,,TRUE,FALSE,FALSE,TRUE,Angiographic,Pediatric mixed MMD/MMS,Indirect technique subtypes,Matsushima/collateralization,Not reported/not analytic,Hemisphere,Proportion,FALSE,FALSE,NOT_REQUIRED,,,,9.3,16,"Indirect, direct or combined revascularization and subtécnicas.",Technique groups or pooled single-arm outcomes.,,9.3,16,,,,,,,,,Direction not prespecified,Not orientable,NR,NR,FALSE
E0290,R060,MOY-0020,Tier 1 — Core formal synthesis,Angiography/hemodynamics/monitoring,Ischemic/stroke events,Angiographic outcomes after indirect revascularization in pediatric Moyamoya disease: a systematic review and meta-analysis,"Children with MMD/MMS undergoing direct, indirect or combined revascularization; selected reviews focus on epilepsy.","Indirect, direct or combined revascularization and subtécnicas.",Technique groups or pooled single-arm outcomes.,Postoperative stroke,NR,hemisphere,Studies: 17; patients: NR,pooled proportion,8.3%,NR,NR,NR,As reported; verify event coding in source statement,[MESCLADO 3 p. 212],"Cannot declare a universal best technique across ages, vessel size, MMS etiology and outcomes. Technical vessel limitations and perioperative risk versus delayed collateralization and possible late failure.",Low,Unclear,Core clinical-surgical evidence table,Source-verified during final effect audit,"Do not pool across age, MMD/MMS, presentation, early/late horizon or patient/hemisphere/procedure units unless explicitly harmonized.",MOY-0020,Tier 1 — Core formal synthesis,Angiographic outcomes after indirect revascularization in pediatric Moyamoya disease: a systematic review and meta-analysis,Yes,Low,Unclear,,,,FALSE,FALSE,FALSE,,PED_MIX,C12,O01,T9,U02,EM_PROPORTION,DESCRIPTIVE_WITH_COMPARATOR,0,not_orientable,-1,PED_MIX|C12|O01|T9|U02,PED_MIX|C12|O01|T9|U02|EM_PROPORTION,High,FALSE,FALSE,review_profile,review_profile,keyword_horizon,not_analytic,exact,proportion,,,,FALSE,FALSE,FALSE,,,,TRUE,TRUE,FALSE,PED_MIX|C12|O01|T9|U02,PED_MIX|C12|O01|T9|U02|EM_PROPORTION,Verified — manuscript-ready quantitative result,Audit-added from full text,Complication endpoint from indirect-revascularization review.,Audit-added result from source verification,"The combined proportions of hemispheres achieving Matsushima grades A, B and C were 47.1% (95% CI: 38.4–55.9;",No,Source-verified during final effect audit,Yes,Source-verified during final effect audit,Audit-added result from source verification,Yes,"The combined proportions of hemispheres achieving Matsushima grades A, B and C were 47.1% (95% CI: 38.4–55.9;",Verified — manuscript-ready quantitative result,Complication endpoint from indirect-revascularization review.,Studies: 17; patients: NR,[MESCLADO 3 p. 212],"Cannot declare a universal best technique across ages, vessel size, MMS etiology and outcomes. Technical vessel limitations and perioperative risk versus delayed collateralization and possible late failure.",retain,,"Indirect, direct or combined revascularization and subtécnicas.",Technique groups or pooled single-arm outcomes.,TRUE,TRUE,,TRUE,FALSE,FALSE,TRUE,Clinical events/safety,Pediatric mixed MMD/MMS,Indirect technique subtypes,Early ischemic stroke,Not reported/not analytic,Hemisphere,Proportion,FALSE,FALSE,NOT_REQUIRED,,,,,,"Indirect, direct or combined revascularization and subtécnicas.",Technique groups or pooled single-arm outcomes.,,,,,,,,,,,,Direction not prespecified,Not orientable,NR,NR,FALSE
E0291,R060,MOY-0020,Tier 1 — Core formal synthesis,Angiography/hemodynamics/monitoring,Ischemic/stroke events,Angiographic outcomes after indirect revascularization in pediatric Moyamoya disease: a systematic review and meta-analysis,"Children with MMD/MMS undergoing direct, indirect or combined revascularization; selected reviews focus on epilepsy.","Indirect, direct or combined revascularization and subtécnicas.",Technique groups or pooled single-arm outcomes.,Transient ischemic attack,NR,hemisphere,Studies: 17; patients: NR,pooled proportion,7.2%,NR,NR,NR,As reported; verify event coding in source statement,[MESCLADO 3 p. 212],"Cannot declare a universal best technique across ages, vessel size, MMS etiology and outcomes. Technical vessel limitations and perioperative risk versus delayed collateralization and possible late failure.",Low,Unclear,Core clinical-surgical evidence table,Source-verified during final effect audit,"Do not pool across age, MMD/MMS, presentation, early/late horizon or patient/hemisphere/procedure units unless explicitly harmonized.",MOY-0020,Tier 1 — Core formal synthesis,Angiographic outcomes after indirect revascularization in pediatric Moyamoya disease: a systematic review and meta-analysis,Yes,Low,Unclear,,,,FALSE,FALSE,FALSE,,PED_MIX,C12,O03,T9,U02,EM_PROPORTION,DESCRIPTIVE_WITH_COMPARATOR,0,not_orientable,-1,PED_MIX|C12|O03|T9|U02,PED_MIX|C12|O03|T9|U02|EM_PROPORTION,High,FALSE,FALSE,review_profile,review_profile,keyword,not_analytic,exact,proportion,,,,FALSE,FALSE,FALSE,,,,TRUE,TRUE,FALSE,PED_MIX|C12|O03|T9|U02,PED_MIX|C12|O03|T9|U02|EM_PROPORTION,Verified — manuscript-ready quantitative result,Audit-added from full text,Complication endpoint from indirect-revascularization review.,Audit-added result from source verification,"The combined proportions of hemispheres achieving Matsushima grades A, B and C were 47.1% (95% CI: 38.4–55.9;",No,Source-verified during final effect audit,Yes,Source-verified during final effect audit,Audit-added result from source verification,Yes,"The combined proportions of hemispheres achieving Matsushima grades A, B and C were 47.1% (95% CI: 38.4–55.9;",Verified — manuscript-ready quantitative result,Complication endpoint from indirect-revascularization review.,Studies: 17; patients: NR,[MESCLADO 3 p. 212],"Cannot declare a universal best technique across ages, vessel size, MMS etiology and outcomes. Technical vessel limitations and perioperative risk versus delayed collateralization and possible late failure.",retain,,"Indirect, direct or combined revascularization and subtécnicas.",Technique groups or pooled single-arm outcomes.,TRUE,TRUE,,TRUE,FALSE,FALSE,TRUE,Clinical events/safety,Pediatric mixed MMD/MMS,Indirect technique subtypes,TIA,Not reported/not analytic,Hemisphere,Proportion,FALSE,FALSE,NOT_REQUIRED,,,,,,"Indirect, direct or combined revascularization and subtécnicas.",Technique groups or pooled single-arm outcomes.,,,,,,,,,,,,Direction not prespecified,Not orientable,NR,NR,FALSE
E0292,R060,MOY-0020,Tier 1 — Core formal synthesis,Angiography/hemodynamics/monitoring,Seizure/epilepsy,Angiographic outcomes after indirect revascularization in pediatric Moyamoya disease: a systematic review and meta-analysis,"Children with MMD/MMS undergoing direct, indirect or combined revascularization; selected reviews focus on epilepsy.","Indirect, direct or combined revascularization and subtécnicas.",Technique groups or pooled single-arm outcomes.,Seizure,NR,hemisphere,Studies: 17; patients: NR,pooled proportion,2.5%,NR,NR,NR,As reported; verify event coding in source statement,[MESCLADO 3 p. 212],"Cannot declare a universal best technique across ages, vessel size, MMS etiology and outcomes. Technical vessel limitations and perioperative risk versus delayed collateralization and possible late failure.",Low,Unclear,Core clinical-surgical evidence table,Source-verified during final effect audit,"Do not pool across age, MMD/MMS, presentation, early/late horizon or patient/hemisphere/procedure units unless explicitly harmonized.",MOY-0020,Tier 1 — Core formal synthesis,Angiographic outcomes after indirect revascularization in pediatric Moyamoya disease: a systematic review and meta-analysis,Yes,Low,Unclear,,,,FALSE,FALSE,FALSE,,PED_MIX,C12,O09,T9,U02,EM_PROPORTION,DESCRIPTIVE_WITH_COMPARATOR,0,not_orientable,-1,PED_MIX|C12|O09|T9|U02,PED_MIX|C12|O09|T9|U02|EM_PROPORTION,High,FALSE,FALSE,review_profile,review_profile,keyword,not_analytic,exact,proportion,,,,FALSE,FALSE,FALSE,,,,TRUE,TRUE,FALSE,PED_MIX|C12|O09|T9|U02,PED_MIX|C12|O09|T9|U02|EM_PROPORTION,Verified — manuscript-ready quantitative result,Audit-added from full text,Complication endpoint from indirect-revascularization review.,Audit-added result from source verification,"The combined proportions of hemispheres achieving Matsushima grades A, B and C were 47.1% (95% CI: 38.4–55.9;",No,Source-verified during final effect audit,Yes,Source-verified during final effect audit,Audit-added result from source verification,Yes,"The combined proportions of hemispheres achieving Matsushima grades A, B and C were 47.1% (95% CI: 38.4–55.9;",Verified — manuscript-ready quantitative result,Complication endpoint from indirect-revascularization review.,Studies: 17; patients: NR,[MESCLADO 3 p. 212],"Cannot declare a universal best technique across ages, vessel size, MMS etiology and outcomes. Technical vessel limitations and perioperative risk versus delayed collateralization and possible late failure.",retain,,"Indirect, direct or combined revascularization and subtécnicas.",Technique groups or pooled single-arm outcomes.,TRUE,TRUE,,TRUE,FALSE,FALSE,TRUE,Clinical events/safety,Pediatric mixed MMD/MMS,Indirect technique subtypes,Postoperative seizure,Not reported/not analytic,Hemisphere,Proportion,FALSE,FALSE,NOT_REQUIRED,,,,,,"Indirect, direct or combined revascularization and subtécnicas.",Technique groups or pooled single-arm outcomes.,,,,,,,,,,,,Direction not prespecified,Not orientable,NR,NR,FALSE
E0293,R060,MOY-0020,Tier 1 — Core formal synthesis,Angiography/hemodynamics/monitoring,Hemorrhagic events,Angiographic outcomes after indirect revascularization in pediatric Moyamoya disease: a systematic review and meta-analysis,"Children with MMD/MMS undergoing direct, indirect or combined revascularization; selected reviews focus on epilepsy.","Indirect, direct or combined revascularization and subtécnicas.",Technique groups or pooled single-arm outcomes.,Bleeding,NR,hemisphere,Studies: 17; patients: NR,pooled proportion,2.7%,NR,NR,NR,As reported; verify event coding in source statement,[MESCLADO 3 p. 212],"Cannot declare a universal best technique across ages, vessel size, MMS etiology and outcomes. Technical vessel limitations and perioperative risk versus delayed collateralization and possible late failure.",Low,Unclear,Core clinical-surgical evidence table,Source-verified during final effect audit,"Do not pool across age, MMD/MMS, presentation, early/late horizon or patient/hemisphere/procedure units unless explicitly harmonized.",MOY-0020,Tier 1 — Core formal synthesis,Angiographic outcomes after indirect revascularization in pediatric Moyamoya disease: a systematic review and meta-analysis,Yes,Low,Unclear,,,,FALSE,FALSE,FALSE,,PED_MIX,C12,O05,T9,U02,EM_PROPORTION,DESCRIPTIVE_WITH_COMPARATOR,0,not_orientable,-1,PED_MIX|C12|O05|T9|U02,PED_MIX|C12|O05|T9|U02|EM_PROPORTION,High,FALSE,FALSE,review_profile,review_profile,keyword,not_analytic,exact,proportion,,,,FALSE,FALSE,FALSE,,,,TRUE,TRUE,FALSE,PED_MIX|C12|O05|T9|U02,PED_MIX|C12|O05|T9|U02|EM_PROPORTION,Verified — manuscript-ready quantitative result,Audit-added from full text,Complication endpoint from indirect-revascularization review.,Audit-added result from source verification,"The combined proportions of hemispheres achieving Matsushima grades A, B and C were 47.1% (95% CI: 38.4–55.9;",No,Source-verified during final effect audit,Yes,Source-verified during final effect audit,Audit-added result from source verification,Yes,"The combined proportions of hemispheres achieving Matsushima grades A, B and C were 47.1% (95% CI: 38.4–55.9;",Verified — manuscript-ready quantitative result,Complication endpoint from indirect-revascularization review.,Studies: 17; patients: NR,[MESCLADO 3 p. 212],"Cannot declare a universal best technique across ages, vessel size, MMS etiology and outcomes. Technical vessel limitations and perioperative risk versus delayed collateralization and possible late failure.",retain,,"Indirect, direct or combined revascularization and subtécnicas.",Technique groups or pooled single-arm outcomes.,TRUE,TRUE,,TRUE,FALSE,FALSE,TRUE,Clinical events/safety,Pediatric mixed MMD/MMS,Indirect technique subtypes,Late hemorrhage/rebleeding,Not reported/not analytic,Hemisphere,Proportion,FALSE,FALSE,NOT_REQUIRED,,,,,,"Indirect, direct or combined revascularization and subtécnicas.",Technique groups or pooled single-arm outcomes.,,,,,,,,,,,,Direction not prespecified,Not orientable,NR,NR,FALSE
E0294,R060,MOY-0020,Tier 1 — Core formal synthesis,Angiography/hemodynamics/monitoring,Mortality,Angiographic outcomes after indirect revascularization in pediatric Moyamoya disease: a systematic review and meta-analysis,"Children with MMD/MMS undergoing direct, indirect or combined revascularization; selected reviews focus on epilepsy.","Indirect, direct or combined revascularization and subtécnicas.",Technique groups or pooled single-arm outcomes.,Mortality,NR,hemisphere,Studies: 17; patients: NR,pooled proportion,0.8%,NR,NR,NR,As reported; verify event coding in source statement,[MESCLADO 3 p. 212],"Cannot declare a universal best technique across ages, vessel size, MMS etiology and outcomes. Technical vessel limitations and perioperative risk versus delayed collateralization and possible late failure.",Low,Unclear,Core clinical-surgical evidence table,Source-verified during final effect audit,"Do not pool across age, MMD/MMS, presentation, early/late horizon or patient/hemisphere/procedure units unless explicitly harmonized.",MOY-0020,Tier 1 — Core formal synthesis,Angiographic outcomes after indirect revascularization in pediatric Moyamoya disease: a systematic review and meta-analysis,Yes,Low,Unclear,,,,FALSE,FALSE,FALSE,,PED_MIX,C12,O07,T9,U02,EM_PROPORTION,DESCRIPTIVE_WITH_COMPARATOR,0,not_orientable,-1,PED_MIX|C12|O07|T9|U02,PED_MIX|C12|O07|T9|U02|EM_PROPORTION,High,FALSE,FALSE,review_profile,review_profile,keyword,not_analytic,exact,proportion,,,,FALSE,FALSE,FALSE,,,,TRUE,TRUE,FALSE,PED_MIX|C12|O07|T9|U02,PED_MIX|C12|O07|T9|U02|EM_PROPORTION,Verified — manuscript-ready quantitative result,Audit-added from full text,Complication endpoint from indirect-revascularization review.,Audit-added result from source verification,"The combined proportions of hemispheres achieving Matsushima grades A, B and C were 47.1% (95% CI: 38.4–55.9;",No,Source-verified during final effect audit,Yes,Source-verified during final effect audit,Audit-added result from source verification,Yes,"The combined proportions of hemispheres achieving Matsushima grades A, B and C were 47.1% (95% CI: 38.4–55.9;",Verified — manuscript-ready quantitative result,Complication endpoint from indirect-revascularization review.,Studies: 17; patients: NR,[MESCLADO 3 p. 212],"Cannot declare a universal best technique across ages, vessel size, MMS etiology and outcomes. Technical vessel limitations and perioperative risk versus delayed collateralization and possible late failure.",retain,,"Indirect, direct or combined revascularization and subtécnicas.",Technique groups or pooled single-arm outcomes.,TRUE,TRUE,,TRUE,FALSE,FALSE,TRUE,Clinical events/safety,Pediatric mixed MMD/MMS,Indirect technique subtypes,Mortality,Not reported/not analytic,Hemisphere,Proportion,FALSE,FALSE,NOT_REQUIRED,,,,,,"Indirect, direct or combined revascularization and subtécnicas.",Technique groups or pooled single-arm outcomes.,,,,,,,,,,,,Direction not prespecified,Not orientable,NR,NR,FALSE
E0295,R063,MOY-0075,Tier 1 — Core formal synthesis,Hemorrhagic phenotype,Ischemic/stroke events,Efficacy of Surgical Treatment on the Recurrent Stroke Prevention for Adult Patients With Hemorrhagic Moyamoya Disease,"Symptomatic or hemorrhagic-onset MMD, predominantly adults/East Asian cohorts.",Revascularization.,Conservative/medical management.,Recurrent stroke after surgery versus conservative management,late/follow-up,patient,3 studies; 146 patients,RR,0.43,0.24–0.76,0.004,NR,As reported; verify event coding in source statement,[MESCLADO 4 p. 22],"Cannot generalize the magnitude to ischemic-onset, pediatric or non-East Asian populations. Perioperative risk versus late recurrent-event reduction.",Critically low,High,Core clinical-surgical evidence table,Source-verified during final effect audit,"Do not pool across age, MMD/MMS, presentation, early/late horizon or patient/hemisphere/procedure units unless explicitly harmonized.",MOY-0075,Tier 1 — Core formal synthesis,Efficacy of Surgical Treatment on the Recurrent Stroke Prevention for Adult Patients With Hemorrhagic Moyamoya Disease,Yes,Critically low,High,0.43,0.24,0.76,TRUE,TRUE,FALSE,TRUE,ADULT_HEM,C06,O16,T3,U01,EM_RR,COMPARATIVE,1,canonical,-1,ADULT_HEM|C06|O16|T3|U01,ADULT_HEM|C06|O16|T3|U01|EM_RR,High,FALSE,FALSE,review_profile,review_profile,keyword,long_term,exact,exact,,0.24,0.76,TRUE,FALSE,TRUE,-0.843970070294529,-0.843970070294529,0.843970070294529,TRUE,TRUE,TRUE,ADULT_HEM|C06|O16|T3|U01,ADULT_HEM|C06|O16|T3|U01|EM_RR,Verified — manuscript-ready quantitative result,Audit-added from full text,Actual meta-analytic result after rejecting methods fragments.,Audit-added result from source verification,"Unauthorized reproduction of this article is prohibited. population studied; study design; numbers of patients; concerned outcome including any stroke (hemorrhagic or ischemic) event occur- ring during follow-up periods; risk ratio (RR) and 95% confidence interval (CI); patient definition for hemorrhagic MMD; definition of surgery treatment exposure; control for confounding factors by match- ingoradjustments,ifapplicable;anddifferencesindataextractionwere resolved by consensus, referring back to the original article.",No,Source-verified during final effect audit,Yes,Source-verified during final effect audit,Audit-added result from source verification,Yes,"Unauthorized reproduction of this article is prohibited. population studied; study design; numbers of patients; concerned outcome including any stroke (hemorrhagic or ischemic) event occur- ring during follow-up periods; risk ratio (RR) and 95% confidence interval (CI); patient definition for hemorrhagic MMD; definition of surgery treatment exposure; control for confounding factors by match- ingoradjustments,ifapplicable;anddifferencesindataextractionwere resolved by consensus, referring back to the original article.",Verified — manuscript-ready quantitative result,Actual meta-analytic result after rejecting methods fragments.,3 studies; 146 patients,[MESCLADO 4 p. 22],"Cannot generalize the magnitude to ischemic-onset, pediatric or non-East Asian populations. Perioperative risk versus late recurrent-event reduction.",retain,,Revascularization.,Conservative/medical management.,TRUE,TRUE,Reclassified as any/recurrent stroke or composite cerebrovascular event rather than ischemic or hemorrhagic stroke alone.,TRUE,TRUE,TRUE,TRUE,Clinical events/safety,Adult hemorrhagic,Hemorrhagic MMD: revascularization comparison,Any/recurrent stroke,Late/long-term,Patient,RR,FALSE,FALSE,NOT_REQUIRED,,,0.43,0.24,0.76,Revascularization.,Conservative/medical management.,0.43,0.24,0.76,-0.843970070294529,-1.4271163556401458,-0.2744368457017603,0.843970070294529,1.4271163556401458,0.2744368457017603,0.2744368457017603,1.4271163556401458,Precise benefit,CI excludes null,RR 0.43 (0.24 to 0.76),RR 0.43 (0.24 to 0.76),FALSE
E0296,R067,MOY-0151,Tier 1 — Core formal synthesis,Perioperative safety/risk,Prognostic factors,Risk factors for perioperative cerebral infarction in moyamoya disease: a meta-analysis,MMD patients undergoing revascularization; age-stratified in some reviews.,"Direct, indirect or combined revascularization.",Risk-factor strata and/or bypass types.,Posterior cerebral artery involvement as predictor of postoperative stroke,early/perioperative,NR,"Studies: 10 retrospective cohorts; patients: 3,239",OR,2.62,1.36–5.06,0.002,0%,Higher perioperative ischemic stroke risk; source meta-analysis reports OR 2.62 (95% CI 1.36–5.06).,[MESCLADO 4 p. 50],Cannot causally attribute postoperative stroke to technique from unadjusted observational pooling. More aggressive/complex revascularization may improve late protection but increase early vulnerability.,Critically low,Unclear,Core clinical-surgical evidence table,Source-verified during final effect audit,"Do not pool across age, MMD/MMS, presentation, early/late horizon or patient/hemisphere/procedure units unless explicitly harmonized.",MOY-0151,Tier 1 — Core formal synthesis,Risk factors for perioperative cerebral infarction in moyamoya disease: a meta-analysis,Yes,Critically low,Unclear,2.62,1.36,5.06,TRUE,TRUE,FALSE,TRUE,MIXED_UNSEP,C00,O01,T1,U07,EM_OR,PROGNOSTIC,0,not_orientable,-1,MIXED_UNSEP|C00|O01|T1|U07,MIXED_UNSEP|C00|O01|T1|U07|EM_OR,Moderate,TRUE,FALSE,review_profile,no_authorized_comparison,risk_review_target,early,mixed_or_unclear,exact,C00 and O99 are operational noninferential codes and do not create new SAP comparisons/outcomes.,1.36,5.06,TRUE,FALSE,TRUE,0.9631743177730056,,,FALSE,TRUE,FALSE,MIXED_UNSEP|C00|O01|T1|U07,MIXED_UNSEP|C00|O01|T1|U07|EM_OR,Verified — manuscript-ready quantitative result,Audit-added from full text,Prognostic factor; not a demonstrated treatment-effect modifier.,Audit-added result from source verification,"Meta-analysis results Age A total of seven studies mentioned age, in which heterogeneity was tested (I2 = 76.9%, p = 0.001) and therefore analyzed using a random-effects model, and the results of the analysis (Figure 2) suggested that age was not a risk factor for the development of cerebral infarction perioperative moyamoya disease [OR = 0.99, 95% CI (0.95, 1.03), p = 0.14].",No,Source-verified during final effect audit,Yes,Source-verified during final effect audit,Audit-added result from source verification,Yes,"Meta-analysis results Age A total of seven studies mentioned age, in which heterogeneity was tested (I2 = 76.9%, p = 0.001) and therefore analyzed using a random-effects model, and the results of the analysis (Figure 2) suggested that age was not a risk factor for the development of cerebral infarction perioperative moyamoya disease [OR = 0.99, 95% CI (0.95, 1.03), p = 0.14].",Verified — manuscript-ready quantitative result,Prognostic factor; not a demonstrated treatment-effect modifier.,"Studies: 10 retrospective cohorts; patients: 3,239",[MESCLADO 4 p. 50],Cannot causally attribute postoperative stroke to technique from unadjusted observational pooling. More aggressive/complex revascularization may improve late protection but increase early vulnerability.,retain,,"Direct, indirect or combined revascularization.",Risk-factor strata and/or bypass types.,TRUE,TRUE,,TRUE,FALSE,FALSE,TRUE,Clinical events/safety,Mixed/unseparated,No formal comparison,Early ischemic stroke,Early/perioperative,Mixed/unclear,OR,TRUE,FALSE,NOT_REQUIRED_AFTER_INITIAL_HARMONIZATION,,,2.62,1.36,5.06,"Direct, indirect or combined revascularization.",Risk-factor strata and/or bypass types.,2.62,1.36,5.06,0.9631743177730056,0.3074846997479607,1.6213664832993742,-0.9631743177730056,-0.3074846997479607,-1.6213664832993742,-1.6213664832993742,-0.3074846997479607,Precise harm,CI excludes null,OR 2.62 (1.36 to 5.06),OR 2.62 (1.36 to 5.06),FALSE
E0297,R072,MOY-0038,Tier 1 — Core formal synthesis,Perioperative safety/risk,Other,Cerebral Hyperperfusion Syndrome After Revascularization Surgery in Patients with Moyamoya Disease: Systematic Review and Meta-Analysis,MMD patients after direct/combined revascularization; some prevention reviews include other bypass indications.,Bypass type and preventive pharmacologic/hemodynamic strategies.,"Age, bypass type, blood-pressure control and adjunctive regimens.",Clinical manifestations among CHS cases,early/perioperative,procedure/bypass,"Studies: 27 cohorts; patients: 2,225",distribution,Transient neurologic deficit 70.2%; hemorrhage 15.0%; seizure 5.3%,NR,NR,NR,"Subgroups: pediatric 3.8%, adult 19.9%, direct 15.4%, combined 15.2%; clinical progression 39.5%.",[MESCLADO 4 p. 79],Cannot infer causal superiority of a preventive regimen from between-study pooled proportions. Avoiding hyperperfusion/hemorrhage without provoking hypoperfusion/ischemia.,Critically low,High,Evidence map only,Source-verified during final effect audit,"Do not pool across age, MMD/MMS, presentation, early/late horizon or patient/hemisphere/procedure units unless explicitly harmonized.",MOY-0038,Tier 1 — Core formal synthesis,Cerebral Hyperperfusion Syndrome After Revascularization Surgery in Patients with Moyamoya Disease: Systematic Review and Meta-Analysis,Yes,Critically low,High,,,,FALSE,FALSE,FALSE,,MIXED_UNSEP,C00,O08,T1,U07,EM_DESCRIPTIVE,DESCRIPTIVE,0,not_orientable,-1,MIXED_UNSEP|C00|O08|T1|U07,MIXED_UNSEP|C00|O08|T1|U07|EM_DESCRIPTIVE,Low,TRUE,FALSE,review_profile,review_profile,keyword,early,mixed_or_unclear,descriptive,C00 and O99 are operational noninferential codes and do not create new SAP comparisons/outcomes.,,,FALSE,FALSE,FALSE,,,,FALSE,TRUE,FALSE,MIXED_UNSEP|C00|O08|T1|U07,MIXED_UNSEP|C00|O08|T1|U07|EM_DESCRIPTIVE,Verified — evidence-map descriptive statistic,Audit-added from full text,Descriptive symptom distribution among CHS cases.,Audit-added result from source verification,"The use of indirect bypass of vascularized donor tissues such as encephaloduroarter- iomyosynangiosis is also considered a valid treatment for MMD.9 Cerebral hyperperfusion syndrome (CHS), characterized by a series of neurologic deﬁcits induced by post- operative high cerebral blood ﬂow (CBF) perfusion, is one of the most serious complications of revascularization surgery for MMD, especially in adult patients.10,11 It occurs in up to 50% of patients with MMD after direct bypass surgery,12 and its clinical symptoms may vary from minor discomforts (e.g., headache, aphasia, hemiparesis, paresis, facial palsy, and limb weakness) to major signs - BACKGROUND: Cerebral hyperperfusion syndrome (CHS) after bypass sur- gery is known as a complication of moyamoya disease (MMD).",No,Source-verified during final effect audit,Yes — descriptive only,Source-verified during final effect audit,Audit-added result from source verification,Yes — descriptive only,"The use of indirect bypass of vascularized donor tissues such as encephaloduroarter- iomyosynangiosis is also considered a valid treatment for MMD.9 Cerebral hyperperfusion syndrome (CHS), characterized by a series of neurologic deﬁcits induced by post- operative high cerebral blood ﬂow (CBF) perfusion, is one of the most serious complications of revascularization surgery for MMD, especially in adult patients.10,11 It occurs in up to 50% of patients with MMD after direct bypass surgery,12 and its clinical symptoms may vary from minor discomforts (e.g., headache, aphasia, hemiparesis, paresis, facial palsy, and limb weakness) to major signs - BACKGROUND: Cerebral hyperperfusion syndrome (CHS) after bypass sur- gery is known as a complication of moyamoya disease (MMD).",Verified — evidence-map descriptive statistic,Descriptive symptom distribution among CHS cases.,"Studies: 27 cohorts; patients: 2,225",[MESCLADO 4 p. 79],Cannot infer causal superiority of a preventive regimen from between-study pooled proportions. Avoiding hyperperfusion/hemorrhage without provoking hypoperfusion/ischemia.,retain,,Bypass type and preventive pharmacologic/hemodynamic strategies.,"Age, bypass type, blood-pressure control and adjunctive regimens.",TRUE,TRUE,,TRUE,FALSE,FALSE,TRUE,Clinical events/safety,Mixed/unseparated,No formal comparison,Hyperperfusion syndrome,Early/perioperative,Mixed/unclear,Descriptive,TRUE,FALSE,NOT_REQUIRED_AFTER_INITIAL_HARMONIZATION,,,,,,Bypass type and preventive pharmacologic/hemodynamic strategies.,"Age, bypass type, blood-pressure control and adjunctive regimens.",,,,,,,,,,,,Direction not prespecified,Not orientable,NR,NR,FALSE
